timestamp,city,lat,lon,data_source,co,no,no2,o3,so2,pm2_5,pm10,nh3,aqi_openweather,temperature,humidity,wind_speed,wind_deg,pressure,visibility,weather_main,hour,day_of_week,day_of_month,month,is_weekend,is_rush_hour,season,aqi_change_rate,pm25_change_rate,pm25_rolling_3h,pm25_rolling_6h,pm25_rolling_24h,aqi_rolling_3h,pollution_index,aqi_next_24h
2026-03-05T23:00:00+00:00,Karachi,24.8607,67.0011,openweathermap_historical,66.66829186832965,0.01,0.020104688045825908,43.8,0.39,53.04712955321924,79.57069432982887,0.5,3,25.093407018043614,58.32725053635399,7.334403464573817,208.7595005060701,1001,10000,Clouds,23,3,5,3,0,0,1,0.0,0.0,53.04712955321924,53.04712955321924,53.04712955321924,3.0,45.900990687253476,3.0
2026-03-06T00:00:00+00:00,Karachi,24.8607,67.0011,openweathermap_historical,81.09804187976461,0.01,0.012708945294692405,43.8,0.39,66.23556057079264,99.35334085618896,0.5,4,25.157977690599637,76.21882526823849,6.462839898638272,237.64448374634418,1001,10000,Clouds,0,4,6,3,0,0,1,0.0,0.0,59.64134506200594,59.64134506200594,59.64134506200594,3.5,55.132892399554855,3.0
2026-03-06T01:00:00+00:00,Karachi,24.8607,67.0011,openweathermap_historical,75.60142057945458,0.01,0.0321386627242522,43.8,0.39,59.678253967967805,89.51738095195171,0.5,4,27.672445115529896,79.21795282441816,9.437301199023425,209.88772986608197,1001,10000,Clouds,1,4,6,3,0,0,1,0.0,0.0,59.653648030659895,59.653648030659895,59.653648030659895,3.6666666666666665,50.54277777757747,3.0
2026-03-06T02:00:00+00:00,Karachi,24.8607,67.0011,openweathermap_historical,73.02116195810825,0.01,0.021892479684979215,43.8,0.39,57.803154059196494,86.70473108879474,0.5,4,31.18798647575111,71.33990287974977,6.147963826384532,222.800140651945,1001,10000,Clouds,2,4,6,3,0,0,1,0.0,0.0,61.23898953265231,59.19102453779404,59.19102453779404,4.0,49.23020784143755,4.0
2026-03-06T03:00:00+00:00,Karachi,24.8607,67.0011,openweathermap_historical,65.49665402864673,0.01,0.017442399124070803,43.8,0.39,65.08712675083608,97.63069012625411,0.5,3,24.049402088825758,57.471059185901076,7.359438301454232,242.82686382828436,1001,10000,Clouds,3,4,6,3,0,0,1,0.0,0.0,60.85617825933346,60.37024498040246,60.37024498040246,3.6666666666666665,54.328988725585255,3.0
2026-03-06T04:00:00+00:00,Karachi,24.8607,67.0011,openweathermap_historical,80.62186367538158,0.01,0.03158367695807454,43.8,0.39,61.19498809706605,91.79248214559908,0.5,3,36.187597383162405,61.256261206063584,4.029843403995372,190.7314082883993,1001,10000,Clouds,4,4,6,3,0,0,1,0.0,0.0,61.36175630236621,60.50770216651305,60.50770216651305,3.3333333333333335,51.60449166794624,3.0
2026-03-06T05:00:00+00:00,Karachi,24.8607,67.0011,openweathermap_historical,75.22926841823475,0.01,0.009116788822925537,43.8,0.39,54.31072507161046,81.46608760741569,0.5,4,24.088991202332807,66.23777011260448,7.558691024425208,236.43342777362065,1001,10000,Clouds,5,4,6,3,0,0,1,0.0,0.0,60.1976133065042,60.71830141957826,59.62241972438411,3.3333333333333335,46.78550755012733,3.0
2026-03-06T06:00:00+00:00,Karachi,24.8607,67.0011,openweathermap_historical,80.00174873934209,0.01,0.05687020213655847,43.8,0.39,56.47787265572532,84.71680898358798,0.5,3,30.25541529649039,61.06330582955929,6.315130429267033,205.5167621996588,1001,10000,Clouds,6,4,6,3,0,0,1,0.0,0.0,57.32786194146728,59.09202010040037,59.22935134080176,3.3333333333333335,48.302510859007725,4.0
2026-03-06T07:00:00+00:00,Karachi,24.8607,67.0011,openweathermap_historical,72.64693074514076,0.01,0.06761383398592394,43.8,0.39,58.729213740764735,88.0938206111471,0.5,4,31.64309357199846,64.71360168928271,5.244011237877034,221.33085554376518,1001,10000,Clouds,7,4,6,3,0,1,1,0.0,0.0,56.505937156033504,58.933846729199864,59.1737804963532,3.6666666666666665,49.87844961853531,4.0
2026-03-06T08:00:00+00:00,Karachi,24.8607,67.0011,openweathermap_historical,92.79653229373783,0.01,0.03370887022697252,43.8,0.39,50.80317474878704,76.20476212318056,0.5,4,18.56608052932974,56.38039274383907,5.984742649584936,237.64035339611348,1001,10000,Clouds,8,4,6,3,0,1,1,0.0,0.0,55.336753715092364,57.767183510798276,58.33671992159659,3.6666666666666665,44.33022232415093,4.0
2026-03-06T09:00:00+00:00,Karachi,24.8607,67.0011,openweathermap_historical,69.07697126530795,0.01,0.03689705073875897,43.8,0.39,71.27758576057921,106.91637864086883,0.5,3,19.990276270884028,51.89860118195,3.5699014783328473,240.222891707978,1001,10000,Clouds,9,4,6,3,0,1,1,0.0,0.0,60.269991416710326,58.7989266790888,59.51316227059501,3.6666666666666665,58.66231003240546,3.0
2026-03-06T10:00:00+00:00,Karachi,24.8607,67.0011,openweathermap_historical,81.06348554245434,0.01,0.049878209134316134,43.8,0.39,106.42322430126009,159.63483645189012,0.5,3,20.189123258709003,61.96364483026466,8.66517079487625,215.33320364127664,1001,10000,Clouds,10,4,6,3,0,0,1,0.0,0.0,76.16799493687544,66.33696604645448,63.42233410648377,3.3333333333333335,83.26425701088206,3.0
2026-03-06T11:00:00+00:00,Karachi,24.8607,67.0011,openweathermap_historical,71.84625952367975,0.01,0.007200947492215962,43.8,0.39,64.8329241110188,97.2493861665282,0.5,3,30.501750634522544,66.46753960700441,8.530969256159814,265.0551368412074,1001,10000,Clouds,11,4,6,3,0,0,1,0.0,0.0,80.84457805761936,68.09066588635586,63.53084102990954,3.0,54.15104687771316,2.0
2026-03-06T12:00:00+00:00,Karachi,24.8607,67.0011,openweathermap_historical,81.54679886993294,0.01,0.03243571657388071,43.8,0.39,56.90513770904157,85.35770656356235,0.5,3,23.94644486152025,66.89845349437758,8.801705442329816,197.79047469706916,1001,10000,Clouds,12,4,6,3,0,0,1,0.0,0.0,76.05376204044016,68.16187672857524,63.0575765069904,3.0,48.6015963963291,3.0
2026-03-06T13:00:00+00:00,Karachi,24.8607,67.0011,openweathermap_historical,63.04284852251798,0.01,0.042692297961604356,43.8,0.39,62.570870170960504,93.85630525644075,0.5,3,26.807184630749436,67.34098272119897,3.2003203267123816,233.63804492392026,1001,10000,Clouds,13,4,6,3,0,0,1,0.0,0.0,61.43631066367362,68.80215280027453,63.02512941792174,3.0,52.567609119672355,2.0
2026-03-06T14:00:00+00:00,Karachi,24.8607,67.0011,openweathermap_historical,66.53194567348228,0.01,0.007062881750290295,43.8,0.39,82.17911209931152,123.2686681489673,0.5,3,26.90626849414036,75.94256458276134,3.705304005579472,207.09027578079142,1001,10000,Clouds,14,4,6,3,0,0,1,0.0,0.0,67.21837332643787,74.03147569202862,64.2222533355086,3.0,66.29337846951807,2.0
2026-03-06T15:00:00+00:00,Karachi,24.8607,67.0011,openweathermap_historical,84.5400802470558,0.01,0.06469393961901995,43.8,0.39,56.17712042109307,84.26568063163961,0.5,3,29.436438108107843,70.60206782916039,6.108906226221148,256.7728718864415,1001,10000,Clouds,15,4,6,3,0,0,1,0.0,0.0,66.9757008971217,71.51473146878092,63.749010222895926,3.0,48.091984294765155,3.0
2026-03-06T16:00:00+00:00,Karachi,24.8607,67.0011,openweathermap_historical,87.67799679554841,0.01,0.021330137059544504,43.8,0.39,44.24710505632132,66.37065758448198,0.5,2,22.96535644555929,63.85334529679342,9.888691896180115,217.24729763503242,1001,10000,Clouds,16,4,6,3,0,0,1,0.0,0.0,60.867779192241976,61.152044927957796,62.66557104697511,2.6666666666666665,39.74097353942492,4.0
2026-03-06T17:00:00+00:00,Karachi,24.8607,67.0011,openweathermap_historical,74.0133699210818,0.01,0.029902561599419616,43.8,0.39,73.15070403331258,109.72605604996886,0.5,4,19.237229382893247,59.795507478700394,6.522342646163219,282.54866361233445,1001,10000,Clouds,17,4,6,3,0,1,1,0.0,0.0,57.858309836908994,62.53834158167343,63.21742015151918,3.0,59.97349282331881,4.0
2026-03-06T18:00:00+00:00,Karachi,24.8607,67.0011,openweathermap_historical,84.14763986446843,0.01,0.049351257045611274,43.8,0.39,78.39161391147665,117.58742086721497,0.5,3,18.18700547738253,66.02273600767032,5.161600444988019,260.18631246046283,1001,10000,Clouds,18,4,6,3,0,1,1,0.0,0.0,65.26314100037018,66.11942094874594,63.97612983951706,3.0,63.64212973803366,2.0
2026-03-06T19:00:00+00:00,Karachi,24.8607,67.0011,openweathermap_historical,76.72348194766573,0.01,0.04092905816658712,43.8,0.39,77.93795534650626,116.90693301975938,0.5,3,28.39550881084217,56.0725571918559,7.380250412031998,248.1605160305054,1001,10000,Clouds,19,4,6,3,0,1,1,0.0,0.0,76.49342443043183,68.6806018113369,64.64097867318321,3.3333333333333335,63.32456874255438,3.0
2026-03-06T20:00:00+00:00,Karachi,24.8607,67.0011,openweathermap_historical,67.2601326101934,0.01,0.03617316790404422,43.8,0.39,62.65863737467258,93.98795606200886,0.5,4,25.35924014643078,61.81413949636543,5.943835292571347,236.33706973256773,1001,10000,Clouds,20,4,6,3,0,1,1,0.0,0.0,72.99606887755182,65.4271893572304,64.55087225052364,3.3333333333333335,52.62904616227081,3.0
2026-03-06T21:00:00+00:00,Karachi,24.8607,67.0011,openweathermap_historical,84.4164111424793,0.01,0.07829183493007115,43.8,0.39,59.189431105989286,88.78414665898393,0.5,4,25.880697939625325,56.243317019910414,7.527875551284535,235.18470678219867,1001,10000,Clouds,21,4,6,3,0,0,1,0.0,0.0,66.5953412757227,65.92924113804644,64.31776611380475,3.6666666666666665,50.200601774192506,3.0
2026-03-06T22:00:00+00:00,Karachi,24.8607,67.0011,openweathermap_historical,62.67439815979317,0.01,0.07919140871449831,43.8,0.39,28.60421776684836,42.90632665027254,0.5,2,28.871856343319724,48.64667942879339,5.969099596308355,229.1638659006024,1001,10000,Clouds,22,4,6,3,0,0,1,0.0,0.0,50.150762082503405,63.32209325646762,62.82970159934823,3.3333333333333335,28.79095243679385,3.0
2026-03-06T23:00:00+00:00,Karachi,24.8607,67.0011,openweathermap_historical,67.75696534247047,0.01,0.026652090793142708,43.8,0.39,84.04415467246235,126.06623200869353,0.5,3,27.039988547498844,58.88511091716197,7.762745986010483,182.9803489843173,1001,10000,Clouds,23,4,6,3,0,0,1,0.0,0.0,57.279267848433335,65.13766836299259,64.12124431265003,3.0,67.59890827072365,4.0
2026-03-07T00:00:00+00:00,Karachi,24.8607,67.0011,openweathermap_historical,54.596308463130086,0.01,8.232986937267706e-05,43.8,0.39,76.74579123596963,115.11868685395444,0.5,3,30.82768646015915,68.28476331310847,8.424642087626186,257.711736223619,1001,10000,Clouds,0,5,7,3,1,0,1,0.0,0.0,63.13138789176011,64.86336458374142,64.55917059036574,2.6666666666666665,62.490053865178744,3.0
2026-03-07T01:00:00+00:00,Karachi,24.8607,67.0011,openweathermap_historical,67.03552883547715,0.01,0.005269786424328682,43.8,0.39,59.21725779215258,88.82588668822888,0.5,3,29.069962387091216,78.10101714386221,6.193672554685214,252.31337920734663,1001,10000,Clouds,1,5,7,3,1,0,1,0.0,0.0,73.33573456686152,61.74324832468247,64.53996241637344,3.0,50.220080454506814,4.0
2026-03-07T02:00:00+00:00,Karachi,24.8607,67.0011,openweathermap_historical,63.70031856835447,0.01,0.07499156413441996,43.8,0.39,53.653601291334304,80.48040193700146,0.5,4,21.092392357416866,83.97163778506777,6.828087275428093,239.96233292356106,1001,10000,Clouds,2,5,7,3,1,0,1,0.0,0.0,63.205550106485504,60.24240897745943,64.36706438437919,3.3333333333333335,46.32552090393402,3.0
2026-03-07T03:00:00+00:00,Karachi,24.8607,67.0011,openweathermap_historical,75.52515879086711,0.01,0.013230105016488757,43.8,0.39,52.28134475370277,78.42201713055415,0.5,3,24.141505594190747,72.70853877509322,7.456867388491936,227.6050546376426,1001,10000,Clouds,3,5,7,3,1,0,1,0.0,0.0,55.050734612396546,59.09106125207833,63.833490134498625,3.3333333333333335,45.36494132759194,4.0
2026-03-07T04:00:00+00:00,Karachi,24.8607,67.0011,openweathermap_historical,69.1337310570348,0.01,0.030579033314887004,43.8,0.39,34.32483180921362,51.48724771382043,0.5,3,26.685321168252678,68.1768699903921,8.486180499755708,250.42641008402632,1001,10000,Clouds,4,5,7,3,1,0,1,0.0,0.0,46.75325928475022,60.04449692580588,62.71390028917144,3.3333333333333335,32.795382266449536,3.0
2026-03-07T05:00:00+00:00,Karachi,24.8607,67.0011,openweathermap_historical,83.0450062368943,0.01,0.06244829933326798,43.8,0.39,55.82888000625896,83.74332000938844,0.5,3,31.123744780491826,56.43146083371064,5.420156774623089,265.58712674785187,1001,10000,Clouds,5,5,7,3,1,0,1,0.0,0.0,47.478352189725115,55.341951148105316,62.77715674478179,3.0,47.84821600438127,4.0
2026-03-07T06:00:00+00:00,Karachi,24.8607,67.0011,openweathermap_historical,63.862977062174465,0.01,0.03496165486153839,43.8,0.39,44.92753167757614,67.3912975163642,0.5,4,33.49053424813353,83.9750782781766,6.4701826536781635,222.85457549040825,1001,10000,Clouds,6,5,7,3,1,0,1,0.0,0.0,45.02708116434957,50.03890788837307,62.29589253735892,3.3333333333333335,40.2172721743033,3.0
2026-03-07T07:00:00+00:00,Karachi,24.8607,67.0011,openweathermap_historical,84.86730783103583,0.01,0.06256188461978811,43.8,0.39,92.186791155679,138.28018673351852,0.5,4,19.341081101206584,87.97143073671046,3.8892645597930073,228.85312599888903,1001,10000,Clouds,7,5,7,3,1,1,1,0.0,0.0,64.31440094650469,55.53383011562747,63.68995826298035,3.6666666666666665,73.2987538089753,4.0
2026-03-07T08:00:00+00:00,Karachi,24.8607,67.0011,openweathermap_historical,79.70714933615264,0.01,0.05104701381733773,43.8,0.39,75.97423723032908,113.96135584549361,0.5,4,26.59893556647725,65.04813943079199,9.608605549763848,226.83052969741368,1001,10000,Clouds,8,5,7,3,1,1,1,0.0,0.0,71.02952002119474,59.25393610545993,64.73875253304459,4.0,61.949966061230356,4.0
2026-03-07T09:00:00+00:00,Karachi,24.8607,67.0011,openweathermap_historical,67.52111355879852,0.01,0.03252225939137407,43.8,0.39,53.431950118466794,80.14792517770019,0.5,3,19.345625703863778,58.21754774971144,6.652517449804311,213.15244093832405,1001,10000,Clouds,9,5,7,3,1,1,1,0.0,0.0,73.86432616815829,59.445703666253934,63.99518438128991,3.6666666666666665,46.17036508292676,3.0
2026-03-07T10:00:00+00:00,Karachi,24.8607,67.0011,openweathermap_historical,75.78526685985905,0.01,0.04200514264339031,43.8,0.39,64.34968398961557,96.52452598442335,0.5,3,32.201386695203404,45.460898276231624,4.602137742752344,228.63336438741555,1001,10000,Clouds,10,5,7,3,1,0,1,0.0,0.0,64.58529044613714,64.44984569632092,62.24212020163805,3.3333333333333335,53.8127787927309,4.0
2026-03-07T11:00:00+00:00,Karachi,24.8607,67.0011,openweathermap_historical,72.84604828850155,0.01,0.040231513087556105,43.8,0.39,58.63437526353573,87.9515628953036,0.5,2,20.693286480362367,70.58123434134153,2.8023771019374157,249.59517487743756,1001,10000,Clouds,11,5,7,3,1,0,1,0.0,0.0,58.80533645720603,64.91742823920039,61.98384733299293,2.6666666666666665,49.81206268447501,3.0
2026-03-07T12:00:00+00:00,Karachi,24.8607,67.0011,openweathermap_historical,79.61399819540593,0.01,0.06035205788840503,43.8,0.39,40.137708625676325,60.20656293851449,0.5,3,22.139681587338906,55.04998578445776,6.34839868423928,248.58376043622158,1001,10000,Clouds,12,5,7,3,1,0,1,0.0,0.0,54.37392262627586,64.11912439721708,61.28520445451937,2.6666666666666665,36.86439603797343,3.0
2026-03-07T13:00:00+00:00,Karachi,24.8607,67.0011,openweathermap_historical,63.71696948897006,0.01,0.053971211401481325,43.8,0.39,50.496096540860115,75.74414481129017,0.5,2,28.008420663176565,75.33924576871009,6.80030439961802,252.0969993092116,1001,10000,Clouds,13,5,7,3,1,0,1,0.0,0.0,49.75606014335739,57.17067529474727,60.78208888659853,2.3333333333333335,44.11526757860209,3.0
2026-03-07T14:00:00+00:00,Karachi,24.8607,67.0011,openweathermap_historical,90.42267909320455,0.01,0.0683681233177966,43.8,0.39,54.05427338437306,81.08141007655959,0.5,2,28.518854191638404,59.267048661260866,6.365619277185346,232.88742929165107,1001,10000,Clouds,14,5,7,3,1,0,1,0.0,0.0,48.22935951696983,53.51734798708793,59.61022060680943,2.3333333333333335,46.605991369061144,3.0
2026-03-07T15:00:00+00:00,Karachi,24.8607,67.0011,openweathermap_historical,74.79322237534382,0.01,0.022824576884528817,43.8,0.39,82.65536295954544,123.98304443931816,0.5,3,27.7287483610852,58.92529280913765,10.249056984180097,213.6094052463595,1001,10000,Clouds,15,5,7,3,1,0,1,0.0,0.0,62.401910961592876,58.38791679393438,60.71348071257827,2.3333333333333335,66.62675407168182,3.0
2026-03-07T16:00:00+00:00,Karachi,24.8607,67.0011,openweathermap_historical,76.60303901739766,0.01,0.07423651717636723,43.8,0.39,46.54338595317653,69.8150789297648,0.5,4,21.898893021806984,73.40122157732421,6.170524450075247,196.4737878537293,1001,10000,Clouds,16,5,7,3,1,0,1,0.0,0.0,61.084340765698336,55.420200454527865,60.80915908328057,3.0,41.34837016722357,3.0
2026-03-07T17:00:00+00:00,Karachi,24.8607,67.0011,openweathermap_historical,92.89837702077784,0.01,0.006139342782596133,43.8,0.39,84.90821496183078,127.36232244274618,0.5,4,19.92154760125097,59.00418434262946,6.754064764616289,199.1796529350532,1001,10000,Clouds,17,5,7,3,1,1,1,0.0,0.0,71.36898795818425,59.79917373757704,61.29905537196884,3.6666666666666665,68.20375047328156,3.0
2026-03-07T18:00:00+00:00,Karachi,24.8607,67.0011,openweathermap_historical,76.66138302034697,0.01,0.07824398890814985,43.8,0.39,67.31050431972568,100.96575647958852,0.5,2,30.761366337797,67.57934426955437,8.238161234084268,249.91663156575663,1001,10000,Clouds,18,5,7,3,1,1,1,0.0,0.0,66.25403507824433,64.3279730199186,60.83734247231254,3.3333333333333335,55.88535302380798,3.0
2026-03-07T19:00:00+00:00,Karachi,24.8607,67.0011,openweathermap_historical,61.71520889544367,0.01,0.05657878900710767,43.8,0.39,70.21665403917179,105.32498105875769,0.5,3,13.373662596060463,54.77757071830045,8.937114393480732,248.05835547206095,1001,10000,Clouds,19,5,7,3,1,1,1,0.0,0.0,74.14512444024274,67.61473260297055,60.51562158450694,3.0,57.91965782742025,3.0
2026-03-07T20:00:00+00:00,Karachi,24.8607,67.0011,openweathermap_historical,86.15440857838412,0.01,-0.010929604908048986,43.8,0.39,65.43929066284043,98.15893599426064,0.5,3,30.11737276980968,71.31712297426418,6.726516370165298,217.39825205252097,1001,10000,Clouds,20,5,7,3,1,1,1,0.0,0.0,67.65548300724596,69.5122354827151,60.631482138180594,2.6666666666666665,54.575503463988305,4.0
2026-03-07T21:00:00+00:00,Karachi,24.8607,67.0011,openweathermap_historical,73.49157354391575,0.01,0.03828665511644363,43.8,0.39,86.57906693532061,129.86860040298092,0.5,3,29.10160299495286,76.2869015213266,9.160480993294655,269.3170190073125,1001,10000,Clouds,21,5,7,3,1,0,1,0.0,0.0,74.07833721244428,70.1661861453443,61.772716964402726,3.0,69.37334685472443,2.0
2026-03-07T22:00:00+00:00,Karachi,24.8607,67.0011,openweathermap_historical,81.27200166411093,0.01,0.06936269717089469,43.8,0.39,41.78336476205235,62.67504714307853,0.5,3,33.696805604854035,62.38342883639989,5.474026930486156,230.01901915090798,1001,10000,Clouds,22,5,7,3,1,0,1,0.0,0.0,64.60057412007113,69.37284928015694,62.32184808920291,3.0,38.01635533343665,4.0
2026-03-07T23:00:00+00:00,Karachi,24.8607,67.0011,openweathermap_historical,75.947651547298,0.01,0.03454969635371432,43.8,0.39,59.91104959023503,89.86657438535255,0.5,4,23.155397136085334,65.41078405487607,3.33383156105859,247.46827628489677,1001,10000,Clouds,23,5,7,3,1,0,1,0.0,0.0,62.757827095869324,65.20665505155766,61.316302044110095,3.3333333333333335,50.705734713164524,3.0
2026-03-08T00:00:00+00:00,Karachi,24.8607,67.0011,openweathermap_historical,72.0292024537246,0.01,0.07514619254717299,43.8,0.39,60.913906068974605,91.37085910346191,0.5,3,23.18494201885667,63.29069295011442,6.07341057952066,255.72825733104676,1001,10000,Clouds,0,6,8,3,1,0,1,0.0,0.0,54.202773473754,64.14055534309914,60.65664016215197,3.3333333333333335,51.407734248282225,2.0
2026-03-08T01:00:00+00:00,Karachi,24.8607,67.0011,openweathermap_historical,91.39193601280581,0.01,0.04782482761672063,43.8,0.39,40.20686405907314,60.31029608860971,0.5,4,28.395648745336345,56.66447953503435,10.062217538558913,256.929297511738,1001,10000,Clouds,1,6,8,3,1,0,1,0.0,0.0,53.67727323942759,59.13892367974936,59.86454042327366,3.6666666666666665,36.9128048413512,3.0
2026-03-08T02:00:00+00:00,Karachi,24.8607,67.0011,openweathermap_historical,68.37106988334139,0.01,0.012199456299110983,43.8,0.39,52.56574431834584,78.84861647751876,0.5,3,22.533357536884747,68.9290075026517,6.733764779071146,214.84963734255498,1001,10000,Clouds,2,6,8,3,1,0,1,0.0,0.0,51.228838148797855,56.99333262233359,59.81921304939914,3.3333333333333335,45.56402102284209,2.0
2026-03-08T03:00:00+00:00,Karachi,24.8607,67.0011,openweathermap_historical,65.11751770442416,0.01,0.045326733894383464,43.8,0.39,37.188643896519565,55.78296584477935,0.5,4,18.601820097847526,75.3229861995452,7.5742681536752805,203.33765961038142,1001,10000,Clouds,3,6,8,3,1,0,1,0.0,0.0,43.32041742464619,48.76159544920009,59.19035051368317,3.6666666666666665,34.8000507275637,3.0
2026-03-08T04:00:00+00:00,Karachi,24.8607,67.0011,openweathermap_historical,46.69630331784837,0.01,0.04005033230001284,43.8,0.39,52.7111820786885,79.06677311803276,0.5,3,26.2090831868281,68.22300939284166,9.248083709898026,234.6240313116636,1001,10000,Clouds,4,6,8,3,1,0,1,0.0,0.0,47.48852343118463,50.58289833530611,59.95644844157797,3.3333333333333335,45.66582745508195,3.0
2026-03-08T05:00:00+00:00,Karachi,24.8607,67.0011,openweathermap_historical,79.60979574984435,0.01,0.05520869335123953,43.8,0.39,52.42839471252715,78.64259206879072,0.5,4,33.51493233153646,61.511387059977544,7.099253058109195,240.37243702161766,1001,10000,Clouds,5,6,8,3,1,0,1,0.0,0.0,47.44274022924507,49.33578918902146,59.81476155433913,3.6666666666666665,45.467876298769006,2.0
2026-03-08T06:00:00+00:00,Karachi,24.8607,67.0011,openweathermap_historical,72.72297604210223,0.01,0.06882027969898491,43.8,0.39,52.61735779673231,78.92603669509846,0.5,3,20.21952141517678,56.88616761046186,7.1676104808932735,238.25171901146243,1001,10000,Clouds,6,6,8,3,1,0,1,0.0,0.0,52.585644862649325,47.953031143647756,60.135170975970645,3.3333333333333335,45.600150457712616,5.0
2026-03-08T07:00:00+00:00,Karachi,24.8607,67.0011,openweathermap_historical,85.38178331679163,0.01,0.041197597290200484,43.8,0.39,59.42546760383672,89.13820140575508,0.5,4,23.452491328007135,74.03383175024283,9.776103305332294,224.43126746349276,1001,10000,Clouds,7,6,8,3,1,1,1,0.0,0.0,54.823740037698734,51.156131734441686,58.770115827977214,3.6666666666666665,50.3658273226857,4.0
2026-03-08T08:00:00+00:00,Karachi,24.8607,67.0011,openweathermap_historical,60.390076547471764,0.01,0.04165520401455825,43.8,0.39,57.23442416799874,85.85163625199812,0.5,4,25.49378366918254,69.37271509761946,7.223298722126756,210.2081019917752,1001,10000,Clouds,8,6,8,3,1,1,1,0.0,0.0,56.42574985618925,51.93424504271716,57.98929028371345,3.6666666666666665,48.83209691759912,4.0
2026-03-08T09:00:00+00:00,Karachi,24.8607,67.0011,openweathermap_historical,77.37941817524377,0.01,0.054525786557793124,43.8,0.39,90.46560875164393,135.6984131274659,0.5,3,23.532470594718724,69.43907431307858,6.150257505403062,229.1997056475952,1001,10000,Clouds,9,6,8,3,1,1,1,0.0,0.0,69.04183350782647,60.813739185237885,59.53235939342917,3.6666666666666665,72.09392612615076,3.0
2026-03-08T10:00:00+00:00,Karachi,24.8607,67.0011,openweathermap_historical,73.87754856756371,0.01,0.014298496442565863,43.8,0.39,85.64808591699905,128.47212887549858,0.5,4,32.08594010978922,66.06594620700939,7.8027925047439854,237.43902497837695,1001,10000,Clouds,10,6,8,3,1,0,1,0.0,0.0,77.78270627888058,66.30322315828965,60.41979280707014,3.6666666666666665,68.72166014189935,3.0
2026-03-08T11:00:00+00:00,Karachi,24.8607,67.0011,openweathermap_historical,81.72283864800436,0.01,0.022132328453608265,43.8,0.39,50.711720541066434,76.06758081159965,0.5,3,29.624106525868967,62.45139775763646,9.042736865038721,222.2752342755643,1001,10000,Clouds,11,6,8,3,1,0,1,0.0,0.0,75.60847173656981,66.01711079637953,60.08968219363391,3.3333333333333335,44.26620437874651,3.0
2026-03-08T12:00:00+00:00,Karachi,24.8607,67.0011,openweathermap_historical,102.02287294992979,0.01,0.01655313119374216,43.8,0.39,53.41105367624212,80.11658051436318,0.5,3,27.676729557045096,73.28981977695517,9.55816846913223,215.06238715783297,1001,10000,Clouds,12,6,8,3,1,0,1,0.0,0.0,63.25695337810254,66.1493934429645,60.64273823740751,3.3333333333333335,46.15573757336949,3.0
2026-03-08T13:00:00+00:00,Karachi,24.8607,67.0011,openweathermap_historical,88.84203259289036,0.01,0.06624549572204402,43.8,0.39,42.282633182977534,63.4239497744663,0.5,3,21.442634340702185,67.27123843643935,8.61841282625085,209.4652882560318,1001,10000,Clouds,13,6,8,3,1,0,1,0.0,0.0,48.801802466762034,63.292254372821304,60.30051059749572,3.0,38.36584322808427,4.0
2026-03-08T14:00:00+00:00,Karachi,24.8607,67.0011,openweathermap_historical,74.35234627237833,0.01,0.04145792968232801,43.8,0.39,44.803141846931766,67.20471277039765,0.5,3,27.336783883780132,57.38759558453288,10.446196007231048,255.30488244993572,1001,10000,Clouds,14,6,8,3,1,0,1,0.0,0.0,46.83227623538381,61.220373985976806,59.91504678343566,3.0,40.13019929285224,4.0
2026-03-08T15:00:00+00:00,Karachi,24.8607,67.0011,openweathermap_historical,96.98837046562298,0.01,0.03718388323400541,43.8,0.39,54.49858745639273,81.74788118458909,0.5,3,18.64475084857459,87.20954538150502,3.9212794348728854,199.5151614240566,1001,10000,Clouds,15,6,8,3,1,0,1,0.0,0.0,47.194787495434014,55.22587043676827,58.74184780413764,3.0,46.917011219474915,3.0
2026-03-08T16:00:00+00:00,Karachi,24.8607,67.0011,openweathermap_historical,68.86790397942623,0.01,0.07845469773899291,43.8,0.39,82.5067609676068,123.76014145141019,0.5,3,20.404717970929102,62.28355166091654,7.091709420897121,248.4287222240945,1001,10000,Clouds,16,6,8,3,1,0,1,0.0,0.0,60.60283009031043,54.70231627853622,60.24032176307224,3.0,66.52273267732477,2.0
2026-03-08T17:00:00+00:00,Karachi,24.8607,67.0011,openweathermap_historical,74.3675026367856,0.01,0.031214781680808552,43.8,0.39,45.54792162687426,68.3218824403114,0.5,3,35.38411443606338,61.05699514010303,5.582071947109885,252.61403479093457,1001,10000,Clouds,17,6,8,3,1,1,1,0.0,0.0,60.851090016957926,53.841683126170864,58.600309540782376,3.0,40.65154513881198,4.0
2026-03-08T18:00:00+00:00,Karachi,24.8607,67.0011,openweathermap_historical,74.72865214290029,0.01,0.04984524989111946,43.8,0.39,77.90244489923639,116.85366734885457,0.5,3,17.275368046562225,79.14334035273681,6.901596885040026,234.52039019512085,1001,10000,Clouds,18,6,8,3,1,1,1,0.0,0.0,68.65237583123915,57.923581663336584,59.04164039826199,3.0,63.299711429465475,4.0
2026-03-08T19:00:00+00:00,Karachi,24.8607,67.0011,openweathermap_historical,78.7236976303241,0.01,0.0346021932287573,43.8,0.39,73.99703188741081,110.99554783111623,0.5,3,26.06691106563915,59.491771944904286,5.5105695231424345,228.49775864313014,1001,10000,Clouds,19,6,8,3,1,1,1,0.0,0.0,65.81579947117382,63.20931478074212,59.19915614193862,3.0,60.56592232118757,3.0
2026-03-08T20:00:00+00:00,Karachi,24.8607,67.0011,openweathermap_historical,79.22205360139367,0.01,0.036725224944767744,43.8,0.39,83.52187092483904,125.28280638725855,0.5,4,32.52424952165004,71.17027415806187,7.3959864529150465,240.33401751739856,1001,10000,Clouds,20,6,8,3,1,1,1,0.0,0.0,78.47378257049542,69.66243629372667,59.95259698618855,3.3333333333333335,67.23330964738733,3.0
2026-03-08T21:00:00+00:00,Karachi,24.8607,67.0011,openweathermap_historical,57.360017742328424,0.01,0.052146469110619154,43.8,0.39,66.02578776104724,99.03868164157086,0.5,2,30.015159344110586,66.25130630290225,5.762742785336835,216.76766661313079,1001,10000,Clouds,21,6,8,3,1,0,1,0.0,0.0,74.51489685776569,71.58363634450242,59.09621035392718,3.0,54.98605143273308,3.0
2026-03-08T22:00:00+00:00,Karachi,24.8607,67.0011,openweathermap_historical,80.78594444565331,0.01,0.05768371267054019,43.8,0.39,64.60935562047436,96.91403343071154,0.5,4,21.636613652674598,70.4229563047489,5.3381720284514165,216.6257172642482,1001,10000,Clouds,22,6,8,3,1,0,1,0.0,0.0,71.38567143545355,68.60073545331369,60.04729330636141,3.3333333333333335,53.99454893433206,3.0
2026-03-08T23:00:00+00:00,Karachi,24.8607,67.0011,openweathermap_historical,67.43211568768464,0.01,0.03763522924423498,43.8,0.39,64.57494838968317,96.86242258452475,0.5,3,30.819303139875664,70.9266974193534,7.5695696817729,210.34162400092828,1001,10000,Clouds,23,6,8,3,1,0,1,0.0,0.0,65.07003059040159,71.7719065804485,60.24162242300509,3.0,53.970463872778225,3.0
2026-03-09T00:00:00+00:00,Karachi,24.8607,67.0011,openweathermap_historical,72.51154961095935,0.01,0.027393581551566886,43.8,0.39,62.06845603782909,93.10268405674363,0.5,2,25.858071487584194,70.81120543100137,2.317555251960875,217.17773964453778,1001,10000,Clouds,0,0,9,3,0,0,1,0.0,0.0,63.75092001599554,69.13290843688061,60.289728671707365,3.0,52.215919226480366,4.0
2026-03-09T01:00:00+00:00,Karachi,24.8607,67.0011,openweathermap_historical,74.43233361475615,0.01,0.04571669972325688,43.8,0.39,55.449062145282426,83.17359321792364,0.5,3,24.200848751987735,80.43719338390913,9.926834537736,224.85543326743058,1001,10000,Clouds,1,0,9,3,0,0,1,0.0,0.0,60.69748885759822,66.04158014652589,60.92482025863276,2.6666666666666665,47.58234350169771,3.0
2026-03-09T02:00:00+00:00,Karachi,24.8607,67.0011,openweathermap_historical,79.10302622765691,0.01,0.04996296477365198,43.8,0.39,60.07223625294917,90.10835437942376,0.5,2,22.712140032199763,73.93182918630573,6.372080398453778,240.50795078296852,1001,10000,Clouds,2,0,9,3,0,0,1,0.0,0.0,59.19658481202023,62.1333077012109,61.23759075590789,2.3333333333333335,50.81856537706442,3.0
2026-03-09T03:00:00+00:00,Karachi,24.8607,67.0011,openweathermap_historical,79.99536227860374,0.01,0.04223756464625625,43.8,0.39,81.97851579378974,122.96777369068461,0.5,3,20.643034276454067,56.469329835976964,5.344163980923003,232.35910256317214,1001,10000,Clouds,3,0,9,3,0,0,1,0.0,0.0,65.83327139734044,64.792095706668,63.103835418294146,2.6666666666666665,66.15296105565282,2.0
2026-03-09T04:00:00+00:00,Karachi,24.8607,67.0011,openweathermap_historical,62.667610841237845,0.01,0.06345228268169936,43.8,0.39,44.077848969721785,66.11677345458267,0.5,3,32.1946904270245,67.9458748631381,2.6519306330777086,262.08385329991836,1001,10000,Clouds,4,0,9,3,0,0,1,0.0,0.0,62.04286700548689,61.37017793154257,62.744113205420526,2.6666666666666665,39.62249427880525,4.0
2026-03-09T05:00:00+00:00,Karachi,24.8607,67.0011,openweathermap_historical,101.77063474040395,0.01,0.029129316104978348,43.8,0.39,59.89095456006833,89.83643184010249,0.5,2,25.998110353204787,51.93254976174137,6.699391804928395,211.2755194426761,1001,10000,Clouds,5,0,9,3,0,0,1,0.0,0.0,61.98243977452662,60.58951229327343,63.055053199068084,2.6666666666666665,50.69166819204783,3.0
2026-03-09T06:00:00+00:00,Karachi,24.8607,67.0011,openweathermap_historical,77.78718538321164,0.01,0.04015746903722608,43.8,0.39,23.42232060666486,35.13348090999729,0.5,5,25.00433414730622,69.74497916288303,7.043299916165935,232.97431110814944,1001,10000,Clouds,6,0,9,3,0,0,1,0.0,0.0,42.46370804548499,54.148489721412716,61.838593316148604,3.3333333333333335,25.1636244246654,4.0
2026-03-09T07:00:00+00:00,Karachi,24.8607,67.0011,openweathermap_historical,71.09184224432,0.01,0.04211048736601158,43.8,0.39,69.73156512744175,104.59734769116264,0.5,4,28.524999752697816,66.1662762843518,4.608758326588639,208.3042933551726,1001,10000,Clouds,7,0,9,3,0,1,1,0.0,0.0,51.01494676472498,56.52890688510595,62.26801404629881,3.6666666666666665,57.580095589209236,4.0
2026-03-09T08:00:00+00:00,Karachi,24.8607,67.0011,openweathermap_historical,73.94223499179188,0.01,0.06656745010023257,43.8,0.39,58.52418517067825,87.78627775601737,0.5,4,22.62820030454704,65.79117146598192,9.854025519450843,258.87124326444604,1001,10000,Clouds,8,0,9,3,0,1,1,0.0,0.0,50.559356968261625,56.27089837139412,62.32175408807712,4.333333333333333,49.73492961947478,5.0
2026-03-09T09:00:00+00:00,Karachi,24.8607,67.0011,openweathermap_historical,75.90921400916619,0.01,0.03968336565895816,43.8,0.39,53.115457510218974,79.67318626532847,0.5,3,23.401919992709313,76.90198883142362,6.002041035059251,216.26667671989497,1001,10000,Clouds,9,0,9,3,0,1,1,0.0,0.0,60.45706926944632,51.460388657465664,60.765497786351084,3.6666666666666665,45.94882025715329,3.0
2026-03-09T10:00:00+00:00,Karachi,24.8607,67.0011,openweathermap_historical,58.900443768629714,0.01,0.04502940660508102,43.8,0.39,64.68029475320952,97.02044212981428,0.5,3,24.392542881494713,53.90770914592803,5.62810955440801,262.75364203247216,1001,10000,Clouds,10,0,9,3,0,0,1,0.0,0.0,58.773312478035585,54.89412962138028,59.891839821193194,3.3333333333333335,54.04420632724667,3.0
2026-03-09T11:00:00+00:00,Karachi,24.8607,67.0011,openweathermap_historical,72.9463168549952,0.01,0.03257550420963917,43.8,0.39,61.700358454137394,92.5505376812061,0.5,3,27.143642158468783,58.60497608180415,11.124467086629469,254.59440691326148,1001,10000,Clouds,11,0,9,3,0,0,1,0.0,0.0,59.8320369058553,55.19569693705845,60.34969973423782,3.0,51.95825091789618,4.0
2026-03-09T12:00:00+00:00,Karachi,24.8607,67.0011,openweathermap_historical,78.42011920998651,0.01,0.012628335164344695,43.8,0.39,57.403386347827755,86.10507952174163,0.5,3,28.947658724262794,65.12209412762186,6.110029076400823,216.45025189474117,1001,10000,Clouds,12,0,9,3,0,0,1,0.0,0.0,61.261346518391555,60.85920789391895,60.516046928887214,3.0,48.95037044347943,2.0
2026-03-09T13:00:00+00:00,Karachi,24.8607,67.0011,openweathermap_historical,68.94429376082392,0.01,0.013774202973103434,43.8,0.39,77.75134008861933,116.627010132929,0.5,4,16.008367788938372,69.61575377015387,7.261790900048118,223.43907058635534,1001,10000,Clouds,13,0,9,3,0,0,1,0.0,0.0,65.61836163019483,62.1958370541152,61.99390971662229,3.3333333333333335,63.19393806203354,3.0
2026-03-09T14:00:00+00:00,Karachi,24.8607,67.0011,openweathermap_historical,58.62113414970974,0.01,0.03604019246384124,43.8,0.39,56.454493867595644,84.68174080139346,0.5,4,32.42977526378145,61.28587741323283,10.040697411922753,261.5528061442815,1001,10000,Clouds,14,0,9,3,0,0,1,0.0,0.0,63.86974010134758,61.85088850360143,62.47938271748328,3.6666666666666665,48.286145707316955,3.0
2026-03-09T15:00:00+00:00,Karachi,24.8607,67.0011,openweathermap_historical,73.6389750037478,0.01,0.026267501790776603,43.8,0.39,58.80084678486702,88.20127017730053,0.5,3,20.24872591334801,50.228331023620896,11.994596329360533,241.35558808195205,1001,10000,Clouds,15,0,9,3,0,0,1,0.0,0.0,64.33556024702733,62.79845338270945,62.65864352283638,3.6666666666666665,49.92859274940692,2.0
2026-03-09T16:00:00+00:00,Karachi,24.8607,67.0011,openweathermap_historical,72.67471688072649,0.01,0.061555365777538736,43.8,0.39,61.64122850553685,92.46184275830528,0.5,2,31.27924116287329,70.2873802617463,9.529925816459016,234.67888029799113,1001,10000,Clouds,16,0,9,3,0,0,1,0.0,0.0,58.965523052666505,62.29194234143066,61.7892463369168,3.0,51.9168599538758,2.0
2026-03-09T17:00:00+00:00,Karachi,24.8607,67.0011,openweathermap_historical,72.97382085484999,0.01,0.02173724779772087,43.8,0.39,77.30804283414562,115.96206425121844,0.5,4,26.034394464704725,63.62317608385997,6.877739027999115,262.61657710279616,1001,10000,Clouds,17,0,9,3,0,1,1,0.0,0.0,65.91670604151649,64.89322307143205,63.11258472055311,3.0,62.88362998390194,4.0
2026-03-09T18:00:00+00:00,Karachi,24.8607,67.0011,openweathermap_historical,63.32113161741379,0.01,0.054094076320683686,43.8,0.39,58.95111837699558,88.42667756549338,0.5,4,21.185337211539547,65.90861021325829,7.247510353497097,200.50124682982283,1001,10000,Clouds,18,0,9,3,0,1,1,0.0,0.0,65.96679657222602,65.15117840962667,62.322946115459736,3.3333333333333335,50.03378286389691,3.0
2026-03-09T19:00:00+00:00,Karachi,24.8607,67.0011,openweathermap_historical,86.04555934902717,0.01,0.028845180931233977,43.8,0.39,70.13860831910124,105.20791247865185,0.5,3,23.901105225349895,49.086456351088586,9.002127473183247,229.8895155739711,1001,10000,Clouds,19,0,9,3,0,1,1,0.0,0.0,68.79925651008081,63.88238978137366,62.16217846678017,3.6666666666666665,57.86502582337087,3.0
2026-03-09T20:00:00+00:00,Karachi,24.8607,67.0011,openweathermap_historical,93.85869726431335,0.01,0.03280800541686393,43.8,0.39,87.21542919173675,130.82314378760512,0.5,3,23.68586239779372,59.20217865822963,9.196679252504314,218.42716490604496,1001,10000,Clouds,20,0,9,3,0,1,1,0.0,0.0,72.10171862927785,69.00921233539718,62.31607672790091,3.3333333333333335,69.81880043421573,3.0
2026-03-09T21:00:00+00:00,Karachi,24.8607,67.0011,openweathermap_historical,69.7814673565458,0.01,0.04735659512126752,43.8,0.39,44.486222036742596,66.7293330551139,0.5,3,30.620441626395028,65.14680627514214,7.08645096805616,267.63761093165056,1001,10000,Clouds,21,0,9,3,0,0,1,0.0,0.0,67.2800865158602,66.6234415440431,61.41859482272156,3.0,39.90835542571982,3.0
2026-03-09T22:00:00+00:00,Karachi,24.8607,67.0011,openweathermap_historical,75.8249144536486,0.01,0.02568432692511682,43.8,0.39,68.41705398741769,102.62558098112653,0.5,3,22.839650582244655,80.31527436587223,4.380020661455893,204.96026114713095,1001,10000,Clouds,22,0,9,3,0,0,1,0.0,0.0,66.70623507196568,67.75274579102324,61.57724892134419,3.0,56.65993779119239,3.0
2026-03-09T23:00:00+00:00,Karachi,24.8607,67.0011,openweathermap_historical,77.78978174459553,0.01,0.04695960107768891,43.8,0.39,72.10804874180202,108.16207311270304,0.5,3,22.467550823902606,66.00335982983876,10.105589863485722,234.06256761433795,1001,10000,Clouds,23,0,9,3,0,0,1,0.0,0.0,61.670441588654114,66.88608010896597,61.89112810268248,3.0,59.243634119261415,4.0
2026-03-10T00:00:00+00:00,Karachi,24.8607,67.0011,openweathermap_historical,87.81984941810208,0.01,0.027166064762551796,43.8,0.39,53.88300524797245,80.82450787195867,0.5,4,20.41673189188893,67.88889618121402,5.736998367825337,241.66795009465784,1001,10000,Clouds,0,1,10,3,0,0,1,0.0,0.0,64.80270265906405,66.04139458746212,61.55006765310511,3.3333333333333335,46.486103673580715,4.0
2026-03-10T01:00:00+00:00,Karachi,24.8607,67.0011,openweathermap_historical,67.50243476771215,0.01,0.03770301358118257,43.8,0.39,68.71174071278698,103.06761106918046,0.5,3,21.265312492365027,61.14912642545557,8.257762583830063,261.6202085146613,1001,10000,Clouds,1,1,10,3,0,0,1,0.0,0.0,64.90093156752049,65.80358331974308,62.10267926008447,3.3333333333333335,56.866218498950886,2.0
2026-03-10T02:00:00+00:00,Karachi,24.8607,67.0011,openweathermap_historical,86.96461068267122,0.01,0.0511389519593719,43.8,0.39,15.9455922760838,23.9183884141257,0.5,3,25.475496697588415,68.04389708100031,8.283155085665044,232.39895296684998,1001,10000,Clouds,2,1,10,3,0,0,1,0.0,0.0,46.180112745614416,53.925277167134254,60.264069094381746,3.3333333333333335,19.92991459325866,2.0
2026-03-10T03:00:00+00:00,Karachi,24.8607,67.0011,openweathermap_historical,74.13628137017999,0.01,0.0627936412848071,43.8,0.39,64.59236697140953,96.88855045711429,0.5,2,23.575221978154108,78.82936654605382,4.100457224448338,225.08884062222188,1001,10000,Clouds,3,1,10,3,0,0,1,0.0,0.0,49.74989998676011,57.276301322912076,59.53964622678257,2.6666666666666665,53.98265687998668,3.0
2026-03-10T04:00:00+00:00,Karachi,24.8607,67.0011,openweathermap_historical,68.12338821620308,0.01,0.015931110144898696,43.8,0.39,63.55665606063195,95.33498409094793,0.5,4,36.69727197679895,60.117658585461896,9.849087244345162,236.196240306353,1001,10000,Clouds,4,1,10,3,0,0,1,0.0,0.0,48.031538436041764,56.46623500178112,60.35126318890383,3.0,53.25765924244237,3.0
2026-03-10T05:00:00+00:00,Karachi,24.8607,67.0011,openweathermap_historical,85.15766260991302,0.01,0.015883313948629997,43.8,0.39,72.1120631706908,108.1680947560362,0.5,3,25.31731104064864,70.85198872643858,6.279987914695157,237.69186351771293,1001,10000,Clouds,5,1,10,3,0,0,1,0.0,0.0,66.75369540091077,56.46690407326258,60.86047604767976,3.0,59.246444219483564,4.0
2026-03-10T06:00:00+00:00,Karachi,24.8607,67.0011,openweathermap_historical,72.69528352106431,0.01,0.057756776463170005,43.8,0.39,58.48721519596714,87.73082279395071,0.5,4,28.890037340076432,52.85441416884321,7.181559095064858,244.40513181837662,1001,10000,Clouds,6,1,10,3,0,0,1,0.0,0.0,64.71864480909663,57.23427239792837,62.32151332223402,3.6666666666666665,49.709050637177,5.0
2026-03-10T07:00:00+00:00,Karachi,24.8607,67.0011,openweathermap_historical,72.26648029012652,0.01,0.05448245762908518,43.8,0.39,108.56393285472934,162.84589928209402,0.5,4,20.88218488064327,86.6485650493823,9.252323969347124,224.56697221679178,1001,10000,Clouds,7,1,10,3,0,1,1,0.0,0.0,79.7210704071291,63.876304421585424,63.93952864420435,3.6666666666666665,84.76275299831055,4.0
2026-03-10T08:00:00+00:00,Karachi,24.8607,67.0011,openweathermap_historical,88.45045848947288,0.01,0.04740488104018259,43.8,0.39,64.15303730355791,96.22955595533686,0.5,5,33.67209309894648,65.78308626903272,5.802470387970464,212.20359706488907,1001,10000,Clouds,8,1,10,3,0,1,1,0.0,0.0,77.06806178475148,71.91087859283111,64.174064149741,4.333333333333333,53.675126112490545,5.0
2026-03-10T09:00:00+00:00,Karachi,24.8607,67.0011,openweathermap_historical,87.69876294022572,0.01,0.013022148682472205,43.8,0.39,111.27249968432204,166.90874952648306,0.5,3,34.41936168882041,69.35691562045427,8.441313945141863,202.1958558866067,1001,10000,Clouds,9,1,10,3,0,1,1,0.0,0.0,94.6631566142031,79.69090071164986,66.59727424032863,4.0,86.65874977902544,3.0
2026-03-10T10:00:00+00:00,Karachi,24.8607,67.0011,openweathermap_historical,71.34723259833457,0.01,0.06927736328105644,43.8,0.39,55.69798779010704,83.54698168516056,0.5,3,22.68866676017417,74.52696593170216,8.710229719662323,250.3984841195683,1001,10000,Clouds,10,1,10,3,0,0,1,0.0,0.0,77.04117492599568,78.38112266656238,66.22301145019935,3.6666666666666665,47.75659145307493,3.0
2026-03-10T11:00:00+00:00,Karachi,24.8607,67.0011,openweathermap_historical,79.75771034548164,0.01,0.0062224987199772375,43.8,0.39,74.42505960466713,111.63758940700069,0.5,4,24.064666534438693,66.77591606991966,7.396478862674834,210.40182294966297,1001,10000,Clouds,11,1,10,3,0,0,1,0.0,0.0,80.46518235969874,78.7666220722251,66.75320733147143,3.3333333333333335,60.86554172326699,3.0
2026-03-10T12:00:00+00:00,Karachi,24.8607,67.0011,openweathermap_historical,89.99422673621999,0.01,0.05780892521334363,43.8,0.39,86.2596225121097,129.38943376816457,0.5,2,21.420759295415756,51.85881265637556,4.594098306173303,235.4943265089895,1001,10000,Clouds,12,1,10,3,0,0,1,0.0,0.0,72.12755663562795,83.39535662491552,67.95555050498318,3.0,69.1497357584768,2.0
2026-03-10T13:00:00+00:00,Karachi,24.8607,67.0011,openweathermap_historical,97.20823439915392,0.01,0.057195544260970524,43.8,0.39,48.79629553328458,73.19444329992686,0.5,3,25.67586731433669,65.72841135930422,7.187525521186241,246.63631194769516,1001,10000,Clouds,13,1,10,3,0,0,1,0.0,0.0,69.82699255002048,73.43408373800807,66.74909031517755,3.0,42.92540687329921,3.0
2026-03-10T14:00:00+00:00,Karachi,24.8607,67.0011,openweathermap_historical,59.78878399596209,0.01,0.062378876129386335,43.8,0.39,58.75824613895368,88.13736920843053,0.5,3,30.352457240098268,70.22936683052497,6.669141177436913,217.9396038588084,1001,10000,Clouds,14,1,10,3,0,0,1,0.0,0.0,64.60472139478266,72.53495187724069,66.8450799931508,2.6666666666666665,49.898772297267584,4.0
2026-03-10T15:00:00+00:00,Karachi,24.8607,67.0011,openweathermap_historical,79.24567384845744,0.01,0.04913304926543303,43.8,0.39,68.8527759323783,103.27916389856745,0.5,2,21.549027625144422,78.15170824838887,2.5000608216108517,251.83321012790393,1001,10000,Clouds,15,1,10,3,0,0,1,0.0,0.0,58.80243920153887,65.46499791858339,67.26391037429711,2.6666666666666665,56.964943152664816,3.0
2026-03-10T16:00:00+00:00,Karachi,24.8607,67.0011,openweathermap_historical,73.53170511271604,0.01,0.021049330027953533,43.8,0.39,63.676799909469516,95.51519986420428,0.5,2,25.23742062336779,60.498328762864034,5.682432336903058,225.52975931537816,1001,10000,Clouds,16,1,10,3,0,0,1,0.0,0.0,63.76260732693384,66.79479993847714,67.34872584946098,2.3333333333333335,53.34175993662866,3.0
2026-03-10T17:00:00+00:00,Karachi,24.8607,67.0011,openweathermap_historical,90.48907323396614,0.01,0.01055800288067055,43.8,0.39,60.01190506585521,90.01785759878281,0.5,4,21.13938355811341,72.94531837185453,4.934564626394153,229.86905410453392,1001,10000,Clouds,17,1,10,3,0,1,1,0.0,0.0,64.18049363590102,64.39260751534182,66.62805344244887,2.6666666666666665,50.77633354609865,3.0
2026-03-10T18:00:00+00:00,Karachi,24.8607,67.0011,openweathermap_historical,93.27231304697712,0.01,0.016107693044262416,43.8,0.39,65.40769122760113,98.1115368414017,0.5,3,25.001411596390565,63.872071029784024,7.123234769121027,239.33763908724652,1001,10000,Clouds,18,1,10,3,0,1,1,0.0,0.0,63.03213206764196,60.9172856345904,66.89707731122411,3.0,54.5533838593208,2.0
2026-03-10T19:00:00+00:00,Karachi,24.8607,67.0011,openweathermap_historical,67.79302282525326,0.01,0.0246523827625659,43.8,0.39,64.2582344966463,96.38735174496944,0.5,3,23.89566520448035,69.88462683327887,9.240387735803262,257.6986936275755,1001,10000,Clouds,19,1,10,3,0,1,1,0.0,0.0,63.225943596700894,63.49427546181735,66.65206173528848,3.3333333333333335,53.74876414765241,3.0
2026-03-10T20:00:00+00:00,Karachi,24.8607,67.0011,openweathermap_historical,82.4334853385167,0.01,0.016068433901530083,43.8,0.39,67.05694646966853,100.5854197045028,0.5,3,22.423940335059154,76.68075634515773,7.380616155271263,233.36926668243498,1001,10000,Clouds,20,1,10,3,0,1,1,0.0,0.0,65.57429073130533,64.87739218360316,65.81212495520231,3.0,55.707862528767976,2.0
2026-03-10T21:00:00+00:00,Karachi,24.8607,67.0011,openweathermap_historical,68.77007720915533,0.01,0.038343771468462864,43.8,0.39,43.035510543490496,64.55326581523575,0.5,3,25.97676245095846,72.98358780396556,9.26946874825502,246.96455860023764,1001,10000,Clouds,21,1,10,3,0,0,1,0.0,0.0,58.11689716993512,60.574514618788534,65.75167864298346,3.0,38.892857380443346,4.0
2026-03-10T22:00:00+00:00,Karachi,24.8607,67.0011,openweathermap_historical,93.2147583440786,0.01,0.05830184215592707,43.8,0.39,88.96153007612236,133.44229511418354,0.5,3,21.274497435513815,74.2327398926741,7.386298428665649,182.27802066494164,1001,10000,Clouds,22,1,10,3,0,0,1,0.0,0.0,66.35132902976046,64.78863631323067,66.60769848001283,3.0,71.04107105328566,3.0
2026-03-10T23:00:00+00:00,Karachi,24.8607,67.0011,openweathermap_historical,72.21224369785556,0.01,0.060834889082174284,43.8,0.39,52.2958798427953,78.44381976419295,0.5,4,29.496554469454054,54.064846811239065,9.423255228246402,276.29783747317487,1001,10000,Clouds,23,1,10,3,0,0,1,0.0,0.0,61.430973487469394,63.50263210938735,65.78219144255421,3.3333333333333335,45.37511588995672,3.0
2026-03-11T00:00:00+00:00,Karachi,24.8607,67.0011,openweathermap_historical,81.33375049097519,0.01,0.06954502053870548,43.8,0.39,76.77913271827194,115.16869907740791,0.5,4,29.694922875846462,81.31369043482289,5.390620631481301,241.54858484469872,1001,10000,Clouds,0,2,11,3,0,0,1,0.0,0.0,72.67884754572988,65.3978723578325,66.7361967538167,3.6666666666666665,62.51339290279036,3.0
2026-03-11T01:00:00+00:00,Karachi,24.8607,67.0011,openweathermap_historical,71.53215213625586,0.01,0.027054447424505797,43.8,0.39,72.35025582363053,108.5253837354458,0.5,2,22.299228554608984,50.75424100658059,7.507367527276728,194.67831919049235,1001,10000,Clouds,1,2,11,3,0,0,1,0.0,0.0,67.1417561282326,66.74654257899653,66.88780155010184,3.3333333333333335,59.41317907654138,2.0
2026-03-11T02:00:00+00:00,Karachi,24.8607,67.0011,openweathermap_historical,82.19788521194806,0.01,0.03205865071872615,43.8,0.39,57.775472776864476,86.6632091652967,0.5,2,31.643202855897528,68.55472447726375,7.03977386410815,264.1699651817602,1001,10000,Clouds,2,2,11,3,0,0,1,0.0,0.0,68.96828710625566,65.19963029686251,68.63071323763437,2.6666666666666665,49.210830943805135,4.0
2026-03-11T03:00:00+00:00,Karachi,24.8607,67.0011,openweathermap_historical,81.39659203368038,0.01,0.012635172956222084,43.8,0.39,58.373729093693306,87.56059364053996,0.5,3,20.18054293468158,61.839025724601086,4.85913178679162,246.5431264191921,1001,10000,Clouds,3,2,11,3,0,0,1,0.0,0.0,62.83315256472945,67.75600005522965,68.37160332606287,2.3333333333333335,49.62961036558532,3.0
2026-03-11T04:00:00+00:00,Karachi,24.8607,67.0011,openweathermap_historical,47.85504210308113,0.01,0.043850445358260395,43.8,0.39,71.27669921449854,106.9150488217478,0.5,3,27.06679468555417,66.21974332308224,7.21384055623176,263.0036702586091,1001,10000,Clouds,4,2,11,3,0,0,1,0.0,0.0,62.47530036168545,64.808528244959,68.6932717908073,2.6666666666666665,58.661689450148984,2.0
2026-03-11T05:00:00+00:00,Karachi,24.8607,67.0011,openweathermap_historical,89.5251187045844,0.01,0.04531482655176807,43.8,0.39,68.78452145204514,103.17678217806771,0.5,4,22.631859713485273,70.11324820824535,8.965015161140649,235.07212839996828,1001,10000,Clouds,5,2,11,3,0,0,1,0.0,0.0,66.14498325341233,67.55663517983399,68.55462421919707,3.3333333333333335,56.9171650164316,3.0
2026-03-11T06:00:00+00:00,Karachi,24.8607,67.0011,openweathermap_historical,67.52528657672987,0.01,0.03940238258569612,43.8,0.39,64.39512245889928,96.59268368834893,0.5,5,29.53398911387233,72.90343612750515,6.274845568410849,221.11489030327508,1001,10000,Clouds,6,2,11,3,0,0,1,0.0,0.0,68.15211437514766,65.49263346993855,68.80078702181925,4.0,53.84458572122951,4.0
2026-03-11T07:00:00+00:00,Karachi,24.8607,67.0011,openweathermap_historical,85.47293348133213,0.01,0.06545929185917548,43.8,0.39,56.63384386434785,84.95076579652178,0.5,4,15.633299232217482,47.168408151041994,4.783113796877497,256.3094191096799,1001,10000,Clouds,7,2,11,3,0,1,1,0.0,0.0,63.271162591764096,62.87323147672476,66.63703331388668,4.333333333333333,48.4116907050435,5.0
2026-03-11T08:00:00+00:00,Karachi,24.8607,67.0011,openweathermap_historical,82.10912145730234,0.01,0.029796297083649913,43.8,0.39,57.702057414188026,86.55308612128204,0.5,5,21.119790018667675,67.36841254400399,10.177196012898648,183.99200604091,1001,10000,Clouds,8,2,11,3,0,1,1,0.0,0.0,59.57700791247839,62.86099558294536,66.36824248516294,4.666666666666667,49.159440189931615,4.0
2026-03-11T09:00:00+00:00,Karachi,24.8607,67.0011,openweathermap_historical,46.69992943882961,0.01,0.0235772011372907,43.8,0.39,86.30514340132952,129.45771510199427,0.5,3,12.273552242232181,52.482055336186434,9.814206257604623,225.63877450672453,1001,10000,Clouds,9,2,11,3,0,1,1,0.0,0.0,66.88034822662182,67.51623130088473,65.32793597337157,4.0,69.18160038093067,4.0
2026-03-11T10:00:00+00:00,Karachi,24.8607,67.0011,openweathermap_historical,77.30428836840899,0.01,0.06479247012334764,43.8,0.39,67.86743003075529,101.80114504613293,0.5,3,30.719346956879242,72.36665214029021,7.025991100197625,243.40042755367085,1001,10000,Clouds,10,2,11,3,0,0,1,0.0,0.0,70.62487694875762,66.94801977026086,65.83499606673193,3.6666666666666665,56.2752010215287,3.0
2026-03-11T11:00:00+00:00,Karachi,24.8607,67.0011,openweathermap_historical,83.55239440823513,0.01,0.018451366701271423,43.8,0.39,39.629446846832245,59.444170270248364,0.5,3,25.596161992129495,77.21348911894387,3.87611520407983,233.5545768714156,1001,10000,Clouds,11,2,11,3,0,0,1,0.0,0.0,64.60067342630569,62.088840669392034,64.3851788684888,3.0,36.50861279278257,3.0
2026-03-11T12:00:00+00:00,Karachi,24.8607,67.0011,openweathermap_historical,76.91940308400733,0.01,0.04776452650172508,43.8,0.39,79.77684600286497,119.66526900429746,0.5,2,36.23595733076037,77.97357722745637,7.969844130857523,245.9261566499829,1001,10000,Clouds,12,2,11,3,0,0,1,0.0,0.0,62.42457429348418,64.65246126005299,64.1150631806036,2.6666666666666665,64.61179220200549,4.0
2026-03-11T13:00:00+00:00,Karachi,24.8607,67.0011,openweathermap_historical,76.83266375396252,0.01,0.0553972707493759,43.8,0.39,67.20330517700253,100.8049577655038,0.5,3,17.46873381251479,63.126363915647836,7.461936837553746,207.91742906111733,1001,10000,Clouds,13,2,11,3,0,0,1,0.0,0.0,62.20319934223326,66.41403814549544,64.88202191575851,2.6666666666666665,55.81031362390178,2.0
2026-03-11T14:00:00+00:00,Karachi,24.8607,67.0011,openweathermap_historical,64.48860083686041,0.01,0.052196833526670997,43.8,0.39,56.545029000050356,84.81754350007553,0.5,4,18.96017771904152,64.72229109275045,3.60045070314449,255.86665380126715,1001,10000,Clouds,14,2,11,3,0,0,1,0.0,0.0,67.8417267266393,66.22120007647248,64.78980453497088,3.0,48.34952030003525,3.0
2026-03-11T15:00:00+00:00,Karachi,24.8607,67.0011,openweathermap_historical,69.8459811151028,0.01,0.03764598517872207,43.8,0.39,71.3463639761929,107.01954596428936,0.5,3,33.766420513384226,61.88786242351975,6.749571579324737,270.3184462732295,1001,10000,Clouds,15,2,11,3,0,0,1,0.0,0.0,65.03156605108194,63.728070172283054,64.89370403679648,3.3333333333333335,58.71045478333504,3.0
2026-03-11T16:00:00+00:00,Karachi,24.8607,67.0011,openweathermap_historical,70.95318578493,0.01,0.017294260335174585,43.8,0.39,71.85993063963721,107.78989595945582,0.5,3,34.019847594068025,68.80750680900047,7.440344877211244,213.63155364978854,1001,10000,Clouds,16,2,11,3,0,0,1,0.0,0.0,66.58377453862683,64.39348694043004,65.23466781722014,3.3333333333333335,59.06995144774605,3.0
2026-03-11T17:00:00+00:00,Karachi,24.8607,67.0011,openweathermap_historical,81.50029150975642,0.01,0.028332207094289928,43.8,0.39,70.37156667085254,105.55735000627882,0.5,3,24.069150879145287,55.70602746454517,7.405021029069026,229.10035691048665,1001,10000,Clouds,17,2,11,3,0,1,1,0.0,0.0,71.19262042889422,69.51717357776675,65.66632038409503,3.0,58.02809666959679,3.0
2026-03-11T18:00:00+00:00,Karachi,24.8607,67.0011,openweathermap_historical,75.68613063422646,0.01,0.02023572245770128,43.8,0.39,54.815282683114546,82.22292402467181,0.5,2,17.249054902562797,61.58083560403498,9.051993629902409,238.7525424643956,1001,10000,Clouds,18,2,11,3,0,1,1,0.0,0.0,65.68225999786812,65.35691302447502,65.22497002807475,2.6666666666666665,47.13869787818018,3.0
2026-03-11T19:00:00+00:00,Karachi,24.8607,67.0011,openweathermap_historical,71.82047646222645,0.01,0.023619384098522756,43.8,0.39,75.3318692822054,112.99780392330811,0.5,3,22.579061294104736,60.91375773142464,6.499790546051654,244.03229967818191,1001,10000,Clouds,19,2,11,3,0,1,1,0.0,0.0,66.83957287872418,66.71167370867549,65.68637147747306,2.6666666666666665,61.500308497543784,3.0
2026-03-11T20:00:00+00:00,Karachi,24.8607,67.0011,openweathermap_historical,73.70996083241897,0.01,0.02467483110094441,43.8,0.39,100.52617515126042,150.78926272689063,0.5,2,19.69490105715594,71.71608698022656,7.441610765761977,246.8014969238625,1001,10000,Clouds,20,2,11,3,0,1,1,0.0,0.0,76.89110903886014,74.04186473387718,67.08092267253939,2.3333333333333335,79.1363226058823,2.0
2026-03-11T21:00:00+00:00,Karachi,24.8607,67.0011,openweathermap_historical,82.70490440821844,0.01,0.057196740151574374,43.8,0.39,72.02612251514962,108.03918377272444,0.5,4,24.134046786602585,72.7211596275861,6.1805358002440025,208.71454960497013,1001,10000,Clouds,21,2,11,3,0,0,1,0.0,0.0,82.6280556495385,74.15515782370329,68.28886483802518,3.0,59.18628576060475,3.0
2026-03-11T22:00:00+00:00,Karachi,24.8607,67.0011,openweathermap_historical,92.17609194532528,0.01,0.0603567231237898,43.8,0.39,87.71565220946566,131.5734783141985,0.5,3,23.02479139009313,69.96738734638284,3.77793943912207,234.98185156944288,1001,10000,Clouds,22,2,11,3,0,0,1,0.0,0.0,86.75598329195857,76.79777808534136,68.23695326024782,3.0,70.16895654662596,4.0
2026-03-11T23:00:00+00:00,Karachi,24.8607,67.0011,openweathermap_historical,70.92665966077365,0.01,0.0804946888324686,43.8,0.39,70.36130213959356,105.54195320939034,0.5,3,23.905794792175605,77.69632913852878,8.841638008503308,216.17285698328791,1001,10000,Clouds,23,2,11,3,0,0,1,0.0,0.0,76.70102562140296,76.79606733013154,68.98967918928108,3.3333333333333335,58.0209114977155,3.0
2026-03-12T00:00:00+00:00,Karachi,24.8607,67.0011,openweathermap_historical,89.35675219846297,0.01,0.02254982738666437,43.8,0.39,78.43306708522695,117.64960062784043,0.5,3,22.24412438216396,62.04821611592439,6.17559972882497,255.74268303809225,1001,10000,Clouds,0,3,12,3,0,0,1,0.0,0.0,78.83667381142874,80.73236473048361,69.05859312123754,3.0,63.67114695965887,4.0
2026-03-12T01:00:00+00:00,Karachi,24.8607,67.0011,openweathermap_historical,98.67179477650825,0.01,0.06392943931603876,43.8,0.39,54.52674608307284,81.79011912460925,0.5,2,21.84441929059811,56.7134848291824,5.181342878821268,254.6716947376687,1001,10000,Clouds,1,3,12,3,0,0,1,0.0,0.0,67.77370510263113,77.26484419729483,68.31594688204764,2.6666666666666665,46.936722258150986,3.0
2026-03-12T02:00:00+00:00,Karachi,24.8607,67.0011,openweathermap_historical,78.13203088903606,0.01,0.05999766863955141,43.8,0.39,72.2659830687767,108.39897460316506,0.5,4,21.803704965722854,73.38209268183887,8.039901222463822,260.6279603825035,1001,10000,Clouds,2,3,12,3,0,0,1,0.0,0.0,68.40859874569217,72.55481218354755,68.91971814421065,3.0,59.3541881481437,3.0
2026-03-12T03:00:00+00:00,Karachi,24.8607,67.0011,openweathermap_historical,78.35546003376702,0.01,0.02921616187516036,43.8,0.39,73.77982143757299,110.66973215635949,0.5,3,19.22704270692903,59.465299010083434,11.026352543006265,261.8268569068162,1001,10000,Clouds,3,3,12,3,0,0,1,0.0,0.0,66.85751686314086,72.84709533728478,69.56163865853897,3.0,60.4138750063011,2.0
2026-03-12T04:00:00+00:00,Karachi,24.8607,67.0011,openweathermap_historical,73.77417681993548,0.01,0.05773336535586168,43.8,0.39,91.23258805106194,136.8488820765929,0.5,2,29.905089511633214,65.75815289710924,9.474922184077258,237.35251938389857,1001,10000,Clouds,4,3,12,3,0,0,1,0.0,0.0,79.09279751913722,73.43325131088416,70.3931340267291,3.0,72.63081163574337,3.0
2026-03-12T05:00:00+00:00,Karachi,24.8607,67.0011,openweathermap_historical,68.06093098409518,0.01,-0.007957050882467398,43.8,0.39,73.06534350647942,109.59801525971913,0.5,3,19.4873009000558,67.04051848997831,5.916100518691335,237.57057722821108,1001,10000,Clouds,5,3,12,3,0,0,1,0.0,0.0,79.35925099837145,73.88392487203181,70.57150161233052,2.6666666666666665,59.9137404545356,3.0
2026-03-12T06:00:00+00:00,Karachi,24.8607,67.0011,openweathermap_historical,63.33882188299452,0.01,0.02837336367097691,43.8,0.39,58.01289357541162,87.01934036311742,0.5,4,28.918000463999277,67.8446417191227,12.058340747066616,182.76378767729324,1001,10000,Clouds,6,3,12,3,0,0,1,0.0,0.0,74.10360837765101,70.48056262039593,70.30557540885188,3.0,49.37702550278813,3.0
2026-03-12T07:00:00+00:00,Karachi,24.8607,67.0011,openweathermap_historical,83.4248136154885,0.01,0.0049641750206978474,43.8,0.39,68.46120405180105,102.69180607770157,0.5,5,30.806283532092706,59.22470228866729,6.4095261693002,216.4801941108146,1001,10000,Clouds,7,3,12,3,0,1,1,0.0,0.0,66.51314704456404,72.80297228185061,70.7983820833291,4.0,56.69084283626074,3.0
2026-03-12T08:00:00+00:00,Karachi,24.8607,67.0011,openweathermap_historical,66.22506138073385,0.01,0.041021728095193125,43.8,0.39,63.92183435648185,95.88275153472279,0.5,4,31.044634741491137,65.24158732313325,6.851673626725848,214.12518793971975,1001,10000,Clouds,8,3,12,3,0,1,1,0.0,0.0,63.46531066123151,71.41228082980147,71.05753945592467,4.333333333333333,53.513284049537305,4.0
2026-03-12T09:00:00+00:00,Karachi,24.8607,67.0011,openweathermap_historical,90.51818230531084,0.01,0.028786824186919215,43.8,0.39,43.467133772921315,65.20070065938197,0.5,4,26.84735541598638,87.04327760164178,10.64510902142068,202.3296013452781,1001,10000,Clouds,9,3,12,3,0,1,1,0.0,0.0,58.61672406040142,66.3601662190262,69.27262238807434,4.333333333333333,39.194993641044924,3.0
2026-03-12T10:00:00+00:00,Karachi,24.8607,67.0011,openweathermap_historical,72.6227752886071,0.01,0.041025129697488644,43.8,0.39,47.50371239070295,71.25556858605442,0.5,3,29.67748874058799,72.12830283819042,7.871230734163289,231.7177993854877,1001,10000,Clouds,10,3,12,3,0,0,1,0.0,0.0,51.63089350670205,59.07202027563304,68.42413415307216,3.6666666666666665,42.02059867349207,3.0
2026-03-12T11:00:00+00:00,Karachi,24.8607,67.0011,openweathermap_historical,80.56723221213021,0.01,0.027993317048210214,43.8,0.39,63.42958128822738,95.14437193234107,0.5,3,18.819978098765453,58.5688360716463,2.5041663290365648,216.25830844671788,1001,10000,Clouds,11,3,12,3,0,0,1,0.0,0.0,51.46680915061722,57.46605990592436,69.41580642146361,3.3333333333333335,53.168706901759165,3.0
2026-03-12T12:00:00+00:00,Karachi,24.8607,67.0011,openweathermap_historical,78.89741656872974,0.01,0.048882771558560585,43.8,0.39,38.811374753322696,58.21706212998404,0.5,4,24.74595872133789,55.575881064206015,11.615709376662416,261.36614451886237,1001,10000,Clouds,12,3,12,3,0,0,1,0.0,0.0,49.91488947741769,54.265806768909535,67.70891178606603,3.3333333333333335,35.93596232732589,2.0
2026-03-12T13:00:00+00:00,Karachi,24.8607,67.0011,openweathermap_historical,80.08847029102623,0.01,0.03463632406608872,43.8,0.39,55.67525177679558,83.51287766519337,0.5,2,24.684785834532487,52.03934523181846,9.622760410316529,188.74477157948198,1001,10000,Clouds,13,3,12,3,0,0,1,0.0,0.0,52.63873593944856,52.134814723075294,67.22857622772406,3.0,47.74067624375691,4.0
2026-03-12T14:00:00+00:00,Karachi,24.8607,67.0011,openweathermap_historical,72.34954468194312,0.01,0.030616847131523052,43.8,0.39,72.83530651056698,109.25295976585048,0.5,3,28.790952958152385,77.4380806098608,9.416656277090791,242.6019681669225,1001,10000,Clouds,14,3,12,3,0,0,1,0.0,0.0,55.77397768022843,53.620393415422825,67.90733779066225,3.0,59.752714557396885,2.0
2026-03-12T15:00:00+00:00,Karachi,24.8607,67.0011,openweathermap_historical,71.13190316825808,0.01,0.0576680178319267,43.8,0.39,41.37349409961644,62.060241149424655,0.5,3,20.18174909770375,59.21381580443012,4.324916973243087,217.30141211219583,1001,10000,Clouds,15,3,12,3,0,0,1,0.0,0.0,56.62801746232634,53.27145346987201,66.65846821247158,2.6666666666666665,37.72944586973151,3.0
2026-03-12T16:00:00+00:00,Karachi,24.8607,67.0011,openweathermap_historical,62.12940638148677,0.01,0.07077484111994244,43.8,0.39,52.00753835196453,78.0113075279468,0.5,3,32.45957552420471,66.22255812507248,7.153424033050805,270.1999560217944,1001,10000,Clouds,16,3,12,3,0,0,1,0.0,0.0,55.40544632071599,54.022091130082266,65.83128520048521,3.0,45.173276846375174,3.0
2026-03-12T17:00:00+00:00,Karachi,24.8607,67.0011,openweathermap_historical,100.74189405869592,0.01,0.03908108192881103,43.8,0.39,79.3072786408637,118.96091796129555,0.5,3,27.368210150238937,66.37668819657142,11.55297958569706,272.3175957642119,1001,10000,Clouds,17,3,12,3,0,1,1,0.0,0.0,57.56277036414823,56.66837402218832,66.203606532569,3.0,64.2830950486046,3.0
2026-03-12T18:00:00+00:00,Karachi,24.8607,67.0011,openweathermap_historical,73.65559146748117,0.01,0.018574213830019008,43.8,0.39,60.48359885294633,90.7253982794195,0.5,3,14.43882596359522,68.69623621696175,7.898498973815127,224.8579736997007,1001,10000,Clouds,18,3,12,3,0,1,1,0.0,0.0,63.93280528192486,60.28041137212559,66.43978637297867,3.0,51.10651919706244,3.0
2026-03-12T19:00:00+00:00,Karachi,24.8607,67.0011,openweathermap_historical,74.46375770842099,0.01,0.04064060277894182,43.8,0.39,80.03773956359863,120.05660934539796,0.5,3,17.667830726944402,67.33918874876143,6.466195739714767,247.71610750827878,1001,10000,Clouds,19,3,12,3,0,1,1,0.0,0.0,73.2762056858029,64.34082600325944,66.63586430137005,3.0,64.79441769451905,2.0
2026-03-12T20:00:00+00:00,Karachi,24.8607,67.0011,openweathermap_historical,84.47510443009119,0.01,0.04460012684861896,43.8,0.39,78.31849618071531,117.47774427107296,0.5,2,22.48426413740926,57.55624588183414,6.027058912328276,223.2904351181836,1001,10000,Clouds,20,3,12,3,0,1,1,0.0,0.0,72.9466115324201,65.25469094828416,65.710544344264,2.6666666666666665,63.590947326500725,2.0
2026-03-12T21:00:00+00:00,Karachi,24.8607,67.0011,openweathermap_historical,80.30196667472039,0.01,0.04811815578701135,43.8,0.39,64.801561511571,97.2023422673565,0.5,3,12.522452947310768,56.50531931884364,3.292843388035112,216.74510205257596,1001,10000,Clouds,21,3,12,3,0,0,1,0.0,0.0,74.38593241862833,69.15936885027658,65.4095209691149,2.6666666666666665,54.1290930580997,4.0
2026-03-12T22:00:00+00:00,Karachi,24.8607,67.0011,openweathermap_historical,73.13212491438776,0.01,0.03839737268274755,43.8,0.39,60.96253064332161,91.44379596498241,0.5,4,23.201639532194793,55.984715234767776,7.416281688370172,234.19088749452817,1001,10000,Clouds,22,3,12,3,0,0,1,0.0,0.0,68.02752944520265,70.65186756550277,64.29480757052556,3.0,51.44177145032513,4.0
2026-03-12T23:00:00+00:00,Karachi,24.8607,67.0011,openweathermap_historical,65.90074204293596,0.01,0.07599391926469747,43.8,0.39,56.73468839579909,85.10203259369864,0.5,3,21.086493902680154,62.05191661811541,6.023334685710893,256.6716135861224,1001,10000,Clouds,23,3,12,3,0,0,1,0.0,0.0,60.83292685023057,66.88976919132533,63.72703199786745,3.3333333333333335,48.482281877059364,4.0
2026-03-13T00:00:00+00:00,Karachi,24.8607,67.0011,openweathermap_historical,70.6235033768834,0.01,0.04950931801301019,43.8,0.39,55.05690489575236,82.58535734362854,0.5,4,30.93968654981101,63.20581407835953,9.218311942352326,251.71455415968146,1001,10000,Clouds,0,4,13,3,0,0,1,0.0,0.0,57.58470797829103,65.98532019845966,62.75302523997268,3.6666666666666665,47.30783342702666,3.0
2026-03-13T01:00:00+00:00,Karachi,24.8607,67.0011,openweathermap_historical,90.50667264022931,0.01,0.023309168465533343,43.8,0.39,69.90619648540721,104.85929472811081,0.5,3,18.32809689070756,60.48884144510695,7.836898504374484,219.571768022715,1001,10000,Clouds,1,4,13,3,0,0,1,0.0,0.0,60.5659299256529,64.29672968542776,63.39383567340328,3.3333333333333335,57.70233753978505,4.0
2026-03-13T02:00:00+00:00,Karachi,24.8607,67.0011,openweathermap_historical,73.24521804019574,0.01,0.06142541031530252,43.8,0.39,50.20885560483405,75.31328340725108,0.5,3,20.13429576255147,78.05760729694344,7.9031631473452295,203.25141721237992,1001,10000,Clouds,2,4,13,3,0,0,1,0.0,0.0,58.39065232866455,59.61178958944756,62.474788695739,3.3333333333333335,43.914198923383836,4.0
2026-03-13T03:00:00+00:00,Karachi,24.8607,67.0011,openweathermap_historical,70.55686790964356,0.01,0.04750284981705902,43.8,0.39,67.73182021694507,101.5977303254176,0.5,2,22.569023579003876,47.63695184205392,5.900390706044636,239.9947154099535,1001,10000,Clouds,3,4,13,3,0,0,1,0.0,0.0,62.61562410239546,60.10016604034323,62.2227886448795,2.6666666666666665,56.18027415186155,4.0
2026-03-13T04:00:00+00:00,Karachi,24.8607,67.0011,openweathermap_historical,85.36776657260148,0.01,0.04759299109400364,43.8,0.39,50.997136865884556,76.49570529882683,0.5,3,10.594433851282723,59.13426974655219,3.2494158084624014,213.85236875219576,1001,10000,Clouds,4,4,13,3,0,0,1,0.0,0.0,56.31260422922124,58.43926707743705,60.54631151216378,2.6666666666666665,44.465995806119196,3.0
2026-03-13T05:00:00+00:00,Karachi,24.8607,67.0011,openweathermap_historical,82.649157118965,0.01,0.0022019554713003306,43.8,0.39,70.52350376843287,105.78525565264931,0.5,3,27.253849769787095,52.5427356425034,4.125885117307563,231.88429889504437,1001,10000,Clouds,5,4,13,3,0,0,1,0.0,0.0,63.084153617087516,60.73740297287602,60.44040152307851,2.6666666666666665,58.13445263790302,3.0
2026-03-13T06:00:00+00:00,Karachi,24.8607,67.0011,openweathermap_historical,89.29616755867558,0.01,0.02126996903505401,43.8,0.39,76.60058932214818,114.90088398322227,0.5,3,28.519990165106524,62.743813442385964,8.025296906251981,209.72190904816014,1001,10000,Clouds,6,4,13,3,0,0,1,0.0,0.0,66.04040998548855,64.328017043942,61.2148888458592,3.0,62.38841252550373,4.0
2026-03-13T07:00:00+00:00,Karachi,24.8607,67.0011,openweathermap_historical,60.32379769653531,0.01,0.07358390934922747,43.8,0.39,110.44326187005859,165.6648928050879,0.5,3,30.27815896794951,78.71148220767427,6.806161097234146,251.815078126078,1001,10000,Clouds,7,4,13,3,0,1,1,0.0,0.0,85.8557849868799,71.08419460805055,62.96414125495326,3.0,86.07828330904101,3.0
2026-03-13T08:00:00+00:00,Karachi,24.8607,67.0011,openweathermap_historical,83.04725912429775,0.01,0.04216589691886966,43.8,0.39,49.07832770642696,73.61749155964044,0.5,4,21.20119992964806,77.19620460226983,8.355200716711607,216.2873178850982,1001,10000,Clouds,8,4,13,3,0,1,1,0.0,0.0,78.70739296621126,70.89577329164938,62.345661811200976,3.3333333333333335,43.12282939449888,4.0
2026-03-13T09:00:00+00:00,Karachi,24.8607,67.0011,openweathermap_historical,75.48139672894061,0.01,0.019147795813959787,43.8,0.39,73.9130533682856,110.8695800524284,0.5,3,23.08196307216096,67.92990747826208,9.445729883660576,209.01746835634918,1001,10000,Clouds,9,4,13,3,0,1,1,0.0,0.0,77.81154764825708,71.92597881687279,63.614241794341154,3.3333333333333335,60.50713735779993,3.0
2026-03-13T10:00:00+00:00,Karachi,24.8607,67.0011,openweathermap_historical,67.63442897491512,0.01,0.04181222445751424,43.8,0.39,74.15246622456787,111.2286993368518,0.5,3,22.407297320422582,60.71374180138236,8.804736750494458,206.7904928631093,1001,10000,Clouds,10,4,13,3,0,0,1,0.0,0.0,65.71461576642683,75.78520037665335,64.72460653741886,3.3333333333333335,60.674726357197514,4.0
2026-03-13T11:00:00+00:00,Karachi,24.8607,67.0011,openweathermap_historical,70.81934411715775,0.01,0.03732170679132111,43.8,0.39,42.69089209038573,64.0363381355786,0.5,3,26.86660824750198,62.27121994622107,7.934373636914621,248.2651856836641,1001,10000,Clouds,11,4,13,3,0,0,1,0.0,0.0,63.58547056107975,71.14643176364548,63.86049448750879,3.0,38.65162446327001,3.0
2026-03-13T12:00:00+00:00,Karachi,24.8607,67.0011,openweathermap_historical,70.90923607194657,0.01,0.06435830431594383,43.8,0.39,78.20172186412147,117.30258279618221,0.5,2,21.54135212431405,88.09767717267917,7.566248016393973,251.80339765174415,1001,10000,Clouds,12,4,13,3,0,0,1,0.0,0.0,65.01502672635837,71.41328718730772,65.50175895045874,2.6666666666666665,63.50920530488503,3.0
2026-03-13T13:00:00+00:00,Karachi,24.8607,67.0011,openweathermap_historical,78.99736261172484,0.01,0.06523704147043433,43.8,0.39,58.247174637410936,87.37076195611641,0.5,4,31.800485591019353,72.89323486862325,8.458067050236266,217.04024834115978,1001,10000,Clouds,13,4,13,3,0,0,1,0.0,0.0,59.71326286397274,62.71393931519976,65.60892240298438,3.0,49.54102224618766,2.0
2026-03-13T14:00:00+00:00,Karachi,24.8607,67.0011,openweathermap_historical,73.27147706124538,0.01,0.04064624974622529,43.8,0.39,39.92285698595389,59.884285478930835,0.5,2,32.18264196689321,60.10457465974918,7.269528675367038,225.39874535020436,1001,10000,Clouds,14,4,13,3,0,0,1,0.0,0.0,58.79058449582879,61.188027528454256,64.23757033945883,2.6666666666666665,36.71399989016773,2.0
2026-03-13T15:00:00+00:00,Karachi,24.8607,67.0011,openweathermap_historical,82.94968887192593,0.01,0.039281427645274876,43.8,0.39,95.05315491916232,142.57973237874347,0.5,3,19.99344140696076,57.967980607148,2.872193467626478,225.80111356720465,1001,10000,Clouds,15,4,13,3,0,0,1,0.0,0.0,64.40772884750906,64.71137778693371,66.47422287360658,3.0,75.30520844341363,3.0
2026-03-13T16:00:00+00:00,Karachi,24.8607,67.0011,openweathermap_historical,77.30521247418443,0.01,0.04247386356369982,43.8,0.39,44.31940548557654,66.47910822836481,0.5,3,27.40138162963345,71.50567247670477,10.665111884395841,242.1499392630425,1001,10000,Clouds,16,4,13,3,0,0,1,0.0,0.0,59.76513913023093,59.73920099710182,66.15388400417375,2.6666666666666665,39.79158383990358,3.0
2026-03-13T17:00:00+00:00,Karachi,24.8607,67.0011,openweathermap_historical,64.63078361351108,0.01,0.04824150969670417,43.8,0.39,80.25143232808956,120.37714849213435,0.5,3,22.872035676350173,54.94264296458503,7.039376885933244,208.95948111966982,1001,10000,Clouds,17,4,13,3,0,1,1,0.0,0.0,73.20799757760949,65.99929103671911,66.1932237411415,3.0,64.9440026296627,3.0
2026-03-13T18:00:00+00:00,Karachi,24.8607,67.0011,openweathermap_historical,75.41625309639049,0.01,0.04166132697652781,43.8,0.39,70.49339944317168,105.74009916475752,0.5,3,24.308773518229273,87.91523988847429,2.994065072980887,211.63325702613201,1001,10000,Clouds,18,4,13,3,0,1,1,0.0,0.0,65.02141241894594,64.7145706332275,66.61029876573421,3.0,58.11337961022018,3.0
2026-03-13T19:00:00+00:00,Karachi,24.8607,67.0011,openweathermap_historical,67.50846501893935,0.01,0.07171948192948739,43.8,0.39,79.44545470608355,119.16818205912533,0.5,2,25.153558451366106,44.81506793711924,6.288879969591034,206.19064348717166,1001,10000,Clouds,19,4,13,3,0,1,1,0.0,0.0,76.73009549244829,68.2476173113396,66.58562023000442,2.6666666666666665,64.3798182942585,2.0
2026-03-13T20:00:00+00:00,Karachi,24.8607,67.0011,openweathermap_historical,91.71560342565374,0.01,0.04052455310069622,43.8,0.39,80.40466065610285,120.60699098415427,0.5,2,25.044831480785955,75.35874948879163,8.228907768765263,251.83848852261275,1001,10000,Clouds,20,4,13,3,0,1,1,0.0,0.0,76.78117160178606,74.99458458969775,66.67254374981223,2.3333333333333335,65.051262459272,4.0
2026-03-13T21:00:00+00:00,Karachi,24.8607,67.0011,openweathermap_historical,58.33000664650655,0.01,0.036554735159544424,43.8,0.39,60.17608020715748,90.26412031073622,0.5,4,23.64029044277541,71.50378946278954,7.068213930904221,252.01632502107788,1001,10000,Clouds,21,4,13,3,0,0,1,0.0,0.0,73.34206518978131,69.1817388043636,66.47981536212833,2.6666666666666665,50.89125614501024,2.0
2026-03-13T22:00:00+00:00,Karachi,24.8607,67.0011,openweathermap_historical,74.42588731281522,0.01,0.03752823903266446,43.8,0.39,74.70954020321795,112.06431030482693,0.5,4,26.81049227157631,53.059099496964194,3.2210079787377803,236.6934435814626,1001,10000,Clouds,22,4,13,3,0,0,1,0.0,0.0,71.76342702215946,74.24676125730385,67.05260742712402,3.3333333333333335,61.064678142252575,4.0
2026-03-13T23:00:00+00:00,Karachi,24.8607,67.0011,openweathermap_historical,71.34028966788304,0.01,0.051912783453836986,43.8,0.39,45.471821320877496,68.20773198131624,0.5,4,19.028691265938267,54.24900863857539,8.415762920020605,233.1611670777032,1001,10000,Clouds,23,4,13,3,0,0,1,0.0,0.0,60.119147243751,68.45015942276851,66.5833212990023,4.0,40.59827492461425,3.0
2026-03-14T00:00:00+00:00,Karachi,24.8607,67.0011,openweathermap_historical,69.16127705669584,0.01,0.007902310773589709,43.8,0.39,56.02395680938048,84.03593521407072,0.5,3,20.845400407794273,67.65051199521106,7.425321193117946,230.48445972861504,1001,10000,Clouds,0,5,14,3,1,0,1,0.0,0.0,58.735106111158665,66.03858565046997,66.62361512873679,3.6666666666666665,47.984769766566345,3.0
2026-03-14T01:00:00+00:00,Karachi,24.8607,67.0011,openweathermap_historical,77.77701153249335,0.01,0.04449587677776843,43.8,0.39,62.7981643633208,94.1972465449812,0.5,4,22.24792377980141,69.1598815393497,8.979903719584323,228.6692901018632,1001,10000,Clouds,1,5,14,3,1,0,1,0.0,0.0,54.76464749785961,63.26403726000951,66.32744712364986,3.6666666666666665,52.72671505432456,3.0
2026-03-14T02:00:00+00:00,Karachi,24.8607,67.0011,openweathermap_historical,69.55282683857983,0.01,0.05174481734647332,43.8,0.39,45.06370292268993,67.5955543840349,0.5,4,20.50021711362781,72.34446414430096,7.464148410295372,185.49199940139155,1001,10000,Clouds,2,5,14,3,1,0,1,0.0,0.0,54.628608031797086,57.37387763777402,66.11306576189385,3.6666666666666665,40.31259204588295,3.0
2026-03-14T03:00:00+00:00,Karachi,24.8607,67.0011,openweathermap_historical,74.81519502882534,0.01,0.04803117943455494,43.8,0.39,82.03863096290304,123.05794644435457,0.5,4,25.09530938748299,68.68470899495973,8.255849731149622,218.640701321768,1001,10000,Clouds,3,5,14,3,1,0,1,0.0,0.0,63.30016608297128,61.01763609706495,66.70918287630876,4.0,66.19504167403214,4.0
2026-03-14T04:00:00+00:00,Karachi,24.8607,67.0011,openweathermap_historical,67.68500112106308,0.01,0.0637966299676985,43.8,0.39,42.60136394071324,63.90204591106986,0.5,3,19.6696140989285,50.07605594150857,4.08036546687936,227.19894175607737,1001,10000,Clouds,4,5,14,3,1,0,1,0.0,0.0,56.56789927543542,55.6662733866475,66.35935900442662,3.6666666666666665,38.58895475849927,2.0
2026-03-14T05:00:00+00:00,Karachi,24.8607,67.0011,openweathermap_historical,71.47999451598152,0.01,0.0002386305983580958,43.8,0.39,31.651999851774498,47.47799977766175,0.5,3,21.51309166243174,78.8025949881435,7.28683616512488,269.12241287780967,1001,10000,Clouds,5,5,14,3,1,0,1,0.0,0.0,52.097331585130284,53.36296980846367,64.7397130078992,3.3333333333333335,30.92439989624215,4.0
2026-03-14T06:00:00+00:00,Karachi,24.8607,67.0011,openweathermap_historical,75.84337930613272,0.01,0.04148892027780512,43.8,0.39,61.192034198742235,91.78805129811334,0.5,4,22.658913162644605,57.346206085165754,8.259093205865867,226.38629859585512,1001,10000,Clouds,6,5,14,3,1,0,1,0.0,0.0,45.14846599707668,54.22431604002395,64.09768987775728,3.3333333333333335,51.60242393911957,3.0
2026-03-14T07:00:00+00:00,Karachi,24.8607,67.0011,openweathermap_historical,72.13070388858995,0.01,0.029772587744585657,43.8,0.39,86.21749413737865,129.32624120606798,0.5,3,23.488865962401665,75.68575811471096,6.73132730274512,229.6949462606854,1001,10000,Clouds,7,5,14,3,1,1,1,0.0,0.0,59.68717606263181,58.12753766903361,63.08828288889561,3.3333333333333335,69.12024589616506,5.0
2026-03-14T08:00:00+00:00,Karachi,24.8607,67.0011,openweathermap_historical,81.24861498085846,0.01,0.030716271392726403,43.8,0.39,88.1842646327701,132.27639694915513,0.5,4,28.190472254151587,83.78614307886541,6.723394010120297,229.2137890331346,1001,10000,Clouds,8,5,14,3,1,1,1,0.0,0.0,78.53126432296368,65.31429795404696,64.71769692749324,3.6666666666666665,70.49698524293908,3.0
2026-03-14T09:00:00+00:00,Karachi,24.8607,67.0011,openweathermap_historical,74.23560656171462,0.01,0.015105227171642657,43.8,0.39,80.00592335719038,120.00888503578557,0.5,3,23.949454849061123,68.68366838329526,7.6649244396967475,223.89428020749114,1001,10000,Clouds,9,5,14,3,1,1,1,0.0,0.0,84.80256070911305,64.97551335309485,64.97156651036427,3.3333333333333335,64.77214635003328,4.0
2026-03-14T10:00:00+00:00,Karachi,24.8607,67.0011,openweathermap_historical,73.90942256841386,0.01,0.04816153492973843,43.8,0.39,70.31729586267647,105.47594379401471,0.5,4,17.81289138683325,73.89398210552923,4.021838157384988,239.2716528102728,1001,10000,Clouds,10,5,14,3,1,0,1,0.0,0.0,79.50249461754566,69.59483534008872,64.81176774528547,3.6666666666666665,57.99010710387354,3.0
2026-03-14T11:00:00+00:00,Karachi,24.8607,67.0011,openweathermap_historical,62.0847664302329,0.01,0.03571996126171561,43.8,0.39,37.474621967904625,56.21193295185694,0.5,3,23.208003929055522,58.19755526906631,4.728338064775841,251.389179845608,1001,10000,Clouds,11,5,14,3,1,0,1,0.0,0.0,62.59928039592385,70.56527235944374,64.59442315684876,3.3333333333333335,35.00023537753324,2.0
2026-03-14T12:00:00+00:00,Karachi,24.8607,67.0011,openweathermap_historical,74.86327917800945,0.01,0.07167865293334708,43.8,0.39,78.93868755973298,118.40803133959948,0.5,3,26.724976391584526,76.60225468626302,2.9574535221132185,266.0650205908757,1001,10000,Clouds,12,5,14,3,1,0,1,0.0,0.0,62.24353513010471,73.52304791960887,64.62513006083257,3.3333333333333335,64.0250812918131,2.0
2026-03-14T13:00:00+00:00,Karachi,24.8607,67.0011,openweathermap_historical,96.6122396027474,0.01,0.05907005252264946,43.8,0.39,60.08425937619239,90.12638906428859,0.5,2,20.424856315845176,68.06897148814339,4.824553251099087,219.74081176475195,1001,10000,Clouds,13,5,14,3,1,0,1,0.0,0.0,58.832522967943355,69.16750879274448,64.70167525828181,2.6666666666666665,50.826981563334684,2.0
2026-03-14T14:00:00+00:00,Karachi,24.8607,67.0011,openweathermap_historical,80.54998595804258,0.01,0.04406047948081027,43.8,0.39,54.580974467295036,81.87146170094255,0.5,2,28.616525336782423,58.98198575161219,7.47083624523008,213.55728087920932,1001,10000,Clouds,14,5,14,3,1,0,1,0.0,0.0,64.53464046774015,63.56696043183198,65.31243015333767,2.3333333333333335,46.974682127106526,2.0
2026-03-14T15:00:00+00:00,Karachi,24.8607,67.0011,openweathermap_historical,75.85766906482695,0.01,0.0519907411750685,43.8,0.39,65.19818858443033,97.79728287664548,0.5,3,33.104240968808256,64.5308856032565,6.684966074149655,257.2259121008259,1001,10000,Clouds,15,5,14,3,1,0,1,0.0,0.0,59.95447414263927,61.09900463637197,64.06847322272385,2.3333333333333335,54.40673200910123,4.0
2026-03-14T16:00:00+00:00,Karachi,24.8607,67.0011,openweathermap_historical,89.97205202841465,0.01,0.04665010043251023,43.8,0.39,57.532330075233716,86.29849511285057,0.5,3,24.854732404281034,73.5207146641203,9.228184168357533,235.18227835530718,1001,10000,Clouds,16,5,14,3,1,0,1,0.0,0.0,59.10383104231971,58.96817700513151,64.6190117472929,2.6666666666666665,49.0406310526636,2.0
2026-03-14T17:00:00+00:00,Karachi,24.8607,67.0011,openweathermap_historical,64.56215214218531,0.01,0.03480706244965264,43.8,0.39,57.49882390053616,86.24823585080424,0.5,3,23.60347113273116,59.20770145711544,6.2243870607059435,214.5870816621925,1001,10000,Clouds,17,5,14,3,1,1,1,0.0,0.0,60.07644752006675,62.305543993903434,63.67098639614483,3.0,49.01717673037531,2.0
2026-03-14T18:00:00+00:00,Karachi,24.8607,67.0011,openweathermap_historical,91.00658380259986,0.01,0.052820123661695986,43.8,0.39,66.11867491072867,99.17801236609301,0.5,3,32.63546860264555,61.917449164270245,7.309789419969432,228.9731822473335,1001,10000,Clouds,18,5,14,3,1,1,1,0.0,0.0,60.383276295499535,60.168875219069385,63.48870620729304,3.0,55.05107243751007,3.0
2026-03-14T19:00:00+00:00,Karachi,24.8607,67.0011,openweathermap_historical,88.65690942151272,0.01,0.045880315413838656,43.8,0.39,59.14424567581072,88.71636851371608,0.5,2,23.203180854376658,74.73045641007965,7.441235143653654,257.00193424074513,1001,10000,Clouds,19,5,14,3,1,1,1,0.0,0.0,60.92058149569187,60.01220626900578,62.64282249769834,2.6666666666666665,50.16897197306751,3.0
2026-03-14T20:00:00+00:00,Karachi,24.8607,67.0011,openweathermap_historical,82.33016076746594,0.01,0.04720095895285441,43.8,0.39,95.40933085109897,143.11399627664846,0.5,4,30.72335711208148,59.05324145150608,5.958387105825647,213.24706025231515,1001,10000,Clouds,20,5,14,3,1,1,1,0.0,0.0,73.55741714587947,66.8169323329731,63.26801708915652,3.0,75.55453159576928,3.0
2026-03-14T21:00:00+00:00,Karachi,24.8607,67.0011,openweathermap_historical,89.05719757366344,0.01,0.005660572836601846,43.8,0.39,64.02480119364883,96.03720179047323,0.5,2,24.62938981019271,74.4176014355396,9.842359151820187,225.52750991966633,1001,10000,Clouds,21,5,14,3,1,0,1,0.0,0.0,72.8594592401862,66.62136776784284,63.42838046359366,2.6666666666666665,53.585360835554184,3.0
2026-03-14T22:00:00+00:00,Karachi,24.8607,67.0011,openweathermap_historical,78.7525481854122,0.01,0.04143695822266153,43.8,0.39,56.10734809964101,84.16102214946152,0.5,4,29.531496193797096,59.354956717067694,11.012366198544777,208.1347027210959,1001,10000,Clouds,22,5,14,3,1,0,1,0.0,0.0,71.84716004812962,66.38387077191074,62.65328912594462,3.3333333333333335,48.04314366974871,4.0
2026-03-14T23:00:00+00:00,Karachi,24.8607,67.0011,openweathermap_historical,67.20873623800527,0.01,0.08171346786246139,43.8,0.39,39.22391606447637,58.835874096714555,0.5,3,26.161519435258366,58.592761431213354,10.634075504087967,248.66948184423705,1001,10000,Clouds,23,5,14,3,1,0,1,0.0,0.0,53.11868845258876,63.3380527992341,62.39295974026123,3.0,36.22474124513346,3.0
2026-03-15T00:00:00+00:00,Karachi,24.8607,67.0011,openweathermap_historical,68.02020417965156,0.01,0.054643942483808855,43.8,0.39,49.255942714327254,73.88391407149088,0.5,3,21.796156618388366,65.70016799299093,5.6920768787648495,208.283598865958,1001,10000,Clouds,0,6,15,3,1,0,1,0.0,0.0,48.195735626148235,60.527597433167195,62.110959152967354,3.3333333333333335,43.247159900029075,3.0
2026-03-15T01:00:00+00:00,Karachi,24.8607,67.0011,openweathermap_historical,58.76682309652324,0.01,0.06488145859445135,43.8,0.39,71.7856721202799,107.67850818041984,0.5,3,17.363432178176907,67.48550810067609,6.668439329254162,243.56567762058103,1001,10000,Clouds,1,6,15,3,1,0,1,0.0,0.0,53.42184363302787,62.634501840578714,62.48543864284064,3.0,59.01797048419593,3.0
2026-03-15T02:00:00+00:00,Karachi,24.8607,67.0011,openweathermap_historical,68.18511131697554,0.01,0.057429061019521485,43.8,0.39,72.27764925519877,108.41647388279816,0.5,3,23.915600829780953,58.0545489593814,10.917931410037701,232.0355673522043,1001,10000,Clouds,2,6,15,3,1,0,1,0.0,0.0,64.439754696602,58.77922157459536,63.61935307336185,3.0,59.36235447863915,4.0
2026-03-15T03:00:00+00:00,Karachi,24.8607,67.0011,openweathermap_historical,70.79551231093924,0.01,0.08261980155939241,43.8,0.39,85.89190213706271,128.83785320559406,0.5,4,29.61784628131528,57.18925668005749,9.731022874396473,234.51511022768818,1001,10000,Clouds,3,6,15,3,1,0,1,0.0,0.0,76.65174117084715,62.42373839849767,63.77990603895184,3.3333333333333335,68.8923314959439,2.0
2026-03-15T04:00:00+00:00,Karachi,24.8607,67.0011,openweathermap_historical,79.73217151599427,0.01,0.03684715137929426,43.8,0.39,43.92113005258324,65.88169507887486,0.5,2,20.243193843741448,70.14262997723017,7.877952938473124,190.3940109983087,1001,10000,Clouds,4,6,15,3,1,0,1,0.0,0.0,67.36356048161493,60.39270205732137,63.83489629361308,3.0,39.51279103680827,2.0
2026-03-15T05:00:00+00:00,Karachi,24.8607,67.0011,openweathermap_historical,70.21024157801148,0.01,0.026804553323205867,43.8,0.39,67.76959400375517,101.65439100563276,0.5,4,20.48751724609271,63.19724654019613,7.115587840107253,202.4425424776148,1001,10000,Clouds,5,6,15,3,1,0,1,0.0,0.0,65.8608753978004,65.15031504720118,65.33979604994562,3.3333333333333335,56.20671580262862,2.0
2026-03-15T06:00:00+00:00,Karachi,24.8607,67.0011,openweathermap_historical,63.67577050002975,0.01,0.018986919807143177,43.8,0.39,45.96899983158032,68.95349974737047,0.5,3,26.282734965943405,61.636774620741214,8.699444171975346,245.6887627068562,1001,10000,Clouds,6,6,15,3,1,0,1,0.0,0.0,52.55324129597293,64.60249123341002,64.70550295131387,3.0,40.946299882106224,4.0
2026-03-15T07:00:00+00:00,Karachi,24.8607,67.0011,openweathermap_historical,74.9346213215629,0.01,0.003126581377074264,43.8,0.39,75.85193141712998,113.77789712569496,0.5,5,20.167001199412937,57.604248415321244,8.928704826735466,246.29803750273751,1001,10000,Clouds,7,6,15,3,1,1,1,0.0,0.0,63.19684175082185,65.28020111621836,64.27360450463684,4.0,61.864351991990986,5.0
2026-03-15T08:00:00+00:00,Karachi,24.8607,67.0011,openweathermap_historical,92.03161313918316,0.01,0.04385041835884553,43.8,0.39,66.36647798897762,99.54971698346642,0.5,3,32.256129035915784,61.37654238971788,11.423616305592132,259.51485397517365,1001,10000,Clouds,8,6,15,3,1,1,1,0.0,0.0,62.72913641256266,64.2950059051815,63.36453006114548,3.6666666666666665,55.224534592284336,4.0
2026-03-15T09:00:00+00:00,Karachi,24.8607,67.0011,openweathermap_historical,75.35530895275849,0.01,0.079072895844706,43.8,0.39,89.10383487370925,133.65575231056386,0.5,4,25.314312352045892,72.86691583459962,8.465986333689473,232.77541338468606,1001,10000,Clouds,9,6,15,3,1,1,1,0.0,0.0,77.10741475993898,64.83032802795593,63.743609707667105,4.0,71.14068441159648,3.0
2026-03-15T10:00:00+00:00,Karachi,24.8607,67.0011,openweathermap_historical,81.57942503884449,0.01,0.06625030429936218,43.8,0.39,51.5650857845052,77.34762867675781,0.5,3,22.618045520543895,38.39701574202569,7.922417436362649,241.5235269515096,1001,10000,Clouds,10,6,15,3,1,0,1,0.0,0.0,69.01179954906405,66.10432064994292,62.96226762107664,3.3333333333333335,44.86356004915364,3.0
2026-03-15T11:00:00+00:00,Karachi,24.8607,67.0011,openweathermap_historical,61.63574223480909,0.01,0.07526087926228203,43.8,0.39,56.887620703798746,85.33143105569812,0.5,2,21.53114974545483,64.48806080377867,7.727916593373274,256.5176959296414,1001,10000,Clouds,11,6,15,3,1,0,1,0.0,0.0,65.85218045400443,64.29065843328353,63.77114256840556,3.0,48.58933449265912,3.0
2026-03-15T12:00:00+00:00,Karachi,24.8607,67.0011,openweathermap_historical,86.55328683515508,0.01,0.07166922204187001,43.8,0.39,49.135423172055496,73.70313475808325,0.5,2,25.412546906211634,69.82046023838056,6.34694909096043,213.96230884263633,1001,10000,Clouds,12,6,15,3,1,0,1,0.0,0.0,52.529376553453176,64.81839565669604,62.529339885585664,2.3333333333333335,43.16279622043885,4.0
2026-03-15T13:00:00+00:00,Karachi,24.8607,67.0011,openweathermap_historical,87.20638756579051,0.01,-0.00034438067554023316,43.8,0.39,89.30390261565955,133.95585392348931,0.5,2,35.54249381657777,49.07944276165914,7.003917713681553,207.81155257827797,1001,10000,Clouds,13,6,15,3,1,0,1,0.0,0.0,65.10898216383795,67.06039085645098,63.746825020563456,2.0,71.28073183096168,3.0
2026-03-15T14:00:00+00:00,Karachi,24.8607,67.0011,openweathermap_historical,74.90441976478989,0.01,0.0530209999767228,43.8,0.39,74.46258990723045,111.69388486084569,0.5,2,27.167252222292987,71.46040933234183,1.7086917083592112,251.66476858369697,1001,10000,Clouds,14,6,15,3,1,0,1,0.0,0.0,70.96730523164852,68.40974284282645,64.5752256638941,2.0,60.891812935061324,4.0
2026-03-15T15:00:00+00:00,Karachi,24.8607,67.0011,openweathermap_historical,73.3555383631891,0.01,0.06959429631023464,43.8,0.39,62.793821283395516,94.19073192509327,0.5,4,25.754380385924215,70.64604516529714,5.432187576901846,248.39231470300845,1001,10000,Clouds,15,6,15,3,1,0,1,0.0,0.0,75.5201046020952,64.02474057777417,64.47504369301764,2.6666666666666665,52.72367489837687,3.0
2026-03-15T16:00:00+00:00,Karachi,24.8607,67.0011,openweathermap_historical,74.01796131935494,0.01,0.0279497660954631,43.8,0.39,76.00159524483638,114.00239286725457,0.5,2,27.362986887432967,53.900822331379956,8.920612009182236,182.80282329836575,1001,10000,Clouds,16,6,15,3,1,0,1,0.0,0.0,71.08600214515413,68.09749215449602,65.24459640841776,2.6666666666666665,61.96911667138547,2.0
2026-03-15T17:00:00+00:00,Karachi,24.8607,67.0011,openweathermap_historical,77.06120925381482,0.01,0.034516856166601134,43.8,0.39,79.11091558241519,118.66637337362278,0.5,2,27.29897350339962,65.79545918997147,7.477792945513437,219.64388722552496,1001,10000,Clouds,17,6,15,3,1,1,1,0.0,0.0,72.63544403688239,71.80137463426543,66.14510022849606,2.6666666666666665,64.14564090769063,3.0
2026-03-15T18:00:00+00:00,Karachi,24.8607,67.0011,openweathermap_historical,94.01165332775489,0.01,0.05083714665044202,43.8,0.39,65.10361500194271,97.65542250291406,0.5,3,22.787501381149987,82.73683294131257,12.031881434498484,232.8152142996169,1001,10000,Clouds,18,6,15,3,1,1,1,0.0,0.0,73.40537527639812,74.46273993924663,66.10280606562998,2.3333333333333335,54.3405305013599,2.0
2026-03-15T19:00:00+00:00,Karachi,24.8607,67.0011,openweathermap_historical,63.35655490948824,0.01,0.06567318353063656,43.8,0.39,60.34775414171574,90.52163121257361,0.5,3,30.250278039891626,59.03669787007341,9.614748763751361,230.5999938672588,1001,10000,Clouds,19,6,15,3,1,1,1,0.0,0.0,68.18742824202457,69.63671519358934,66.15295225170935,2.6666666666666665,51.011427899201024,3.0
2026-03-15T20:00:00+00:00,Karachi,24.8607,67.0011,openweathermap_historical,77.46048429074747,0.01,0.06698534374449422,43.8,0.39,63.41706946553261,95.12560419829892,0.5,3,26.995335138498046,83.84814529313007,9.669679410029765,269.65626480730685,1001,10000,Clouds,20,6,15,3,1,1,1,0.0,0.0,62.95614620306372,67.79579511997302,64.81994136064408,3.0,53.15994862587283,4.0
2026-03-15T21:00:00+00:00,Karachi,24.8607,67.0011,openweathermap_historical,62.783569747883384,0.01,0.05226256899299581,43.8,0.39,75.0354051164042,112.55310767460631,0.5,3,23.030756141470096,54.09259036116421,9.470354411993931,253.88842691030905,1001,10000,Clouds,21,6,15,3,1,0,1,0.0,0.0,66.26674290788422,69.83605909214113,65.27871652409222,3.0,61.29278358148295,3.0
2026-03-15T22:00:00+00:00,Karachi,24.8607,67.0011,openweathermap_historical,79.2305836026133,0.01,0.04820798690869725,43.8,0.39,54.54723272390117,81.82084908585175,0.5,4,32.16696150007638,59.351781095514326,9.094897581388162,247.75952686361717,1001,10000,Clouds,22,6,15,3,1,0,1,0.0,0.0,64.33323576861268,66.2603320053186,65.21371171676974,3.3333333333333335,46.95106290673082,4.0
2026-03-15T23:00:00+00:00,Karachi,24.8607,67.0011,openweathermap_historical,87.65062758806847,0.01,0.04690339170591283,43.8,0.39,39.86978743230594,59.80468114845891,0.5,3,19.26476033221823,75.51590056506778,9.250282538528399,206.38763221545088,1001,10000,Clouds,23,6,15,3,1,0,1,0.0,0.0,56.484141757537124,59.7201439803004,65.24062302376264,3.3333333333333335,36.67685120261416,4.0
2026-03-16T00:00:00+00:00,Karachi,24.8607,67.0011,openweathermap_historical,61.49939261141759,0.01,0.0351987726825346,43.8,0.39,62.26836797001003,93.40255195501504,0.5,3,18.757256893775963,63.464431251474,6.399534104456011,260.32243195369824,1001,10000,Clouds,0,0,16,3,0,0,1,0.0,0.0,52.22846270873907,59.24760280831162,65.78280740941608,3.3333333333333335,52.35585757900702,3.0
2026-03-16T01:00:00+00:00,Karachi,24.8607,67.0011,openweathermap_historical,52.79281153759554,0.01,0.04500403835721502,43.8,0.39,83.88814400856549,125.83221601284824,0.5,3,17.044152992181356,73.92828395334105,8.312321857304314,242.1134896669143,1001,10000,Clouds,1,0,16,3,0,0,1,0.0,0.0,62.00876647029384,63.17100111945323,66.28707707142799,3.0,67.48970080599585,3.0
2026-03-16T02:00:00+00:00,Karachi,24.8607,67.0011,openweathermap_historical,76.22282749729723,0.01,0.03711342037240955,43.8,0.39,56.97719484114129,85.46579226171194,0.5,4,27.517340091820728,69.42497997084206,7.587731015993381,218.8095592925264,1001,10000,Clouds,2,0,16,3,0,0,1,0.0,0.0,67.71123560657229,62.09768868205469,65.64955813750892,3.3333333333333335,48.652036388798905,3.0
2026-03-16T03:00:00+00:00,Karachi,24.8607,67.0011,openweathermap_historical,78.8885892887759,0.01,0.03391909885181691,43.8,0.39,60.382031303332525,90.57304695499879,0.5,2,22.46229729301701,51.81586167482605,6.992867441406757,213.08316360030835,1001,10000,Clouds,3,0,16,3,0,0,1,0.0,0.0,67.08245671767979,59.6554597132094,64.58664685277016,3.0,51.035421912332765,2.0
2026-03-16T04:00:00+00:00,Karachi,24.8607,67.0011,openweathermap_historical,86.9719083181177,0.01,0.06666458921995977,43.8,0.39,55.6536443895301,83.48046658429516,0.5,2,25.613599545763563,58.145725251223226,10.359571960007177,180.72553954955103,1001,10000,Clouds,4,0,16,3,0,0,1,0.0,0.0,57.670956844668005,59.839861657480895,65.07550161680962,2.6666666666666665,47.725551072671074,3.0
2026-03-16T05:00:00+00:00,Karachi,24.8607,67.0011,openweathermap_historical,87.45571067953361,0.01,0.008520668340534665,43.8,0.39,45.253543636047006,67.88031545407051,0.5,2,18.478618021464406,90.11388149275339,7.467181391276202,253.73940171958608,1001,10000,Clouds,5,0,16,3,0,0,1,0.0,0.0,53.76307310963657,60.73715435810441,64.13733285148844,2.0,40.445480545232904,3.0
2026-03-16T06:00:00+00:00,Karachi,24.8607,67.0011,openweathermap_historical,97.01453647500976,0.01,0.05243033471777087,43.8,0.39,50.11731767424018,75.17597651136026,0.5,4,23.957966061568676,69.05203440652016,4.816471620110223,259.5361647135088,1001,10000,Clouds,6,0,16,3,0,0,1,0.0,0.0,50.341501899939125,58.711979308809426,64.31017942826593,2.6666666666666665,43.850122371968126,3.0
2026-03-16T07:00:00+00:00,Karachi,24.8607,67.0011,openweathermap_historical,71.8358596497462,0.01,0.024922176787848367,43.8,0.39,76.27345164893646,114.41017747340469,0.5,5,18.911847920017088,67.03714392174585,3.697411526530007,237.95347449369294,1001,10000,Clouds,7,0,16,3,0,1,1,0.0,0.0,57.214770986407906,57.442863915537934,64.32774277125787,3.6666666666666665,62.159416154255524,4.0
2026-03-16T08:00:00+00:00,Karachi,24.8607,67.0011,openweathermap_historical,88.83670255000116,0.01,0.009555415005678868,43.8,0.39,73.88203641974592,110.82305462961887,0.5,4,24.430243828202673,60.22997982016871,5.614991774730109,247.06465150110716,1001,10000,Clouds,8,0,16,3,0,1,1,0.0,0.0,66.75760191430754,60.26033751197203,64.64089103920655,4.333333333333333,60.48542549382214,4.0
2026-03-16T09:00:00+00:00,Karachi,24.8607,67.0011,openweathermap_historical,67.15938864849913,0.01,0.06540111691709771,43.8,0.39,96.8397260632074,145.25958909481108,0.5,3,22.23779669273455,94.19249496009532,6.388556987371642,248.12979077495123,1001,10000,Clouds,9,0,16,3,0,1,1,0.0,0.0,82.33173804396328,66.33661997195118,64.96321983876898,4.0,76.55580824424518,3.0
2026-03-16T10:00:00+00:00,Karachi,24.8607,67.0011,openweathermap_historical,83.91928759192717,0.01,0.03997301117184136,43.8,0.39,57.124261964792275,85.68639294718841,0.5,3,25.64564952671194,64.41509843012123,2.8243925399781586,242.84458639820548,1001,10000,Clouds,10,0,16,3,0,0,1,0.0,0.0,75.94867481591523,66.58172290116154,65.19485217961427,3.3333333333333335,48.7549833753546,3.0
2026-03-16T11:00:00+00:00,Karachi,24.8607,67.0011,openweathermap_historical,66.31836979917514,0.01,0.08439213104513033,43.8,0.39,52.48120884407565,78.72181326611349,0.5,3,25.05687686723185,44.767904401868904,6.512249054721354,260.755348199202,1001,10000,Clouds,11,0,16,3,0,0,1,0.0,0.0,68.81506562402514,67.78633376916632,65.01125168545913,3.0,45.50484619085296,4.0
2026-03-16T12:00:00+00:00,Karachi,24.8607,67.0011,openweathermap_historical,66.89028682591206,0.01,0.04760028774328579,43.8,0.39,49.92709415919592,74.89064123879388,0.5,4,28.922220278369416,52.42163917850649,9.65294334096533,260.7092088857412,1001,10000,Clouds,12,0,16,3,0,0,1,0.0,0.0,53.177521656021305,67.75462984999227,65.04423797658998,3.3333333333333335,43.71696591143714,3.0
2026-03-16T13:00:00+00:00,Karachi,24.8607,67.0011,openweathermap_historical,88.4197522062658,0.01,0.050992355860769445,43.8,0.39,45.68074246043801,68.52111369065702,0.5,3,20.600840485777454,56.27105693568727,9.793602725115642,209.174180261687,1001,10000,Clouds,13,0,16,3,0,0,1,0.0,0.0,49.36301515456989,62.65584498524253,63.22660630345575,3.3333333333333335,40.74451972230661,2.0
2026-03-16T14:00:00+00:00,Karachi,24.8607,67.0011,openweathermap_historical,57.62380131153499,0.01,0.06877456384521588,43.8,0.39,32.410156179061566,48.615234268592346,0.5,4,22.66583726284563,66.58903073636328,6.202119248485199,245.98544924667476,1001,10000,Clouds,14,0,16,3,0,0,1,0.0,0.0,42.67266426623186,55.74386494512847,61.474421564782055,3.6666666666666665,31.455109325343095,4.0
2026-03-16T15:00:00+00:00,Karachi,24.8607,67.0011,openweathermap_historical,83.51430548017048,0.01,0.08606772400463442,43.8,0.39,44.74421594102658,67.11632391153987,0.5,3,24.189158635405086,63.21415130113262,9.079828368625387,275.1968253400797,1001,10000,Clouds,15,0,16,3,0,0,1,0.0,0.0,40.94503819350875,47.061279924764996,60.72235467551669,3.3333333333333335,40.08895115871861,3.0
2026-03-16T16:00:00+00:00,Karachi,24.8607,67.0011,openweathermap_historical,88.61542819830672,0.01,0.06136163184276376,43.8,0.39,62.760534413727065,94.1408016205906,0.5,2,28.854387258648543,48.239447600183404,6.436238998632076,192.66706049563874,1001,10000,Clouds,16,0,16,3,0,0,1,0.0,0.0,46.638302177938435,48.00065866625413,60.170643807553795,3.0,52.70037408960894,3.0
2026-03-16T17:00:00+00:00,Karachi,24.8607,67.0011,openweathermap_historical,67.26237247705987,0.01,0.02159741994213192,43.8,0.39,36.42233603647281,54.633504054709206,0.5,3,22.260118626533192,45.91252990615152,7.546410783357595,214.7649138027399,1001,10000,Clouds,17,0,16,3,0,1,1,0.0,0.0,47.97569546374218,45.324179864986995,58.39195299313952,2.6666666666666665,34.26363522553096,4.0
2026-03-16T18:00:00+00:00,Karachi,24.8607,67.0011,openweathermap_historical,81.21339305325625,0.01,0.04724518925472965,43.8,0.39,87.71506141835513,131.5725921275327,0.5,2,28.103193946477734,68.8581159042746,4.4557416736937,247.93454888076343,1001,10000,Clouds,18,0,16,3,0,1,1,0.0,0.0,62.29931062285169,51.62217440818019,59.334096593823375,2.3333333333333335,70.1685429928486,3.0
2026-03-16T19:00:00+00:00,Karachi,24.8607,67.0011,openweathermap_historical,71.3419589042648,0.01,0.07013310964659347,43.8,0.39,67.69833207189329,101.54749810783994,0.5,3,24.605953692607052,55.71219540455777,4.456331571085736,272.7786155532768,1001,10000,Clouds,19,0,16,3,0,1,1,0.0,0.0,63.94524317557377,55.29177267675607,59.640370674247436,2.6666666666666665,56.15683245032531,2.0
2026-03-16T20:00:00+00:00,Karachi,24.8607,67.0011,openweathermap_historical,72.77312223677812,0.01,0.07489965700272377,43.8,0.39,82.36963350707701,123.55445026061551,0.5,4,31.711954099257746,75.56342174067534,5.718696100439704,243.45335909091173,1001,10000,Clouds,20,0,16,3,0,1,1,0.0,0.0,79.26100899910851,63.61835223142531,60.43006084264513,3.0,66.42674345495392,2.0
2026-03-16T21:00:00+00:00,Karachi,24.8607,67.0011,openweathermap_historical,68.42040683277453,0.01,0.039033438544082026,43.8,0.39,30.57596284451823,45.863944266777345,0.5,3,26.616957585668736,70.20344419009913,9.018925505664829,226.68081618429215,1001,10000,Clouds,21,0,16,3,0,0,1,0.0,0.0,60.21464280782954,61.25697671534059,58.57758408131654,3.3333333333333335,30.17117399116276,2.0
2026-03-16T22:00:00+00:00,Karachi,24.8607,67.0011,openweathermap_historical,67.87896536338435,0.01,0.02465933451699863,43.8,0.39,78.45764320699593,117.68646481049389,0.5,4,29.207233822230652,76.82474302840124,6.782665210365434,221.21152223749533,1001,10000,Clouds,22,0,16,3,0,0,1,0.0,0.0,63.80107985286375,63.87316151421874,59.57385118477882,3.6666666666666665,63.68835024489715,4.0
2026-03-16T23:00:00+00:00,Karachi,24.8607,67.0011,openweathermap_historical,78.6106066354191,0.01,0.048954320104605424,43.8,0.39,82.44231525131127,123.6634728769669,0.5,4,23.452844475364824,76.4328721004119,8.03329180691795,257.08508575547864,1001,10000,Clouds,23,0,16,3,0,0,1,0.0,0.0,63.825307100941835,71.54315805002514,61.34770651057071,3.6666666666666665,66.47762067591789,3.0
2026-03-17T00:00:00+00:00,Karachi,24.8607,67.0011,openweathermap_historical,94.41307508952974,0.01,0.03927474041292803,43.8,0.39,55.016111491296215,82.52416723694432,0.5,3,27.216668091343035,35.98352155437781,10.120508652882519,260.1705354238083,1001,10000,Clouds,0,1,17,3,0,0,1,0.0,0.0,71.97202331653449,66.093333062182,61.045529157290964,3.6666666666666665,47.279278043907354,2.0
2026-03-17T01:00:00+00:00,Karachi,24.8607,67.0011,openweathermap_historical,68.14082424001371,0.01,0.025230642063456384,43.8,0.39,54.34093191112583,81.51139786668874,0.5,3,18.903689476853298,66.12706369241653,4.236967870752112,255.8255367089514,1001,10000,Clouds,1,1,17,3,0,0,1,0.0,0.0,63.93311955124447,63.86709970205408,59.81439531989765,3.3333333333333335,46.80665233778808,3.0
2026-03-17T02:00:00+00:00,Karachi,24.8607,67.0011,openweathermap_historical,72.99165360134272,0.01,0.06194284437076285,43.8,0.39,75.63417630894254,113.45126446341382,0.5,3,29.49499918057459,80.96834700312202,9.621431675279384,233.8411270846639,1001,10000,Clouds,2,1,17,3,0,0,1,0.0,0.0,61.66373990378823,62.744523502365006,60.5917695477227,3.0,61.71192341625978,3.0
2026-03-17T03:00:00+00:00,Karachi,24.8607,67.0011,openweathermap_historical,100.68859275059908,0.01,0.0396983449120491,43.8,0.39,60.46030398743253,90.6904559811488,0.5,2,26.407844122632405,64.9866657961587,5.058946470175092,214.09751069023753,1001,10000,Clouds,3,1,17,3,0,0,1,0.0,0.0,63.47847073583367,67.72524702618405,60.5950309095602,2.6666666666666665,51.090212791202774,3.0
2026-03-17T04:00:00+00:00,Karachi,24.8607,67.0011,openweathermap_historical,77.98898255537615,0.01,0.0436813347996022,43.8,0.39,52.98370021140854,79.4755503171128,0.5,3,27.670707634558276,57.23307064118367,5.160006090388697,252.9457705957534,1001,10000,Clouds,4,1,17,3,0,0,1,0.0,0.0,63.026060169261235,63.479589860252815,60.483783235471805,2.6666666666666665,45.85659014798598,3.0
2026-03-17T05:00:00+00:00,Karachi,24.8607,67.0011,openweathermap_historical,73.91864420236327,0.01,0.027442399496846133,43.8,0.39,45.61340155154919,68.42010232732378,0.5,3,17.246821825428153,85.97552695949555,8.21701435038773,247.69631708994118,1001,10000,Clouds,5,1,17,3,0,0,1,0.0,0.0,53.01913525013012,57.341437576959144,60.4987773152844,2.6666666666666665,40.69738108608443,2.0
2026-03-17T06:00:00+00:00,Karachi,24.8607,67.0011,openweathermap_historical,72.02552348704799,0.01,0.04437480892800687,43.8,0.39,74.34125763169261,111.51188644753893,0.5,3,27.58394022488348,54.871496333783824,9.041955378652352,188.8745784393348,1001,10000,Clouds,6,1,17,3,0,0,1,0.0,0.0,57.64611979821681,60.562295267025206,61.50810814684491,3.0,60.80688034218484,4.0
2026-03-17T07:00:00+00:00,Karachi,24.8607,67.0011,openweathermap_historical,89.1190967294453,0.01,0.044414038469507325,43.8,0.39,67.26044510524821,100.89066765787231,0.5,4,23.915225752660646,65.55282040039093,5.993887268201938,226.97903098336215,1001,10000,Clouds,7,1,17,3,0,1,1,0.0,0.0,62.40503476283004,62.7155474660456,61.13256620752457,3.3333333333333335,55.85031157367375,4.0
2026-03-17T08:00:00+00:00,Karachi,24.8607,67.0011,openweathermap_historical,67.43093994695136,0.01,0.030833153432440925,43.8,0.39,92.9676028901372,139.4514043352058,0.5,4,23.382979304013706,60.37008883027408,4.590092121211875,244.26266433861068,1001,10000,Clouds,8,1,17,3,0,1,1,0.0,0.0,78.18976854235937,65.60445189624471,61.927798143790874,3.6666666666666665,73.84532202309605,4.0
2026-03-17T09:00:00+00:00,Karachi,24.8607,67.0011,openweathermap_historical,68.26098331595051,0.01,0.04171883623411762,43.8,0.39,52.18851666353662,78.28277499530492,0.5,3,23.582527332082595,60.75242984473782,8.554572506618811,235.40824212729385,1001,10000,Clouds,9,1,17,3,0,1,1,0.0,0.0,70.80552155297404,64.22582067559539,60.06733108547126,3.6666666666666665,45.29996166447563,3.0
2026-03-17T10:00:00+00:00,Karachi,24.8607,67.0011,openweathermap_historical,85.22650718623849,0.01,0.023690040654184865,43.8,0.39,57.329446834524624,85.99417025178694,0.5,3,21.729753431390307,59.07483253200852,5.770294218962403,241.64929612170013,1001,10000,Clouds,10,1,17,3,0,0,1,0.0,0.0,67.49518879606619,64.95011177944808,60.07588045504344,3.3333333333333335,48.89861278416724,3.0
2026-03-17T11:00:00+00:00,Karachi,24.8607,67.0011,openweathermap_historical,73.25264257110844,0.01,0.04930046757757606,43.8,0.39,36.45773886471221,54.68660829706832,0.5,4,23.526021428204302,71.88359821264511,7.01010323942598,236.82408596489412,1001,10000,Clouds,11,1,17,3,0,0,1,0.0,0.0,48.65856745425785,63.424167998308576,59.40823587256997,3.3333333333333335,34.28841720529855,4.0
2026-03-17T12:00:00+00:00,Karachi,24.8607,67.0011,openweathermap_historical,89.57411483705637,0.01,0.023433512273606953,43.8,0.39,40.9146480585308,61.3719720877962,0.5,3,33.13326292482871,59.89714910387882,8.684358691753829,254.74018095631408,1001,10000,Clouds,12,1,17,3,0,0,1,0.0,0.0,44.90061125258924,57.853066402781614,59.03271728504225,3.3333333333333335,37.408253640971566,3.0
2026-03-17T13:00:00+00:00,Karachi,24.8607,67.0011,openweathermap_historical,70.44114961360258,0.01,0.03272304898684298,43.8,0.39,56.06091924476429,84.09137886714643,0.5,2,16.31996346278377,69.17827475813745,6.9844840577033755,272.1439450382626,1001,10000,Clouds,13,1,17,3,0,0,1,0.0,0.0,44.47776872266914,55.98647875936763,59.46522465105585,3.0,48.01064347133501,2.0
2026-03-17T14:00:00+00:00,Karachi,24.8607,67.0011,openweathermap_historical,97.27350768532857,0.01,0.03175552494930849,43.8,0.39,53.447567875923866,80.17135181388579,0.5,4,19.879187590240555,55.17703020626038,7.158615072163374,218.14999499808215,1001,10000,Clouds,14,1,17,3,0,0,1,0.0,0.0,50.14104505973969,49.39980625699874,60.34178347175844,3.0,46.18129751314671,4.0
2026-03-17T15:00:00+00:00,Karachi,24.8607,67.0011,openweathermap_historical,82.7899540142258,0.01,0.057540303821347755,43.8,0.39,61.46937158600795,92.20405737901193,0.5,3,25.942008947049814,77.88853498446659,5.050445010571879,199.9122908955006,1001,10000,Clouds,15,1,17,3,0,0,1,0.0,0.0,56.99261956889873,50.94661541074396,61.038664956965995,3.0,51.796560110205576,4.0
2026-03-17T16:00:00+00:00,Karachi,24.8607,67.0011,openweathermap_historical,71.37573364359751,0.01,0.05808663382480718,43.8,0.39,37.42866178959711,56.142992684395665,0.5,3,23.628862366509257,69.4043083938539,7.1364094236799565,231.73449911029613,1001,10000,Clouds,16,1,17,3,0,0,1,0.0,0.0,50.78186708384302,47.62981790325605,59.983170264293925,3.3333333333333335,34.968063252717975,3.0
2026-03-17T17:00:00+00:00,Karachi,24.8607,67.0011,openweathermap_historical,70.98938429355672,0.01,0.038904828312356345,43.8,0.39,62.93567771602329,94.40351657403494,0.5,4,17.60516138704285,59.428609883053674,4.5580191085239035,212.11423433215666,1001,10000,Clouds,17,1,17,3,0,1,1,0.0,0.0,53.94457036387615,52.04280771180788,61.08789283427519,3.3333333333333335,52.822974401216314,4.0
2026-03-17T18:00:00+00:00,Karachi,24.8607,67.0011,openweathermap_historical,72.70286586258258,0.01,0.04997172897280764,43.8,0.39,61.790396387278264,92.6855945809174,0.5,3,28.28252090301811,66.91453332803084,10.242973149354162,211.74336814074067,1001,10000,Clouds,18,1,17,3,0,1,1,0.0,0.0,54.051578630966254,55.52209909993246,60.00769845798032,3.3333333333333335,52.02127747109479,4.0
2026-03-17T19:00:00+00:00,Karachi,24.8607,67.0011,openweathermap_historical,77.54669660241723,0.01,0.036794351003273953,43.8,0.39,85.66983902581737,128.50475853872604,0.5,2,24.302694667351286,74.22365053483603,7.879499888034394,216.99571707307206,1001,10000,Clouds,19,1,17,3,0,1,1,0.0,0.0,70.13197104303968,60.4569190634413,60.75651124772716,3.0,68.73688731807216,3.0
2026-03-17T20:00:00+00:00,Karachi,24.8607,67.0011,openweathermap_historical,83.0671761878513,0.01,0.015276463823754579,43.8,0.39,82.46591245420302,123.69886868130453,0.5,2,22.151221224414034,64.49386518683124,6.948103650572439,239.7133339469671,1001,10000,Clouds,20,1,17,3,0,1,1,0.0,0.0,76.64204928909959,65.29330982648783,60.76052287052406,2.3333333333333335,66.49413871794212,3.0
2026-03-17T21:00:00+00:00,Karachi,24.8607,67.0011,openweathermap_historical,70.81883147105802,0.01,0.0741860038565404,43.8,0.39,52.07948545584205,78.11922818376307,0.5,2,22.64108753944531,46.4027854279719,7.575039336122203,274.4433623386428,1001,10000,Clouds,21,1,17,3,0,0,1,0.0,0.0,73.40507897862085,63.72832880479351,61.65650297932924,2.0,45.223639819089435,3.0
2026-03-17T22:00:00+00:00,Karachi,24.8607,67.0011,openweathermap_historical,83.47022504724185,0.01,0.0327051699410669,43.8,0.39,73.92463386036337,110.88695079054506,0.5,4,17.909634973039754,58.045102900292186,5.2879798255011075,251.83523844793132,1001,10000,Clouds,22,1,17,3,0,0,1,0.0,0.0,69.49001059013618,69.8109908165879,61.467627589886206,2.6666666666666665,60.51524370225437,4.0
2026-03-17T23:00:00+00:00,Karachi,24.8607,67.0011,openweathermap_historical,68.74092764615361,0.01,0.070994347533301,43.8,0.39,77.25070022389988,115.87605033584983,0.5,3,21.95038852269854,69.34887712181215,6.871332379985505,232.39452185103437,1001,10000,Clouds,23,1,17,3,0,0,1,0.0,0.0,67.75160651336847,72.19682790123399,61.251310297077396,3.0,62.84349015672993,3.0
2026-03-18T00:00:00+00:00,Karachi,24.8607,67.0011,openweathermap_historical,74.38419439764213,0.01,0.03416491847946975,43.8,0.39,57.1301207176136,85.6951810764204,0.5,2,31.171334487898037,65.62348778596217,11.23287499221957,215.58250961394717,1001,10000,Clouds,0,2,18,3,0,0,1,0.0,0.0,69.43515160062564,71.42011528962321,61.33939401484062,3.0,48.75908450232952,4.0
2026-03-18T01:00:00+00:00,Karachi,24.8607,67.0011,openweathermap_historical,72.94548219499717,0.01,0.04946975133031433,43.8,0.39,52.74260299727865,79.11390449591798,0.5,3,26.77400130623808,73.99238910787982,6.531262409649829,247.66980444917405,1001,10000,Clouds,1,2,18,3,0,0,1,0.0,0.0,62.374474646264076,65.93224261820009,61.27279697676366,2.6666666666666665,45.68782209809506,3.0
2026-03-18T02:00:00+00:00,Karachi,24.8607,67.0011,openweathermap_historical,77.87610988936619,0.01,0.028870836520857916,43.8,0.39,66.48580578608393,99.7287086791259,0.5,3,24.48992231488227,81.6279010150279,8.7695778469973,278.2735892393835,1001,10000,Clouds,2,2,18,3,0,0,1,0.0,0.0,58.78617650032543,63.26889150684692,60.89161487164455,2.6666666666666665,55.30806405025875,3.0
2026-03-18T03:00:00+00:00,Karachi,24.8607,67.0011,openweathermap_historical,79.58013802602638,0.01,0.025624505994404273,43.8,0.39,85.44536442015048,128.16804663022572,0.5,3,25.49702057998145,54.75972207941189,7.646555634172008,215.1215526008682,1001,10000,Clouds,3,2,18,3,0,0,1,0.0,0.0,68.22459106783772,68.82987133423165,61.93265905634113,3.0,68.57975509410535,3.0
2026-03-18T04:00:00+00:00,Karachi,24.8607,67.0011,openweathermap_historical,96.83948534938926,0.01,0.05343521436653419,43.8,0.39,56.99272485060534,85.48908727590802,0.5,3,24.629368028728194,64.12647768963625,8.583158450197185,263.0923374467937,1001,10000,Clouds,4,2,18,3,0,0,1,0.0,0.0,69.64129835227995,66.00788649927198,62.09970174964099,3.0,48.662907395423744,4.0
2026-03-18T05:00:00+00:00,Karachi,24.8607,67.0011,openweathermap_historical,79.36140714583662,0.01,0.0634070234588206,43.8,0.39,64.92843990932712,97.39265986399069,0.5,2,26.866832999445858,81.59238842164211,6.75928991624314,227.74004407279546,1001,10000,Clouds,5,2,18,3,0,0,1,0.0,0.0,69.12217639336102,63.9541764468432,62.90449501454841,2.6666666666666665,54.21790793652899,3.0
2026-03-18T06:00:00+00:00,Karachi,24.8607,67.0011,openweathermap_historical,59.83691782374519,0.01,0.05258011315955178,43.8,0.39,75.03633496681799,112.55450245022698,0.5,4,28.61394393100332,46.10089723936961,9.243780209794624,265.5859893513956,1001,10000,Clouds,6,2,18,3,0,0,1,0.0,0.0,65.65249990891685,66.93854548837724,62.933456570178635,3.0,61.293434476772596,3.0
2026-03-18T07:00:00+00:00,Karachi,24.8607,67.0011,openweathermap_historical,80.19165894404469,0.01,0.026176047630270247,43.8,0.39,90.83077373312315,136.24616059968474,0.5,4,25.345413150845463,49.75119657566621,7.264919244094102,228.19951037204217,1001,10000,Clouds,7,2,18,3,0,1,1,0.0,0.0,76.93184953642279,73.28657394435133,63.91555359634009,3.3333333333333335,72.34954161318622,4.0
2026-03-18T08:00:00+00:00,Karachi,24.8607,67.0011,openweathermap_historical,73.66526043958531,0.01,0.057230452825992095,43.8,0.39,58.93336949281526,88.4000542392229,0.5,4,25.215590685023848,80.38585088383032,7.1795069357644525,245.06691084793079,1001,10000,Clouds,8,2,18,3,0,1,1,0.0,0.0,74.93349273091883,72.02783456213989,62.49746053811834,4.0,50.02135864497069,4.0
2026-03-18T09:00:00+00:00,Karachi,24.8607,67.0011,openweathermap_historical,89.59942965726964,0.01,0.03355574902679584,43.8,0.39,83.74989442903048,125.62484164354572,0.5,3,23.476224298355266,57.08212408293185,8.657946038137858,224.6884055201991,1001,10000,Clouds,9,2,18,3,0,1,1,0.0,0.0,77.83801255165633,71.74525623028656,63.81251794501392,3.6666666666666665,67.39292610032135,3.0
2026-03-18T10:00:00+00:00,Karachi,24.8607,67.0011,openweathermap_historical,85.76807766289922,0.01,0.05825753348486874,43.8,0.39,50.531708222185735,75.7975623332786,0.5,3,24.106295882058117,50.02752028612466,3.9193614611327665,274.14629000117316,1001,10000,Clouds,10,2,18,3,0,0,1,0.0,0.0,64.4049907146772,70.66842012554996,63.52927883616646,3.3333333333333335,44.140195755530016,3.0
2026-03-18T11:00:00+00:00,Karachi,24.8607,67.0011,openweathermap_historical,95.86408105296884,0.01,0.016937230603745437,43.8,0.39,60.77394941039707,91.1609241155956,0.5,4,29.89905715147589,58.45312348559472,6.15201430408032,233.17749218226257,1001,10000,Clouds,11,2,18,3,0,0,1,0.0,0.0,65.01851735387113,69.97600504239495,64.54245427557,3.3333333333333335,51.309764587277954,2.0
2026-03-18T12:00:00+00:00,Karachi,24.8607,67.0011,openweathermap_historical,72.76620301955938,0.01,0.021051732820574823,43.8,0.39,53.15613691813085,79.73420537719628,0.5,3,22.78562790679639,55.91415953278524,10.070918047422103,237.67482534904605,1001,10000,Clouds,12,2,18,3,0,0,1,0.0,0.0,54.820598183571256,66.32930536761376,65.05251631138667,3.3333333333333335,45.977295842691596,3.0
2026-03-18T13:00:00+00:00,Karachi,24.8607,67.0011,openweathermap_historical,74.08586603532929,0.01,0.04917390023878337,43.8,0.39,56.562974171486715,84.84446125723008,0.5,2,27.175742867270515,63.9875853929335,5.639182528627087,223.9906868632285,1001,10000,Clouds,13,2,18,3,0,0,1,0.0,0.0,56.831020166671586,60.61800544067435,65.07343526666678,3.0,48.36208192004071,2.0
2026-03-18T14:00:00+00:00,Karachi,24.8607,67.0011,openweathermap_historical,96.04673518846351,0.01,0.05365054606021718,43.8,0.39,55.654834057608674,83.48225108641302,0.5,4,19.32701557173465,57.429399551979294,3.9387553149320005,255.07429259295125,1001,10000,Clouds,14,2,18,3,0,0,1,0.0,0.0,55.124648382408786,60.07158286813992,65.16540469090364,3.0,47.72638384032608,3.0
2026-03-18T15:00:00+00:00,Karachi,24.8607,67.0011,openweathermap_historical,83.99682717686491,0.01,0.07615121330632466,43.8,0.39,86.54963772318541,129.82445658477812,0.5,4,26.10852737446574,72.56888175226902,5.906279337823123,204.9388717395894,1001,10000,Clouds,15,2,18,3,0,0,1,0.0,0.0,66.25581531742698,60.53820675049908,66.2104157799527,3.3333333333333335,69.3527464062298,2.0
2026-03-18T16:00:00+00:00,Karachi,24.8607,67.0011,openweathermap_historical,57.36247687480238,0.01,0.04766629292463485,43.8,0.39,65.7879448814525,98.68191732217875,0.5,3,26.693016438876057,68.52134523232412,5.347583959482396,198.1157218340178,1001,10000,Clouds,16,2,18,3,0,0,1,0.0,0.0,69.33080555408223,63.08091286037688,67.39205257544667,3.6666666666666665,54.81956141701676,3.0
2026-03-18T17:00:00+00:00,Karachi,24.8607,67.0011,openweathermap_historical,72.3471176207634,0.01,0.0445288628803,43.8,0.39,45.86346670845133,68.795200062677,0.5,4,28.82170824969613,61.90761917161887,9.215716504596992,228.6683097834178,1001,10000,Clouds,17,2,18,3,0,1,1,0.0,0.0,66.06701643769645,60.59583241005257,66.68071045013117,3.6666666666666665,40.872426695915934,2.0
2026-03-18T18:00:00+00:00,Karachi,24.8607,67.0011,openweathermap_historical,71.92020749085391,0.01,0.04102314246615535,43.8,0.39,76.8318188922323,115.24772833834845,0.5,4,21.14857363477497,60.00881452925739,7.353039011800855,254.3913558446978,1001,10000,Clouds,18,2,18,3,0,1,1,0.0,0.0,62.82774349404542,64.54177940573616,67.3074363878376,3.6666666666666665,62.550273224562616,3.0
2026-03-18T19:00:00+00:00,Karachi,24.8607,67.0011,openweathermap_historical,84.39876082204822,0.01,0.04086351793352266,43.8,0.39,48.149349025612935,72.2240235384194,0.5,3,21.780149250966105,58.625222480906864,4.808350800330972,255.96045863162377,1001,10000,Clouds,19,2,18,3,0,1,1,0.0,0.0,56.948211542098896,63.139508548090525,65.74408263782907,3.6666666666666665,42.47254431792906,4.0
2026-03-18T20:00:00+00:00,Karachi,24.8607,67.0011,openweathermap_historical,78.6669236376127,0.01,0.042209084082840104,43.8,0.39,82.06257468717504,123.09386203076257,0.5,3,27.91580499350663,49.13127575044617,5.786945631367997,258.3678694880164,1001,10000,Clouds,20,2,18,3,0,1,1,0.0,0.0,69.01458086834013,67.54079865301826,65.72727689753624,3.3333333333333335,66.21180228102254,4.0
2026-03-18T21:00:00+00:00,Karachi,24.8607,67.0011,openweathermap_historical,69.45664972829735,0.01,0.032562680667840675,43.8,0.39,77.6265358544675,116.43980378170126,0.5,3,21.089327686259093,69.90308602274457,10.236504192702565,251.5041845103655,1001,10000,Clouds,21,2,18,3,0,0,1,0.0,0.0,69.27948652241854,66.05361500823194,66.7917373308123,3.0,63.10657509812726,3.0
2026-03-18T22:00:00+00:00,Karachi,24.8607,67.0011,openweathermap_historical,66.48215846903895,0.01,0.06623739966902473,43.8,0.39,58.38485917160809,87.57728875741213,0.5,4,32.682132139018485,66.68101599222707,7.9944096953967225,262.2050965126597,1001,10000,Clouds,22,2,18,3,0,0,1,0.0,0.0,72.69132323775024,64.81976738992454,66.14424671878083,3.3333333333333335,49.63740142012567,2.0
2026-03-18T23:00:00+00:00,Karachi,24.8607,67.0011,openweathermap_historical,85.62919065790416,0.01,0.02326506187909146,43.8,0.39,63.152526172324876,94.72878925848731,0.5,3,12.77733986286782,61.31301585104096,8.812777188026631,255.63673690242243,1001,10000,Clouds,23,2,18,3,0,0,1,0.0,0.0,66.3879737328002,67.70127730057013,65.55682279996522,3.3333333333333335,52.97476832062742,3.0
2026-03-19T00:00:00+00:00,Karachi,24.8607,67.0011,openweathermap_historical,70.12521572135684,0.01,0.02494204946492174,43.8,0.39,65.94469381614671,98.91704072422007,0.5,4,22.190059455163663,73.99669197839349,3.8174724305887744,231.76080521530162,1001,10000,Clouds,0,3,19,3,0,0,1,0.0,0.0,62.494026386693264,65.88675645455585,65.92409667907076,3.6666666666666665,54.92928567130271,3.0
2026-03-19T01:00:00+00:00,Karachi,24.8607,67.0011,openweathermap_historical,80.85623284589958,0.01,0.03777763008545077,43.8,0.39,70.81769306844626,106.22653960266939,0.5,3,25.829384490849037,57.471715632385504,9.830646879364565,240.71906933590756,1001,10000,Clouds,1,3,19,3,0,0,1,0.0,0.0,66.63830435230598,69.66481379502808,66.67722543203608,3.3333333333333335,58.340385147912386,3.0
2026-03-19T02:00:00+00:00,Karachi,24.8607,67.0011,openweathermap_historical,91.40751020590169,0.01,0.05897388400950897,43.8,0.39,58.32945001659753,87.4941750248963,0.5,3,19.124083196735324,71.96399352613571,13.074944444336346,216.1054084995812,1001,10000,Clouds,2,3,19,3,0,0,1,0.0,0.0,65.03061230039687,65.7092930165985,66.33737727497414,3.3333333333333335,49.59861501161827,3.0
2026-03-19T03:00:00+00:00,Karachi,24.8607,67.0011,openweathermap_historical,91.79049077843129,0.01,0.005693452438413717,43.8,0.39,64.50129838682828,96.75194758024242,0.5,3,21.203280017647362,74.63136568494211,5.280109278872111,223.7878134672865,1001,10000,Clouds,3,3,19,3,0,0,1,0.0,0.0,64.54948049062406,63.52175343865863,65.46470785691905,3.0,53.9189088707798,3.0
2026-03-19T04:00:00+00:00,Karachi,24.8607,67.0011,openweathermap_historical,78.93721456577178,0.01,0.032439879546029976,43.8,0.39,70.12740111689303,105.19110167533954,0.5,4,22.90288377800801,69.75184538844942,5.126542994679788,223.8119802162829,1001,10000,Clouds,4,3,19,3,0,0,1,0.0,0.0,64.31938317343965,65.47884376287278,66.01198603468104,3.3333333333333335,57.85718078182512,3.0
2026-03-19T05:00:00+00:00,Karachi,24.8607,67.0011,openweathermap_historical,72.92664856654872,0.01,0.03931682981049047,43.8,0.39,70.41675283070433,105.62512924605649,0.5,3,31.10139699303525,56.116087319949436,5.196496955596816,239.37434237920664,1001,10000,Clouds,5,3,19,3,0,0,1,0.0,0.0,68.34848411147526,66.68954820593602,66.24066573973842,3.3333333333333335,58.05972698149303,3.0
2026-03-19T06:00:00+00:00,Karachi,24.8607,67.0011,openweathermap_historical,68.3617122565802,0.01,0.034907707433718266,43.8,0.39,64.32006280264936,96.48009420397403,0.5,3,20.158344529919994,69.44941956947156,3.1295079829146393,227.55691630893827,1001,10000,Clouds,6,3,19,3,0,0,1,0.0,0.0,68.28807225008228,66.41877637035313,65.79415439956473,3.3333333333333335,53.79204396185455,4.0
2026-03-19T07:00:00+00:00,Karachi,24.8607,67.0011,openweathermap_historical,74.22973380187705,0.01,0.0421816370067764,43.8,0.39,69.17966508491682,103.76949762737523,0.5,4,25.94493227385131,67.96632983010281,6.816583822011602,251.51775091086282,1001,10000,Clouds,7,3,19,3,0,1,1,0.0,0.0,67.97216023942354,66.14577170643156,64.89202487255614,3.3333333333333335,57.19376555944178,4.0
2026-03-19T08:00:00+00:00,Karachi,24.8607,67.0011,openweathermap_historical,73.67698269504459,0.01,0.04001314401676374,43.8,0.39,70.81236938796788,106.21855408195182,0.5,4,20.963716420335707,76.28607602814597,7.520549162107834,219.68868067149754,1001,10000,Clouds,8,3,19,3,0,1,1,0.0,0.0,68.10403242517806,68.22625826832662,65.38698320152082,3.6666666666666665,58.336658571577516,5.0
2026-03-19T09:00:00+00:00,Karachi,24.8607,67.0011,openweathermap_historical,70.79658132734154,0.01,0.006501448249020526,43.8,0.39,64.59477153718862,96.89215730578293,0.5,3,27.604743519319747,53.57069709749916,7.196062905804926,234.1220775504161,1001,10000,Clouds,9,3,19,3,0,1,1,0.0,0.0,68.19560200335782,68.24183712672,64.58885308102741,3.6666666666666665,53.98434007603204,3.0
2026-03-19T10:00:00+00:00,Karachi,24.8607,67.0011,openweathermap_historical,81.35985244901222,0.01,0.03505330916295658,43.8,0.39,54.171001387894286,81.25650208184143,0.5,3,21.91301719604749,87.71864481344636,6.985144562099128,214.11956451046035,1001,10000,Clouds,10,3,19,3,0,0,1,0.0,0.0,63.1927141043503,65.5824371718869,64.74049029626526,3.3333333333333335,46.687700971526006,2.0
2026-03-19T11:00:00+00:00,Karachi,24.8607,67.0011,openweathermap_historical,78.51660430994791,0.01,0.02509356367173615,43.8,0.39,59.535178140117466,89.3027672101762,0.5,2,16.92909339247481,80.58749436512088,9.493552361787215,224.38084262766063,1001,10000,Clouds,11,3,19,3,0,0,1,0.0,0.0,59.433650355066824,63.76884139012241,64.68887482667029,2.6666666666666665,50.44262469808223,4.0
2026-03-19T12:00:00+00:00,Karachi,24.8607,67.0011,openweathermap_historical,66.84561949890701,0.01,0.043666499548203785,43.8,0.39,51.13187943194062,76.69781914791093,0.5,3,21.14628079218637,67.99919234386373,7.44767430858138,225.62963080925738,1001,10000,Clouds,12,3,19,3,0,0,1,0.0,0.0,54.9460196533175,61.57081082833761,64.60453076474569,2.6666666666666665,44.560315602358436,3.0
2026-03-19T13:00:00+00:00,Karachi,24.8607,67.0011,openweathermap_historical,70.59063613987128,0.01,0.05385107714251841,43.8,0.39,62.847654708680075,94.27148206302012,0.5,2,5.873851897591116,72.79677775035995,8.460204222150612,216.4749194153882,1001,10000,Clouds,13,3,19,3,0,0,1,0.0,0.0,57.83823742691276,60.51547576563149,64.86639245379541,2.3333333333333335,52.761358296076054,2.0
2026-03-19T14:00:00+00:00,Karachi,24.8607,67.0011,openweathermap_historical,85.04268992512928,0.01,0.05191689467391812,43.8,0.39,72.3774336418141,108.56615046272114,0.5,3,26.666496609586936,70.51659361929927,5.634689423680182,248.9566845427554,1001,10000,Clouds,14,3,19,3,0,0,1,0.0,0.0,62.11898926081164,60.77631980793919,65.56316743647064,2.6666666666666665,59.43220354926987,3.0
2026-03-19T15:00:00+00:00,Karachi,24.8607,67.0011,openweathermap_historical,76.09315863343839,0.01,0.037918396560461295,43.8,0.39,59.52152116994152,89.28228175491228,0.5,2,22.381695387240516,66.83644134952547,7.374263667099733,257.50276775502607,1001,10000,Clouds,15,3,19,3,0,0,1,0.0,0.0,64.91553650681193,59.93077808006468,64.43699591341881,2.3333333333333335,50.43306481895907,3.0
2026-03-19T16:00:00+00:00,Karachi,24.8607,67.0011,openweathermap_historical,72.574725282076,0.01,0.037875235905890134,43.8,0.39,48.27692491873678,72.41538737810518,0.5,3,24.202179313148108,58.79634818056806,8.08100041629843,258.2045920012843,1001,10000,Clouds,16,3,19,3,0,0,1,0.0,0.0,60.05862657683084,58.94843200187176,63.70737008163899,2.6666666666666665,42.56184744311575,3.0
2026-03-19T17:00:00+00:00,Karachi,24.8607,67.0011,openweathermap_historical,67.52507193126429,0.01,0.05017288781637578,43.8,0.39,72.10437886360137,108.15656829540205,0.5,2,24.074024692149173,58.77614493274754,9.71684449898536,210.18823848960014,1001,10000,Clouds,17,3,19,3,0,1,1,0.0,0.0,59.967608317426595,61.04329878911907,64.80074142143691,2.3333333333333335,59.241065204520964,3.0
2026-03-19T18:00:00+00:00,Karachi,24.8607,67.0011,openweathermap_historical,75.73746588575162,0.01,0.03464434997602989,43.8,0.39,66.45662195224251,99.68493292836376,0.5,3,28.61486344558263,70.61480527154345,7.737817777897037,246.95161371431203,1001,10000,Clouds,18,3,19,3,0,1,1,0.0,0.0,62.27930857819359,63.59742254250273,64.36844154893733,2.6666666666666665,55.28763536656976,4.0
2026-03-19T19:00:00+00:00,Karachi,24.8607,67.0011,openweathermap_historical,67.2855468627072,0.01,0.01103229597947181,43.8,0.39,50.68038325888105,76.02057488832158,0.5,4,26.59960823605787,52.20212996272761,3.453007615654925,228.45141369496642,1001,10000,Clouds,19,3,19,3,0,1,1,0.0,0.0,63.080461358241685,61.56954396753622,64.47390130865683,3.0,44.24426828121674,3.0
2026-03-19T20:00:00+00:00,Karachi,24.8607,67.0011,openweathermap_historical,77.40084349074247,0.01,0.014241927745898483,43.8,0.39,63.201980460257886,94.80297069038683,0.5,4,31.048343943526742,58.123861538978446,7.799894975388207,227.64718945446631,1001,10000,Clouds,20,3,19,3,0,1,1,0.0,0.0,60.11299522379386,60.04030177061019,63.68804321586862,3.6666666666666665,53.00938632218052,3.0
2026-03-19T21:00:00+00:00,Karachi,24.8607,67.0011,openweathermap_historical,73.32505895764623,0.01,0.01126178105792575,43.8,0.39,52.364543033449394,78.54681455017409,0.5,3,20.82562731865189,67.2757953001788,10.180669846121967,239.53675083329264,1001,10000,Clouds,21,3,19,3,0,0,1,0.0,0.0,55.415635584196146,58.84747208119483,62.63546018165954,3.6666666666666665,45.42318012341458,4.0
2026-03-19T22:00:00+00:00,Karachi,24.8607,67.0011,openweathermap_historical,74.9008111418327,0.01,0.0215815679055981,43.8,0.39,40.95056637964868,61.425849569473016,0.5,2,28.606722639584905,73.86004780056476,7.271670653975849,188.43046269211658,1001,10000,Clouds,22,3,19,3,0,0,1,0.0,0.0,52.17236329111869,57.62641232468015,61.90903131532789,3.0,37.43339646575408,4.0
2026-03-19T23:00:00+00:00,Karachi,24.8607,67.0011,openweathermap_historical,69.65468468353339,0.01,0.07430812769782122,43.8,0.39,47.88351759226353,71.8252763883953,0.5,3,22.792699202828523,78.63222857020281,8.881984973718659,215.66992165597577,1001,10000,Clouds,23,3,19,3,0,0,1,0.0,0.0,47.066209001787236,53.58960211279051,61.272822624492,2.6666666666666665,42.286462314584476,4.0
2026-03-20T00:00:00+00:00,Karachi,24.8607,67.0011,openweathermap_historical,65.56208891172257,0.01,0.017305542658472332,43.8,0.39,80.10204840221891,120.15307260332837,0.5,3,14.556627108117917,55.864437168445065,6.421896547369817,204.98314280979966,1001,10000,Clouds,0,4,20,3,0,0,1,0.0,0.0,56.31204412471041,55.86383985445324,61.862712398911675,2.6666666666666665,64.83943388155325,3.0
2026-03-20T01:00:00+00:00,Karachi,24.8607,67.0011,openweathermap_historical,84.71800321826514,0.01,0.05082551827883548,43.8,0.39,60.33698782938811,90.50548174408216,0.5,3,14.706485268588041,58.657072370621236,4.040032269587946,234.0333820211637,1001,10000,Clouds,1,4,20,3,0,0,1,0.0,0.0,62.77418460795689,57.47327394953775,61.42601634728425,3.0,51.00389148057168,3.0
2026-03-20T02:00:00+00:00,Karachi,24.8607,67.0011,openweathermap_historical,76.32049216772982,0.01,0.0634957383563089,43.8,0.39,53.44819460605232,80.17229190907848,0.5,3,20.925861607077863,51.745435891241414,5.523980838332598,227.06040110943363,1001,10000,Clouds,2,4,20,3,0,0,1,0.0,0.0,64.62907694588648,55.84764297383682,61.222630705178204,3.0,46.18173622423663,4.0
2026-03-20T03:00:00+00:00,Karachi,24.8607,67.0011,openweathermap_historical,71.19650774793917,0.01,0.04208983444406497,43.8,0.39,53.00127735480031,79.50191603220046,0.5,3,28.09023628414534,44.79793122124242,6.419389720644298,215.38906630668572,1001,10000,Clouds,3,4,20,3,0,0,1,0.0,0.0,55.59548659674695,55.953765360728646,60.743463162177044,3.0,45.86889414836022,3.0
2026-03-20T04:00:00+00:00,Karachi,24.8607,67.0011,openweathermap_historical,90.01587041532501,0.01,0.03246257014453232,43.8,0.39,61.82997443083008,92.74496164624512,0.5,3,26.475201405800643,57.21594589201145,8.036566748991595,287.5448542410298,1001,10000,Clouds,4,4,20,3,0,0,1,0.0,0.0,56.093148797227606,59.433666702592205,60.397737050257746,3.0,52.04898210158106,3.0
2026-03-20T05:00:00+00:00,Karachi,24.8607,67.0011,openweathermap_historical,70.94897540144554,0.01,0.05908557544212481,43.8,0.39,52.84743112889872,79.27114669334807,0.5,3,23.91408693447587,61.70699690787906,8.920625645588911,239.3831063421943,1001,10000,Clouds,5,4,20,3,0,0,1,0.0,0.0,55.892894304843075,60.26098562536475,59.66568197934918,3.0,45.76120179022911,3.0
2026-03-20T06:00:00+00:00,Karachi,24.8607,67.0011,openweathermap_historical,83.33384466045871,0.01,0.03427168509309408,43.8,0.39,45.609459470659374,68.41418920598906,0.5,4,26.465003559316973,28.720300227118273,6.893844060085209,210.36962462772607,1001,10000,Clouds,6,4,20,3,0,0,1,0.0,0.0,53.42895501012942,54.51222080343815,58.886073507182935,3.3333333333333335,40.694621629461565,4.0
2026-03-20T07:00:00+00:00,Karachi,24.8607,67.0011,openweathermap_historical,76.48812743597577,0.01,0.04780977640563006,43.8,0.39,100.80716848655194,151.2107527298279,0.5,4,22.274273175540714,64.59331662761998,8.206567707717003,231.63850116141296,1001,10000,Clouds,7,4,20,3,0,1,1,0.0,0.0,66.42135302870338,61.25725091296547,60.203886148917725,3.6666666666666665,79.33301794058636,4.0
2026-03-20T08:00:00+00:00,Karachi,24.8607,67.0011,openweathermap_historical,93.38843447081891,0.01,0.062128534832274804,43.8,0.39,82.12678644006269,123.19017966009403,0.5,5,26.90004899000053,91.75432930990965,8.956302665902156,247.95616508290684,1001,10000,Clouds,8,4,20,3,0,1,1,0.0,0.0,76.1811381324247,66.03701621863387,60.67532019275502,4.333333333333333,66.2567505080439,4.0
2026-03-20T09:00:00+00:00,Karachi,24.8607,67.0011,openweathermap_historical,66.66014988069519,0.01,0.05667967783738294,43.8,0.39,69.77890612452546,104.6683591867882,0.5,3,24.145026581525585,52.565887387553666,7.079953279407709,236.97690888796507,1001,10000,Clouds,9,4,20,3,0,1,1,0.0,0.0,84.23762035038007,68.83328768025471,60.891325800560715,4.0,57.61323428716783,3.0
2026-03-20T10:00:00+00:00,Karachi,24.8607,67.0011,openweathermap_historical,66.95998945375833,0.01,0.0505184180652015,43.8,0.39,65.98366759210356,98.97550138815534,0.5,2,30.88535239493649,76.20788223155726,9.112913012759865,239.9633450334354,1001,10000,Clouds,10,4,20,3,0,0,1,0.0,0.0,72.62978671889728,69.5255698738003,61.383520225736106,3.3333333333333335,54.956567314472494,4.0
2026-03-20T11:00:00+00:00,Karachi,24.8607,67.0011,openweathermap_historical,61.05552949629695,0.01,0.09247221169778666,43.8,0.39,76.72967986212728,115.09451979319093,0.5,4,19.628650746511923,58.979979406552765,7.420131869761944,211.78737546192346,1001,10000,Clouds,11,4,20,3,0,0,1,0.0,0.0,70.83075119291881,73.50594466267172,62.0999577974865,3.0,62.47877590348911,4.0
2026-03-20T12:00:00+00:00,Karachi,24.8607,67.0011,openweathermap_historical,78.11464219546833,0.01,0.02608699219939557,43.8,0.39,66.4831977940424,99.7247966910636,0.5,3,23.336156109997525,71.84091195001832,5.348031755708288,232.5642693872441,1001,10000,Clouds,12,4,20,3,0,0,1,0.0,0.0,69.73218174942446,76.98490104990222,62.73959606257409,3.0,55.306238455829686,3.0
2026-03-20T13:00:00+00:00,Karachi,24.8607,67.0011,openweathermap_historical,77.79588887062386,0.01,0.07569537183845826,43.8,0.39,56.19418418220123,84.29127627330183,0.5,2,27.84664393336673,55.63160134469231,6.30703918324496,238.84431294531166,1001,10000,Clouds,13,4,20,3,0,0,1,0.0,0.0,66.46902061279035,69.54940366584377,62.462368123970805,3.0,48.10392892754086,4.0
2026-03-20T14:00:00+00:00,Karachi,24.8607,67.0011,openweathermap_historical,78.86978624771514,0.01,0.058736080591015566,43.8,0.39,66.6630548633768,99.9945822950652,0.5,3,26.920442139995174,65.33119722059074,2.3955302675222008,208.36941811082872,1001,10000,Clouds,14,4,20,3,0,0,1,0.0,0.0,63.11347894654018,66.97211506972945,62.224269008202576,2.6666666666666665,55.43213840436377,4.0
2026-03-20T15:00:00+00:00,Karachi,24.8607,67.0011,openweathermap_historical,70.77277026842904,0.01,0.023299000106645654,43.8,0.39,58.3216625375459,87.48249380631884,0.5,3,23.37164006871454,61.84906310230773,7.50828991416092,239.01279427421687,1001,10000,Clouds,15,4,20,3,0,0,1,0.0,0.0,60.39296719437468,65.06257447189954,62.17427489851943,2.6666666666666665,49.593163776282125,3.0
2026-03-20T16:00:00+00:00,Karachi,24.8607,67.0011,openweathermap_historical,86.56518408378388,0.01,0.00048273246826726485,43.8,0.39,66.14343372588047,99.2151505888207,0.5,3,31.020047752383498,44.777561424845146,6.408537023345262,246.79342035273575,1001,10000,Clouds,16,4,20,3,0,0,1,0.0,0.0,63.70938370893443,65.08920216086234,62.91871276548375,3.0,55.068403608116334,3.0
2026-03-20T17:00:00+00:00,Karachi,24.8607,67.0011,openweathermap_historical,62.52425906844833,0.01,0.01700618860878707,43.8,0.39,84.13523141989887,126.20284712984831,0.5,3,27.046489960445015,63.021144554508616,7.237535949685898,198.08742067260187,1001,10000,Clouds,17,4,20,3,0,1,1,0.0,0.0,69.53344256110846,66.32346075382428,63.41999828866281,3.0,67.66266199392922,4.0
2026-03-20T18:00:00+00:00,Karachi,24.8607,67.0011,openweathermap_historical,94.3096471663296,0.01,0.0382096704491462,43.8,0.39,75.98484397635849,113.97726596453774,0.5,4,22.044924379560598,71.60988804808179,6.01722421297316,263.20911803982165,1001,10000,Clouds,18,4,20,3,0,1,1,0.0,0.0,75.4211697073793,67.90706845087696,63.817007539667635,3.3333333333333335,61.95739078345095,3.0
2026-03-20T19:00:00+00:00,Karachi,24.8607,67.0011,openweathermap_historical,67.24749026006741,0.01,0.06252946067138725,43.8,0.39,67.28329437789837,100.92494156684756,0.5,3,25.586473199989143,51.9729497198827,6.569977098132094,274.0164960631041,1001,10000,Clouds,19,4,20,3,0,1,1,0.0,0.0,75.80112325805194,69.75525348349315,64.50879550296004,3.3333333333333335,55.86630606452887,3.0
2026-03-20T20:00:00+00:00,Karachi,24.8607,67.0011,openweathermap_historical,81.4647404291128,0.01,0.05649079051128808,43.8,0.39,80.22312348409066,120.334685226136,0.5,3,31.33696450854061,66.46114665706337,7.132566298169182,230.93052767502388,1001,10000,Clouds,20,4,20,3,0,1,1,0.0,0.0,74.4970872794492,72.0152649202788,65.21800979561974,3.3333333333333335,64.92418643886347,2.0
2026-03-20T21:00:00+00:00,Karachi,24.8607,67.0011,openweathermap_historical,65.36086039155163,0.01,0.03689696707202059,43.8,0.39,72.49834678318597,108.74752017477894,0.5,4,20.814778148210426,59.349581319863745,6.641821053063655,270.5931333639801,1001,10000,Clouds,21,4,20,3,0,0,1,0.0,0.0,73.3349215483917,74.37804562788547,66.05691828519208,3.3333333333333335,59.516842748230175,3.0
2026-03-20T22:00:00+00:00,Karachi,24.8607,67.0011,openweathermap_historical,61.68178719800403,0.01,0.04588652402757125,43.8,0.39,59.81977262267053,89.72965893400578,0.5,4,31.935868567656897,72.12880599529748,7.856564538681521,232.48655838236127,1001,10000,Clouds,22,4,20,3,0,0,1,0.0,0.0,70.84708096331576,73.32410211068382,66.84313521198467,3.6666666666666665,50.641840835869374,3.0
2026-03-20T23:00:00+00:00,Karachi,24.8607,67.0011,openweathermap_historical,90.16629841580713,0.01,0.07662857183539931,43.8,0.39,36.66900143669527,55.0035021550429,0.5,4,25.208149120102604,58.563415234915055,7.648130012747107,227.49878960178796,1001,10000,Clouds,23,4,20,3,0,0,1,0.0,0.0,56.32904028085062,65.41306378014987,66.37586370550265,4.0,34.43630100568669,2.0
2026-03-21T00:00:00+00:00,Karachi,24.8607,67.0011,openweathermap_historical,64.07495012489937,0.01,0.02726335428166543,43.8,0.39,101.97727675356953,152.9659151303543,0.5,3,27.175194259098014,67.77857954291746,6.733080364593244,253.32011178841316,1001,10000,Clouds,0,5,21,3,1,0,1,0.0,0.0,66.15535027097847,69.74513590968506,67.2873315534756,3.6666666666666665,80.15209372749868,3.0
2026-03-21T01:00:00+00:00,Karachi,24.8607,67.0011,openweathermap_historical,85.14402979765619,0.01,0.01024222227976063,43.8,0.39,67.05821039064863,100.58731558597293,0.5,3,27.84950976115289,81.8856990814119,5.473646255438352,252.87603010892337,1001,10000,Clouds,1,5,21,3,1,0,1,0.0,0.0,68.5681628603045,69.7076219118101,67.56738249352811,3.3333333333333335,55.70874727345404,3.0
2026-03-21T02:00:00+00:00,Karachi,24.8607,67.0011,openweathermap_historical,84.82710954342804,0.01,0.02567887762055055,43.8,0.39,63.988081067081225,95.98212160062184,0.5,4,28.206891938753785,71.59416986640117,5.4965451819260505,233.70155602985244,1001,10000,Clouds,2,5,21,3,1,0,1,0.0,0.0,77.67452273709982,67.00178150897518,68.00654442940431,3.3333333333333335,53.55965674695686,4.0
2026-03-21T03:00:00+00:00,Karachi,24.8607,67.0011,openweathermap_historical,71.41212125621699,0.01,0.010265277203183692,43.8,0.39,50.54018827436282,75.81028241154422,0.5,3,22.393012162451097,86.11688602313605,5.400975085442155,231.79448812223458,1001,10000,Clouds,3,5,21,3,1,0,1,0.0,0.0,60.52882657736425,63.34208842417133,67.90399905105276,3.3333333333333335,44.14613179205398,4.0
2026-03-21T04:00:00+00:00,Karachi,24.8607,67.0011,openweathermap_historical,73.55799160593914,0.01,0.04477930884827165,43.8,0.39,47.32120479796936,70.98180719695404,0.5,3,24.84828384194956,69.2019203498501,5.574451010186582,215.71095837517717,1001,10000,Clouds,4,5,21,3,1,0,1,0.0,0.0,53.949824713137836,61.258993786721135,67.2994669830169,3.3333333333333335,41.89284335857855,4.0
2026-03-21T05:00:00+00:00,Karachi,24.8607,67.0011,openweathermap_historical,69.30121893945204,0.01,0.022556049060100527,43.8,0.39,33.36773936304073,50.05160904456109,0.5,3,23.149466268638637,85.60217452167464,4.267192919949217,230.38829595543464,1001,10000,Clouds,5,5,21,3,1,0,1,0.0,0.0,43.74304414512434,60.70878344111205,66.48781315943948,3.0,32.12541755412851,3.0
2026-03-21T06:00:00+00:00,Karachi,24.8607,67.0011,openweathermap_historical,65.90399464995387,0.01,0.03871047825638967,43.8,0.39,72.29865327203242,108.44797990804864,0.5,4,18.17937834970108,64.6312461177509,8.754418968702069,218.17918312901423,1001,10000,Clouds,6,5,21,3,1,0,1,0.0,0.0,50.9958658110142,55.7623461941892,67.59986290116336,3.3333333333333335,59.3770572904227,4.0
2026-03-21T07:00:00+00:00,Karachi,24.8607,67.0011,openweathermap_historical,89.87819061530429,0.01,0.04845887996060509,43.8,0.39,82.73320553291683,124.09980829937524,0.5,4,24.70275468781874,53.94478036754701,7.066431938814327,246.84349522553669,1001,10000,Clouds,7,5,21,3,1,1,1,0.0,0.0,62.79986605599669,58.37484538456723,66.84678111142857,3.6666666666666665,66.68124387304178,4.0
2026-03-21T08:00:00+00:00,Karachi,24.8607,67.0011,openweathermap_historical,68.46938955443164,0.01,0.05157427695669316,43.8,0.39,84.8842505384475,127.32637580767125,0.5,4,34.37270676489342,61.655780412205615,8.512369570332563,241.5879303346243,1001,10000,Clouds,8,5,21,3,1,1,1,0.0,0.0,79.97203644779894,61.857540296461615,66.96167544886126,4.0,68.18697537691325,4.0
2026-03-21T09:00:00+00:00,Karachi,24.8607,67.0011,openweathermap_historical,88.20636705949374,0.01,0.02774644508183235,43.8,0.39,76.85253935525172,115.27880903287758,0.5,3,29.036096886364835,72.48575178671787,5.459950255729099,216.54009114400986,1001,10000,Clouds,9,5,21,3,1,1,1,0.0,0.0,81.48999847553871,66.24293214327643,67.25641016680818,3.6666666666666665,62.564777548676204,3.0
2026-03-21T10:00:00+00:00,Karachi,24.8607,67.0011,openweathermap_historical,101.00904684946067,0.01,0.030418437952006296,43.8,0.39,73.82864936631842,110.74297404947762,0.5,4,30.196075410531357,81.07716685431828,7.391859904751717,244.91130816599735,1001,10000,Clouds,10,5,21,3,1,0,1,0.0,0.0,78.52181308667258,70.66083957133459,67.58328440740047,3.6666666666666665,60.448054556422896,3.0
2026-03-21T11:00:00+00:00,Karachi,24.8607,67.0011,openweathermap_historical,85.62458591075784,0.01,0.06555997904955319,43.8,0.39,43.93981444216778,65.90972166325167,0.5,4,28.981923638068753,51.81417994821076,4.303010767649747,280.85714885131085,1001,10000,Clouds,11,5,21,3,1,0,1,0.0,0.0,64.87366772124601,72.42285208452245,66.21704001490217,3.6666666666666665,39.52587010951745,3.0
2026-03-21T12:00:00+00:00,Karachi,24.8607,67.0011,openweathermap_historical,83.18867495819516,0.01,0.03830448999984615,43.8,0.39,84.94077161549195,127.41115742323794,0.5,3,22.890472772767364,66.5445601117904,5.260743951129625,225.34268663253926,1001,10000,Clouds,12,5,21,3,1,0,1,0.0,0.0,67.5697451413261,74.52987180843236,66.9861055907959,3.6666666666666665,68.22654013084437,3.0
2026-03-21T13:00:00+00:00,Karachi,24.8607,67.0011,openweathermap_historical,81.24482065352645,0.01,0.019606707899175176,43.8,0.39,70.28262491223376,105.42393736835064,0.5,4,20.013177173456604,46.783912353598296,6.982883792389338,236.22705571763765,1001,10000,Clouds,13,5,21,3,1,0,1,0.0,0.0,66.38773698996454,72.45477503831853,67.57312395454726,3.6666666666666665,57.96583743856364,3.0
2026-03-21T14:00:00+00:00,Karachi,24.8607,67.0011,openweathermap_historical,64.83145668481949,0.01,0.016490575869723915,43.8,0.39,58.72603935051918,88.08905902577877,0.5,4,27.997783671188106,43.47121899720962,6.358281854723301,211.44325198976532,1001,10000,Clouds,14,5,21,3,1,0,1,0.0,0.0,71.31647862608166,68.0950731736638,67.24241497484485,3.6666666666666665,49.87622754536343,3.0
2026-03-21T15:00:00+00:00,Karachi,24.8607,67.0011,openweathermap_historical,77.03260552078233,0.01,0.053526440391451165,43.8,0.39,62.342312932718045,93.51346939907707,0.5,3,28.70035232289488,74.3876257065789,7.393589639892113,230.5468514509173,1001,10000,Clouds,15,5,21,3,1,0,1,0.0,0.0,63.783659065157025,65.67670210324152,67.4099420746437,3.6666666666666665,52.40761905290263,2.0
2026-03-21T16:00:00+00:00,Karachi,24.8607,67.0011,openweathermap_historical,82.61182599872177,0.01,0.04361353625566318,43.8,0.39,89.82730056445784,134.74095084668676,0.5,3,20.058651923787377,65.17731625837472,10.930650067438973,238.95902014227124,1001,10000,Clouds,16,5,21,3,1,0,1,0.0,0.0,70.29855094923172,68.3431439695981,68.39676985958441,3.3333333333333335,71.64711039512049,2.0
2026-03-21T17:00:00+00:00,Karachi,24.8607,67.0011,openweathermap_historical,90.63391105356195,0.01,0.055837165135451096,43.8,0.39,42.884559311486825,64.32683896723023,0.5,4,17.2363384893626,53.566143116140516,8.190575395951878,217.4454541433575,1001,10000,Clouds,17,5,21,3,1,1,1,0.0,0.0,65.01805760288761,68.1672681144846,66.67799185506725,3.3333333333333335,38.78719151804078,2.0
2026-03-21T18:00:00+00:00,Karachi,24.8607,67.0011,openweathermap_historical,70.15902108732287,0.01,0.06439294435729365,43.8,0.39,55.79247844833007,83.6887176724951,0.5,3,22.48785152243711,64.45060530851366,6.692706374551857,245.38567134965274,1001,10000,Clouds,18,5,21,3,1,1,1,0.0,0.0,62.83477944142495,63.30921925329094,65.8366432913994,3.3333333333333335,47.822734913831056,3.0
2026-03-21T19:00:00+00:00,Karachi,24.8607,67.0011,openweathermap_historical,84.16677094165354,0.01,0.029420284495610557,43.8,0.39,91.82458781245884,137.73688171868827,0.5,3,26.38147781824424,68.99009825327468,5.5662684501581,225.75359302222998,1001,10000,Clouds,19,5,21,3,1,1,1,0.0,0.0,63.50054185742528,66.89954640332847,66.85919718450607,3.3333333333333335,73.04521146872119,3.0
2026-03-21T20:00:00+00:00,Karachi,24.8607,67.0011,openweathermap_historical,95.50493213713978,0.01,-0.005830215125158647,43.8,0.39,75.51060857083131,113.26591285624696,0.5,2,20.713875098256334,67.24395876891619,4.854356574885522,256.98706937148285,1001,10000,Clouds,20,5,21,3,1,1,1,0.0,0.0,74.37589161054012,69.69697460671382,66.6628423964536,2.6666666666666665,61.62542599958192,3.0
2026-03-21T21:00:00+00:00,Karachi,24.8607,67.0011,openweathermap_historical,77.10002203808902,0.01,0.02618655644851698,43.8,0.39,25.06302103695048,37.59453155542572,0.5,3,15.327114139645039,49.187140661611,6.434421691259745,206.51571569095523,1001,10000,Clouds,21,5,21,3,1,0,1,0.0,0.0,64.13273914008025,63.483759290752566,64.68637049036046,2.6666666666666665,26.312114725865335,3.0
2026-03-21T22:00:00+00:00,Karachi,24.8607,67.0011,openweathermap_historical,66.65488338780185,0.01,0.04105557384861441,43.8,0.39,89.12426153869087,133.68639230803632,0.5,3,29.014669769564122,58.83077328039516,5.451616018104899,231.7230432051764,1001,10000,Clouds,22,5,21,3,1,0,1,0.0,0.0,63.232630382157595,63.36658611979141,65.9073908618613,2.6666666666666665,71.15498307708361,3.0
2026-03-21T23:00:00+00:00,Karachi,24.8607,67.0011,openweathermap_historical,77.66878740532952,0.01,0.011776340160557699,43.8,0.39,29.215022298859726,43.82253344828959,0.5,2,27.937720809161412,62.2044475791204,5.4582511418673905,280.0135649396598,1001,10000,Clouds,23,5,21,3,1,0,1,0.0,0.0,47.8007682915004,61.08832995102022,65.59680839778483,2.6666666666666665,29.21851560920181,3.0
2026-03-22T00:00:00+00:00,Karachi,24.8607,67.0011,openweathermap_historical,81.88524754785766,0.01,0.03143187648072323,43.8,0.39,78.92503416772749,118.38755125159123,0.5,3,25.811254652235633,66.85502746655418,12.787520450455334,215.73774467359073,1001,10000,Clouds,0,6,22,3,1,0,1,0.0,0.0,65.75477266842607,64.94375590425311,64.63629829004141,2.6666666666666665,64.01552391740925,3.0
2026-03-22T01:00:00+00:00,Karachi,24.8607,67.0011,openweathermap_historical,88.95575776316292,0.01,0.03332449390358339,43.8,0.39,40.89676245993863,61.34514368990794,0.5,3,16.26438512486034,55.06789190747501,9.98881885154717,251.5936855228127,1001,10000,Clouds,1,6,22,3,1,0,1,0.0,0.0,49.67893964217532,56.45578501216642,63.54623795959517,2.6666666666666665,37.39573372195704,2.0
2026-03-22T02:00:00+00:00,Karachi,24.8607,67.0011,openweathermap_historical,66.43881391442382,0.01,0.025665009559428163,43.8,0.39,61.55694763996815,92.33542145995223,0.5,4,21.456232411169534,62.8454087150934,3.1605864225857205,261.0959154213088,1001,10000,Clouds,2,6,22,3,1,0,1,0.0,0.0,60.4595814225448,54.13017485702256,63.444940733465444,3.3333333333333335,51.85786334797771,4.0
2026-03-22T03:00:00+00:00,Karachi,24.8607,67.0011,openweathermap_historical,84.6550912689616,0.01,0.052670928845675674,43.8,0.39,72.75345678879778,109.13018518319666,0.5,4,32.2794027773813,59.059406395383704,12.446722762300212,236.9241499413901,1001,10000,Clouds,3,6,22,3,1,0,1,0.0,0.0,58.40238896290156,62.07858081566377,64.37049358823357,3.6666666666666665,59.69541975215844,3.0
2026-03-22T04:00:00+00:00,Karachi,24.8607,67.0011,openweathermap_historical,61.76418161273237,0.01,0.05133042920519931,43.8,0.39,71.35922733749975,107.03884100624961,0.5,4,18.559149898063804,62.50920637100446,2.509566060462671,236.14424662936227,1001,10000,Clouds,4,6,22,3,1,0,1,0.0,0.0,68.55654392208861,59.11774178213191,65.372077860714,4.0,58.719459136249824,3.0
2026-03-22T05:00:00+00:00,Karachi,24.8607,67.0011,openweathermap_historical,66.98800393402375,0.01,0.020216401668618864,43.8,0.39,52.44567369305321,78.66851053957981,0.5,3,11.320554677440676,53.41839452750171,9.228213191048493,230.39511215107046,1001,10000,Clouds,5,6,22,3,1,0,1,0.0,0.0,65.51945260645029,62.989517014497494,66.1669917911312,3.6666666666666665,45.47997158513725,3.0
2026-03-22T06:00:00+00:00,Karachi,24.8607,67.0011,openweathermap_historical,80.37385074109454,0.01,0.03293143955290411,43.8,0.39,37.702213754681885,56.55332063202283,0.5,4,26.021222886163685,70.28366105148646,7.357686588816144,259.3840679321538,1001,10000,Clouds,6,6,22,3,1,0,1,0.0,0.0,53.83570492841165,56.11904694565657,64.72547347790824,3.6666666666666665,35.159549628277325,4.0
2026-03-22T07:00:00+00:00,Karachi,24.8607,67.0011,openweathermap_historical,66.0092639359232,0.01,0.08007598557899784,43.8,0.39,100.15491761828744,150.23237642743118,0.5,4,29.042385920863666,73.83911476690729,7.561956874386076,234.2380947220791,1001,10000,Clouds,7,6,22,3,1,1,1,0.0,0.0,63.43426835534088,65.9954061387147,65.45137814813202,3.6666666666666665,78.87644233280122,4.0
2026-03-22T08:00:00+00:00,Karachi,24.8607,67.0011,openweathermap_historical,58.99465631304285,0.01,0.04878268492266682,43.8,0.39,35.47608923579716,53.21413385369574,0.5,4,22.65591373602414,55.722505929651994,7.445473230990546,224.25322234001985,1001,10000,Clouds,8,6,22,3,1,1,1,0.0,0.0,57.77774020292221,61.6485964046862,63.3927047605216,4.0,33.601262465058014,4.0
2026-03-22T09:00:00+00:00,Karachi,24.8607,67.0011,openweathermap_historical,66.46967810029855,0.01,0.04715805902835777,43.8,0.39,79.1251004220143,118.68765063302145,0.5,3,34.088450813568926,84.41206795128149,10.789548825494142,268.46371301378565,1001,10000,Clouds,9,6,22,3,1,1,1,0.0,0.0,71.58536909203302,62.71053701022229,63.487394804970045,3.6666666666666665,64.15557029541002,3.0
2026-03-22T10:00:00+00:00,Karachi,24.8607,67.0011,openweathermap_historical,70.90460913852884,0.01,0.09181155604953292,43.8,0.39,81.6683523850217,122.50252857753256,0.5,3,28.381734507595503,61.577321150666855,11.105970634106429,235.37737099264115,1001,10000,Clouds,10,6,22,3,1,0,1,0.0,0.0,65.42318068094443,64.42872451814263,63.81404909741601,3.3333333333333335,65.9358466695152,3.0
2026-03-22T11:00:00+00:00,Karachi,24.8607,67.0011,openweathermap_historical,78.31432347418145,0.01,0.04011994923395416,43.8,0.39,44.87185735841561,67.30778603762342,0.5,3,21.63061469635654,76.67923629788126,8.192137361396824,242.02452726089015,1001,10000,Clouds,11,6,22,3,1,0,1,0.0,0.0,68.55510338848391,63.16642179570302,63.85288421892633,3.0,40.17830015089093,3.0
2026-03-22T12:00:00+00:00,Karachi,24.8607,67.0011,openweathermap_historical,64.63748100075595,0.01,0.028933363089987077,43.8,0.39,77.47604996672605,116.21407495008907,0.5,3,21.625423393334046,87.52711671376417,9.44363588557346,245.9809562147935,1001,10000,Clouds,12,6,22,3,1,0,1,0.0,0.0,68.00541990338783,69.79539449771038,63.54185415022775,3.0,63.00123497670824,3.0
2026-03-22T13:00:00+00:00,Karachi,24.8607,67.0011,openweathermap_historical,78.25294355874507,0.01,0.034193608352977696,43.8,0.39,47.84660660628323,71.76990990942485,0.5,3,25.140429102820168,65.96415473381114,8.737462783570964,221.45431883345015,1001,10000,Clouds,13,6,22,3,1,0,1,0.0,0.0,56.73150464380834,61.07734266237634,62.60702005414649,3.0,42.26062462439826,4.0
2026-03-22T14:00:00+00:00,Karachi,24.8607,67.0011,openweathermap_historical,81.97973824999674,0.01,0.06735675128818744,43.8,0.39,60.69544580046134,91.04316870069201,0.5,3,24.865814570550462,69.56372804165926,7.942216565327935,253.02148121169455,1001,10000,Clouds,14,6,22,3,1,0,1,0.0,0.0,62.00603412449025,65.28056875648704,62.689078656227416,3.0,51.25481206032294,2.0
2026-03-22T15:00:00+00:00,Karachi,24.8607,67.0011,openweathermap_historical,67.22458291080346,0.01,0.050944749823885346,43.8,0.39,87.8006867117235,131.70103006758524,0.5,2,27.92517796356586,62.579614523995915,6.4045532318102705,222.8351194993864,1001,10000,Clouds,15,6,22,3,1,0,1,0.0,0.0,65.44757970615608,66.7264998047719,63.749844230352636,2.6666666666666665,70.22848069820645,2.0
2026-03-22T16:00:00+00:00,Karachi,24.8607,67.0011,openweathermap_historical,68.61766573046431,0.01,0.022781617390842925,43.8,0.39,75.50975901131471,113.26463851697207,0.5,2,30.84189390551073,69.382168249675,6.089215652245679,255.8731926100275,1001,10000,Clouds,16,6,22,3,1,0,1,0.0,0.0,74.66863050783324,65.70006757582074,63.15327999897167,2.3333333333333335,61.6248313079203,3.0
2026-03-22T17:00:00+00:00,Karachi,24.8607,67.0011,openweathermap_historical,94.71190774920306,0.01,-0.011325571183116265,43.8,0.39,61.5697237432214,92.3545856148321,0.5,2,36.0327957143951,59.878118953252674,5.851653961410068,235.1901612727082,1001,10000,Clouds,17,6,22,3,1,1,1,0.0,0.0,74.96005648875325,68.4830453066217,63.931828516960614,2.0,51.86680662025499,3.0
2026-03-22T18:00:00+00:00,Karachi,24.8607,67.0011,openweathermap_historical,82.72331725503227,0.01,0.039068451684905955,43.8,0.39,87.67714967888949,131.51572451833425,0.5,3,18.57572655168952,74.30860501083589,5.254899599253249,229.09898993256581,1001,10000,Clouds,18,6,22,3,1,1,1,0.0,0.0,74.91887747780858,70.18322859198229,65.26035648490058,2.3333333333333335,70.14200477522265,3.0
2026-03-22T19:00:00+00:00,Karachi,24.8607,67.0011,openweathermap_historical,59.45437739796078,0.01,0.04410562436784944,43.8,0.39,91.74785209550416,137.62177814325622,0.5,3,25.24084885168966,64.00824805063918,5.885589306132067,242.4275522889518,1001,10000,Clouds,19,6,22,3,1,1,1,0.0,0.0,80.3315751725384,77.50010284018576,65.25715916336081,2.6666666666666665,72.99149646685291,3.0
2026-03-22T20:00:00+00:00,Karachi,24.8607,67.0011,openweathermap_historical,82.51025445855602,0.01,0.05853748026789535,43.8,0.39,67.50806552202654,101.26209828303982,0.5,3,26.155378007203407,59.25979785450733,11.114673380233196,262.55160500857363,1001,10000,Clouds,20,6,22,3,1,1,1,0.0,0.0,82.3110224321401,78.63553946044664,64.92371986966062,3.0,56.02364586541859,3.0
2026-03-22T21:00:00+00:00,Karachi,24.8607,67.0011,openweathermap_historical,56.022211765139126,0.01,0.0381120090336847,43.8,0.39,68.981758810111,103.47263821516651,0.5,3,29.537830714485303,70.85836730851197,8.675521101425144,248.3053272741192,1001,10000,Clouds,21,6,22,3,1,0,1,0.0,0.0,76.0792254758806,75.49905147684456,66.75366727687562,3.0,57.05523116707771,3.0
2026-03-22T22:00:00+00:00,Karachi,24.8607,67.0011,openweathermap_historical,69.09121071493611,0.01,0.012522286430887639,43.8,0.39,45.931781611241064,68.8976724168616,0.5,3,24.293689587143078,54.45935813324719,8.806639826586489,227.83002806563263,1001,10000,Clouds,22,6,22,3,1,0,1,0.0,0.0,60.80720198112624,70.56938857683228,64.95398061323189,3.0,40.92024712786875,2.0
2026-03-22T23:00:00+00:00,Karachi,24.8607,67.0011,openweathermap_historical,73.49971608519273,0.01,0.01189240622756909,43.8,0.39,51.04094583896352,76.56141875844528,0.5,3,20.565324263990846,63.602039515448276,7.122457956951813,266.3030213199671,1001,10000,Clouds,23,6,22,3,1,0,1,0.0,0.0,55.318162086771906,68.81459225945596,65.86339409406955,3.0,44.49666208727447,3.0
2026-03-23T00:00:00+00:00,Karachi,24.8607,67.0011,openweathermap_historical,77.91942127917594,0.01,0.02161615958124292,43.8,0.39,42.366550108420995,63.54982516263149,0.5,3,26.103315735906527,65.55297578004455,6.382744144285999,255.38774890168588,1001,10000,Clouds,0,0,23,3,0,0,1,0.0,0.0,46.446425852875244,61.26282566437788,64.34012392493177,3.0,38.4245850758947,3.0
2026-03-23T01:00:00+00:00,Karachi,24.8607,67.0011,openweathermap_historical,61.96561133284679,0.01,0.05744360497805885,43.8,0.39,60.82770797343249,91.24156196014873,0.5,2,28.202943894169923,63.110182950739016,7.847227807763832,274.9763728545993,1001,10000,Clouds,1,0,23,3,0,0,1,0.0,0.0,51.41173464027238,56.10946831069927,65.17057998799402,2.6666666666666665,51.34739558140274,3.0
2026-03-23T02:00:00+00:00,Karachi,24.8607,67.0011,openweathermap_historical,63.98000635633409,0.01,0.05934363339971108,43.8,0.39,88.5764353772631,132.86465306589463,0.5,4,20.758076966959308,75.07841255301078,8.972656950764183,217.72645448018574,1001,10000,Clouds,2,0,23,3,0,0,1,0.0,0.0,63.923564486372236,59.620863286572025,66.29639197704797,3.0,70.77150476408417,3.0
2026-03-23T03:00:00+00:00,Karachi,24.8607,67.0011,openweathermap_historical,98.2993712136749,0.01,0.04023256510696003,43.8,0.39,57.17870903151592,85.76806354727388,0.5,3,30.675232987189503,65.68218875244925,7.253439398922755,222.58638128809872,1001,10000,Clouds,3,0,23,3,0,0,1,0.0,0.0,68.86095079407055,57.65368832347284,65.6474441538279,3.0,48.793096322061146,3.0
2026-03-23T04:00:00+00:00,Karachi,24.8607,67.0011,openweathermap_historical,68.99818832459631,0.01,0.021500406517575257,43.8,0.39,64.5843142465412,96.8764713698118,0.5,3,22.774280928811702,66.07411589520905,9.466804248579436,262.39666673326366,1001,10000,Clouds,4,0,23,3,0,0,1,0.0,0.0,70.11315288510677,60.76244376268954,65.3651561083713,3.3333333333333335,53.977019972578844,2.0
2026-03-23T05:00:00+00:00,Karachi,24.8607,67.0011,openweathermap_historical,76.0924897728346,0.01,0.018405510185245607,43.8,0.39,52.54605935611437,78.81908903417155,0.5,3,26.446106083469076,64.11889976545702,9.818010825265535,231.48530787344077,1001,10000,Clouds,5,0,23,3,0,0,1,0.0,0.0,58.103027544723865,61.01329601554801,65.36933884433218,3.0,45.55024154928006,3.0
2026-03-23T06:00:00+00:00,Karachi,24.8607,67.0011,openweathermap_historical,70.50693542012341,0.01,0.08195724499336354,43.8,0.39,51.2857305629735,76.92859584446025,0.5,4,30.10056243879813,58.47156136779837,3.58037863710586,208.1300717305247,1001,10000,Clouds,6,0,23,3,0,0,1,0.0,0.0,56.13870138854306,62.499826091306765,65.93531871134432,3.3333333333333335,44.668011394081454,4.0
2026-03-23T07:00:00+00:00,Karachi,24.8607,67.0011,openweathermap_historical,58.163265849782,0.01,0.026524369651269572,43.8,0.39,69.1367039489444,103.70505592341661,0.5,4,14.839677126268958,49.261687834262894,9.7623647585962,208.87872607332338,1001,10000,Clouds,7,0,23,3,0,1,1,0.0,0.0,57.656164622677466,63.884658753892076,64.64289314178836,3.6666666666666665,57.163692764261086,4.0
2026-03-23T08:00:00+00:00,Karachi,24.8607,67.0011,openweathermap_historical,86.54746447434971,0.01,0.06087244987558135,43.8,0.39,47.908006143889885,71.86200921583483,0.5,4,32.62784699200745,74.89355638729336,9.709350085911916,233.96882964845364,1001,10000,Clouds,8,0,23,3,0,1,1,0.0,0.0,56.1101468852693,57.106587214996544,65.16088967962556,4.0,42.303604300722924,5.0
2026-03-23T09:00:00+00:00,Karachi,24.8607,67.0011,openweathermap_historical,101.65936935984284,0.01,0.0013600378621323878,43.8,0.39,62.05928872431658,93.08893308647487,0.5,3,20.553714489279898,71.17604595416384,2.7175275980346125,265.3055144236175,1001,10000,Clouds,9,0,23,3,0,1,1,0.0,0.0,59.701332939050324,57.92001716379665,64.4498141922215,3.6666666666666665,52.209502107021606,4.0
2026-03-23T10:00:00+00:00,Karachi,24.8607,67.0011,openweathermap_historical,94.9045013542195,0.01,0.06210785968665446,43.8,0.39,41.492647243548205,62.23897086532231,0.5,3,33.53665263446617,70.97037904423448,3.871355309632243,248.97370528273294,1001,10000,Clouds,10,0,23,3,0,0,1,0.0,0.0,50.48664737058493,54.07140599663115,62.775826477993434,3.3333333333333335,37.81285307048375,4.0
2026-03-23T11:00:00+00:00,Karachi,24.8607,67.0011,openweathermap_historical,83.18283092425186,0.01,0.050152173182233736,43.8,0.39,63.05851526416816,94.58777289625223,0.5,3,32.190490491187944,82.46198062587226,7.1858560535918325,263.3448218848,1001,10000,Clouds,11,0,23,3,0,0,1,0.0,0.0,55.53681707734435,55.82348198130679,63.53360389073311,3.0,52.908960684917716,3.0
2026-03-23T12:00:00+00:00,Karachi,24.8607,67.0011,openweathermap_historical,74.05364922646787,0.01,0.03894586916517903,43.8,0.39,56.11332651153785,84.16998976730677,0.5,3,21.77853184028278,55.28232255901722,10.671171575816805,227.97432371152277,1001,10000,Clouds,12,0,23,3,0,0,1,0.0,0.0,53.554829673084775,56.628081306067514,62.643490413433604,3.0,48.0473285580765,3.0
2026-03-23T13:00:00+00:00,Karachi,24.8607,67.0011,openweathermap_historical,68.09353588433541,0.01,0.04783392642506393,43.8,0.39,38.185259661278295,57.27788949191744,0.5,4,24.867201641593763,70.2417367563377,2.8469205329174745,219.0149459443857,1001,10000,Clouds,13,0,23,3,0,0,1,0.0,0.0,52.45236714566147,51.469507258123166,62.24093429072507,3.3333333333333335,35.49768176289481,3.0
2026-03-23T14:00:00+00:00,Karachi,24.8607,67.0011,openweathermap_historical,84.44269184177939,0.01,0.0162705608226202,43.8,0.39,43.18448793875945,64.77673190813918,0.5,2,27.831250334801815,62.41528773608361,8.958101083436935,238.13288466753417,1001,10000,Clouds,14,0,23,3,0,0,1,0.0,0.0,45.82769137052524,50.682254223934756,61.51131104648749,3.0,38.99714155713162,3.0
2026-03-23T15:00:00+00:00,Karachi,24.8607,67.0011,openweathermap_historical,61.34618324405923,0.01,0.04658284771523184,43.8,0.39,81.83051701881539,122.74577552822308,0.5,2,22.269030967302204,57.35029603805334,6.053663958075072,220.39948949271272,1001,10000,Clouds,15,0,23,3,0,0,1,0.0,0.0,54.40008820628441,53.97745893968456,61.26255397594965,2.6666666666666665,66.04936191317077,2.0
2026-03-23T16:00:00+00:00,Karachi,24.8607,67.0011,openweathermap_historical,89.31162035946082,0.01,0.07228119617864479,43.8,0.39,58.24720912820512,87.37081369230768,0.5,3,18.175130393826308,67.0046080726691,10.1791291925025,202.318742358887,1001,10000,Clouds,16,0,23,3,0,0,1,0.0,0.0,61.08740469526003,56.769885920460716,60.543281064153426,2.3333333333333335,49.541046389743585,3.0
2026-03-23T17:00:00+00:00,Karachi,24.8607,67.0011,openweathermap_historical,97.02320237294191,0.01,0.06115088693327895,43.8,0.39,67.60368292503975,101.40552438755962,0.5,3,20.853961413682903,60.7841788542956,6.3582253683538,246.93355352813225,1001,10000,Clouds,17,0,23,3,0,1,1,0.0,0.0,69.22713635735344,57.52741386393931,60.79469603006252,2.6666666666666665,56.09057804752783,3.0
2026-03-23T18:00:00+00:00,Karachi,24.8607,67.0011,openweathermap_historical,74.100496834849,0.01,0.031084159309664072,43.8,0.39,68.77415113465982,103.16122670198973,0.5,3,23.514518224590027,42.88039118808549,5.241845046663254,224.41443681839257,1001,10000,Clouds,18,0,23,3,0,1,1,0.0,0.0,64.87501439596826,59.6375513011263,60.00707109071962,3.0,56.909905794261874,4.0
2026-03-23T19:00:00+00:00,Karachi,24.8607,67.0011,openweathermap_historical,76.49896055600762,0.01,0.00469716398612903,43.8,0.39,62.76432539870856,94.14648809806283,0.5,3,25.011617851220084,46.462039937199066,7.883668233880112,240.06495341819354,1001,10000,Clouds,19,0,23,3,0,1,1,0.0,0.0,66.3807198194694,63.734062257364684,58.7994241450198,3.0,52.70302777909599,2.0
2026-03-23T20:00:00+00:00,Karachi,24.8607,67.0011,openweathermap_historical,76.39264407637611,0.01,0.0665019227947209,43.8,0.39,61.61208653333429,92.41812980000144,0.5,3,25.917175330888174,88.5346211317012,7.471384520269082,239.7327240323722,1001,10000,Clouds,20,0,23,3,0,1,1,0.0,0.0,64.38352102223426,66.80532868979382,58.55375835382429,3.0,51.89646057333401,2.0
2026-03-23T21:00:00+00:00,Karachi,24.8607,67.0011,openweathermap_historical,97.7921788155958,0.01,0.029602052593258495,43.8,0.39,70.9169468270433,106.37542024056495,0.5,3,30.118778495135157,66.18812826213481,5.9614559472751605,233.6734225041989,1001,10000,Clouds,21,0,23,3,0,0,1,0.0,0.0,65.09778625302874,64.98640032449848,58.63439118786314,3.0,58.40986277893032,3.0
2026-03-23T22:00:00+00:00,Karachi,24.8607,67.0011,openweathermap_historical,75.09723734155028,0.01,0.04365051187902967,43.8,0.39,76.13312946424357,114.19969419636536,0.5,2,19.209445274146752,56.155378043686056,10.883972895920103,228.08846745792607,1001,10000,Clouds,22,0,23,3,0,0,1,0.0,0.0,69.55405427487375,67.96738704717154,59.89278068173824,2.6666666666666665,62.06119062497051,3.0
2026-03-23T23:00:00+00:00,Karachi,24.8607,67.0011,openweathermap_historical,67.59355622167477,0.01,0.0535935622234024,43.8,0.39,63.302052877948775,94.95307931692317,0.5,3,22.88753242279297,58.677683373211345,7.700888765747397,212.26931054223195,1001,10000,Clouds,23,0,23,3,0,0,1,0.0,0.0,70.11737638974525,67.25044870598971,60.40366014169595,2.6666666666666665,53.07943701456415,3.0
2026-03-24T00:00:00+00:00,Karachi,24.8607,67.0011,openweathermap_historical,81.3165170538912,0.01,0.0312394366445323,43.8,0.39,64.28022620114147,96.4203393017122,0.5,3,26.107726061512885,62.4478410284082,6.9428358594898505,258.1814997106516,1001,10000,Clouds,0,1,24,3,0,0,1,0.0,0.0,67.9051361811113,66.50146121707,61.316729978892646,2.6666666666666665,53.764158340799035,3.0
2026-03-24T01:00:00+00:00,Karachi,24.8607,67.0011,openweathermap_historical,52.14884241165968,0.01,0.048973096599596644,43.8,0.39,59.409929892167696,89.11489483825154,0.5,3,21.39972471089019,88.61811085798183,8.19043819684491,219.22925869012695,1001,10000,Clouds,1,1,24,3,0,0,1,0.0,0.0,62.33073632375268,65.94239529931319,61.25765589217328,3.0,50.3549509245174,4.0
2026-03-24T02:00:00+00:00,Karachi,24.8607,67.0011,openweathermap_historical,65.97105357187344,0.01,0.06305861088224955,43.8,0.39,40.81010265675236,61.215153985128545,0.5,3,26.655527170594613,71.47697754244354,5.765410037650433,242.6090271605731,1001,10000,Clouds,2,1,24,3,0,0,1,0.0,0.0,54.83341958335388,62.47539798654953,59.26739202881867,3.0,37.33507185972665,4.0
2026-03-24T03:00:00+00:00,Karachi,24.8607,67.0011,openweathermap_historical,83.1042227851033,0.01,0.05497998867015226,43.8,0.39,65.00123654694771,97.50185482042156,0.5,3,19.002232398010477,76.32070835359742,6.754438714573792,208.96135853821684,1001,10000,Clouds,3,1,24,3,0,0,1,0.0,0.0,55.073756365289285,61.48944627320026,59.59333067529499,3.0,54.2688655828634,4.0
2026-03-24T04:00:00+00:00,Karachi,24.8607,67.0011,openweathermap_historical,81.42658531231355,0.01,0.039193213911961226,43.8,0.39,53.20031343732832,79.80047015599249,0.5,2,19.816760651380353,66.57992637099255,7.122721999303751,219.517478221283,1001,10000,Clouds,4,1,24,3,0,0,1,0.0,0.0,53.003884213676166,57.667310268714395,59.11899730824445,2.6666666666666665,46.008219406129825,3.0
2026-03-24T05:00:00+00:00,Karachi,24.8607,67.0011,openweathermap_historical,94.08251091873602,0.01,0.056043369206935784,43.8,0.39,53.18261889167494,79.77392833751242,0.5,3,19.820234199956595,74.65322465779339,6.614996111214628,211.7216725425245,1001,10000,Clouds,5,1,24,3,0,0,1,0.0,0.0,57.12805629198369,55.98073793766875,59.145520622226144,2.6666666666666665,45.995833224172465,3.0
2026-03-24T06:00:00+00:00,Karachi,24.8607,67.0011,openweathermap_historical,64.1617362690555,0.01,0.09385733704584275,43.8,0.39,60.12897372299446,90.19346058449169,0.5,4,34.67681717902483,77.54293556339908,6.198160646370244,236.01397992768517,1001,10000,Clouds,6,1,24,3,0,0,1,0.0,0.0,55.50396868399927,55.28886252464425,59.51398908722701,3.0,50.85828160609613,3.0
2026-03-24T07:00:00+00:00,Karachi,24.8607,67.0011,openweathermap_historical,65.99550089150688,0.01,0.07122050382812549,43.8,0.39,66.23938346541499,99.35907519812248,0.5,4,24.10310517199169,66.48693473876111,6.9687060263045675,238.2414754995316,1001,10000,Clouds,7,1,24,3,0,1,1,0.0,0.0,59.85032536002816,56.427104786852134,59.39326740041329,3.6666666666666665,55.135568425790495,3.0
2026-03-24T08:00:00+00:00,Karachi,24.8607,67.0011,openweathermap_historical,71.56486323807358,0.01,0.014938312296733713,43.8,0.39,78.27012114794135,117.40518172191203,0.5,5,23.76838432224454,56.38976506037464,5.402441962333592,230.29136829702554,1001,10000,Clouds,8,1,24,3,0,1,1,0.0,0.0,68.21282611211696,62.67044120205029,60.6583555255821,4.333333333333333,63.55708480355895,4.0
2026-03-24T09:00:00+00:00,Karachi,24.8607,67.0011,openweathermap_historical,80.35249087787018,0.01,0.049226069524335905,43.8,0.39,87.63659189311257,131.45488783966886,0.5,4,30.97358663331984,69.18122939353492,8.355919342842629,231.71066118339303,1001,10000,Clouds,9,1,24,3,0,1,1,0.0,0.0,77.382032168823,66.4430004264111,61.7240764909486,4.333333333333333,70.1136143251788,3.0
2026-03-24T10:00:00+00:00,Karachi,24.8607,67.0011,openweathermap_historical,77.7368470351398,0.01,0.04733976528695062,43.8,0.39,33.89153589684829,50.83730384527243,0.5,4,17.861210322126993,42.73722583885159,7.68512047841757,242.23946761048353,1001,10000,Clouds,10,1,24,3,0,0,1,0.0,0.0,66.5994163126341,63.2248708363311,61.40736351816943,4.333333333333333,32.492075127793804,4.0
2026-03-24T11:00:00+00:00,Karachi,24.8607,67.0011,openweathermap_historical,67.5024644781472,0.01,0.059265193508003675,43.8,0.39,45.39500494412996,68.09250741619493,0.5,3,25.59961407711747,63.229480467128106,6.49043154446578,224.70845556533482,1001,10000,Clouds,11,1,24,3,0,0,1,0.0,0.0,55.64104424469698,61.92693517840694,60.67138392150118,3.6666666666666665,40.54450346089097,2.0
2026-03-24T12:00:00+00:00,Karachi,24.8607,67.0011,openweathermap_historical,68.80262650045549,0.01,0.037585645445271626,43.8,0.39,60.56536607952941,90.84804911929412,0.5,3,30.503190985956074,63.35786781472445,10.518902240240102,244.02966885605207,1001,10000,Clouds,12,1,24,3,0,0,1,0.0,0.0,46.61730230683592,61.99966723782942,60.8568855701675,3.3333333333333335,51.16375625567059,3.0
2026-03-24T13:00:00+00:00,Karachi,24.8607,67.0011,openweathermap_historical,74.15007671979846,0.01,0.01614054835555813,43.8,0.39,66.39182005062298,99.58773007593447,0.5,3,25.584760393609614,62.23660169055351,5.895959181513912,218.35014504832657,1001,10000,Clouds,13,1,24,3,0,0,1,0.0,0.0,57.45073035809415,62.025073335364084,62.03215891972352,3.0,55.2422740354361,3.0
2026-03-24T14:00:00+00:00,Karachi,24.8607,67.0011,openweathermap_historical,61.85218340762692,0.01,0.006510028791030832,43.8,0.39,59.67808188339017,89.51712282508525,0.5,3,21.077226780463754,58.57724172604751,7.2033085016443925,217.8123690035671,1001,10000,Clouds,14,1,24,3,0,0,1,0.0,0.0,62.21175600451422,58.92640012460556,62.7193920007498,3.0,50.54265731837312,3.0
2026-03-24T15:00:00+00:00,Karachi,24.8607,67.0011,openweathermap_historical,76.06751222883263,0.01,0.031445944389794256,43.8,0.39,67.16927645929829,100.75391468894743,0.5,2,23.455918747096128,68.35544040888821,6.742337982862237,233.69326950677112,1001,10000,Clouds,15,1,24,3,0,0,1,0.0,0.0,64.41305946443718,55.51518088563652,62.10850697743658,2.6666666666666665,55.7864935215088,3.0
2026-03-24T16:00:00+00:00,Karachi,24.8607,67.0011,openweathermap_historical,86.19378325917195,0.01,0.04683325198011679,43.8,0.39,53.103722561847654,79.65558384277148,0.5,3,22.08166643936357,56.847984327155814,4.8452151922605395,240.67619191963536,1001,10000,Clouds,16,1,24,3,0,0,1,0.0,0.0,59.9836936348454,58.717211996469736,61.89419503717169,2.6666666666666665,45.94060579329336,3.0
2026-03-24T17:00:00+00:00,Karachi,24.8607,67.0011,openweathermap_historical,62.41083205156221,0.01,0.052157411461009676,43.8,0.39,48.175298088129786,72.26294713219468,0.5,3,23.054467904085314,69.30391109212306,7.4025378608192005,192.84507333836558,1001,10000,Clouds,17,1,24,3,0,1,1,0.0,0.0,56.14943236975861,59.180594187136386,61.08467900230045,2.6666666666666665,42.49070866169085,3.0
2026-03-24T18:00:00+00:00,Karachi,24.8607,67.0011,openweathermap_historical,62.846450883354905,0.01,0.03191492148566075,43.8,0.39,92.24086569824567,138.3612985473685,0.5,4,24.496377969280527,58.9772933137076,7.929399312701926,264.59489357792523,1001,10000,Clouds,18,1,24,3,0,1,1,0.0,0.0,64.50662878274106,64.4598441235891,62.06245877578319,3.3333333333333335,73.33660598877198,3.0
2026-03-24T19:00:00+00:00,Karachi,24.8607,67.0011,openweathermap_historical,64.88481951078701,0.01,0.04543523977518147,43.8,0.39,89.50838451811244,134.26257677716865,0.5,2,20.641130975725982,63.31596504765786,9.130433258849852,228.4500807452408,1001,10000,Clouds,19,1,24,3,0,1,1,0.0,0.0,76.641516101496,68.31260486817067,63.17679457242502,3.0,71.42386916267871,4.0
2026-03-24T20:00:00+00:00,Karachi,24.8607,67.0011,openweathermap_historical,74.30845962944531,0.01,0.033684611015449104,43.8,0.39,65.95134367425631,98.92701551138447,0.5,2,21.3560674426447,38.80262424332014,7.558872741554741,208.81173974994445,1001,10000,Clouds,20,1,24,3,0,1,1,0.0,0.0,82.56686463020483,69.3581484999817,63.35759695329676,2.6666666666666665,54.93394057197942,2.0
2026-03-24T21:00:00+00:00,Karachi,24.8607,67.0011,openweathermap_historical,90.70792206649217,0.01,0.06014169683002041,43.8,0.39,74.90349413910089,112.35524120865134,0.5,3,25.414379028434812,68.39638396199624,7.071367652213533,227.5054516632225,1001,10000,Clouds,21,1,24,3,0,0,1,0.0,0.0,76.78774077715657,70.64718477994879,63.523703091299176,2.3333333333333335,61.20044589737063,3.0
2026-03-24T22:00:00+00:00,Karachi,24.8607,67.0011,openweathermap_historical,62.119333417321386,0.01,0.03973159421526486,43.8,0.39,81.31512157980552,121.97268236970828,0.5,3,23.7943628505898,58.11926757094865,5.373319316456895,236.5277675975913,1001,10000,Clouds,22,1,24,3,0,0,1,0.0,0.0,74.05665313105426,75.3490846162751,63.73961942944758,2.6666666666666665,65.68858510586387,3.0
2026-03-24T23:00:00+00:00,Karachi,24.8607,67.0011,openweathermap_historical,77.3725319442973,0.01,0.07659536075569992,43.8,0.39,66.24938830359308,99.37408245538961,0.5,3,22.821246048515892,59.8719236546268,7.557420831754317,220.14853315600203,1001,10000,Clouds,23,1,24,3,0,0,1,0.0,0.0,74.15600134083319,78.36143298551899,63.862425072182766,3.0,55.14257181251516,3.0
2026-03-25T00:00:00+00:00,Karachi,24.8607,67.0011,openweathermap_historical,76.56520190849389,0.01,0.03253559687048437,43.8,0.39,55.68824799334962,83.53237199002443,0.5,3,33.286452333413436,67.2405542260514,9.153259487712777,201.2822982690456,1001,10000,Clouds,0,2,25,3,0,0,1,0.0,0.0,67.75091929224943,72.26933003470297,63.50442598019143,3.0,47.749773595344735,3.0
2026-03-25T01:00:00+00:00,Karachi,24.8607,67.0011,openweathermap_historical,75.83256205401445,0.01,0.022875003478390478,43.8,0.39,74.89086254036337,112.33629381054506,0.5,4,17.02252588367115,57.85301980601552,3.542497313420118,214.7748975071995,1001,10000,Clouds,1,2,25,3,0,0,1,0.0,0.0,65.60949961243539,69.8330763717448,64.14946484053293,3.3333333333333335,61.19160377825436,2.0
2026-03-25T02:00:00+00:00,Karachi,24.8607,67.0011,openweathermap_historical,73.78099416001662,0.01,0.033539234121348516,43.8,0.39,63.0035044156705,94.50525662350574,0.5,4,23.251168649680803,54.42268252948997,8.129281345737441,224.1899995468837,1001,10000,Clouds,2,2,25,3,0,0,1,0.0,0.0,64.52753831646119,69.34176982864716,65.07418991382117,3.6666666666666665,52.87045309096935,4.0
2026-03-25T03:00:00+00:00,Karachi,24.8607,67.0011,openweathermap_historical,83.3162401398317,0.01,0.07376548817436529,43.8,0.39,56.12774283370774,84.19161425056161,0.5,4,29.565557209813573,58.995738769870066,7.405398142708101,264.4796070618742,1001,10000,Clouds,3,2,25,3,0,0,1,0.0,0.0,64.67403659658056,66.21247794441497,64.70446100910284,4.0,48.05741998359542,3.0
2026-03-25T04:00:00+00:00,Karachi,24.8607,67.0011,openweathermap_historical,79.98413780892217,0.01,0.0700810721194593,43.8,0.39,34.3333992511113,51.500098876666954,0.5,3,32.13071924831089,50.416411828394615,5.690296696294076,209.00177606433107,1001,10000,Clouds,4,2,25,3,0,0,1,0.0,0.0,51.15488216682988,58.382190889632604,63.918339584677135,3.6666666666666665,32.801379475777914,4.0
2026-03-25T05:00:00+00:00,Karachi,24.8607,67.0011,openweathermap_historical,90.8117244624248,0.01,0.04843276159199954,43.8,0.39,62.83107586422485,94.24661379633727,0.5,3,22.561542444121542,66.31995840800342,7.558769088907526,238.20998048334584,1001,10000,Clouds,5,2,25,3,0,0,1,0.0,0.0,51.09740598301465,57.81247214973789,64.32035862520004,3.3333333333333335,52.74975310495739,4.0
2026-03-25T06:00:00+00:00,Karachi,24.8607,67.0011,openweathermap_historical,73.6511393980032,0.01,0.03947772066654853,43.8,0.39,49.543425884214116,74.31513882632117,0.5,3,22.528456845259527,66.94932856263803,7.934660540671704,234.07503394380743,1001,10000,Clouds,6,2,25,3,0,0,1,0.0,0.0,48.902633666516785,56.78833513154865,63.87929413191754,3.0,43.44839811894988,4.0
2026-03-25T07:00:00+00:00,Karachi,24.8607,67.0011,openweathermap_historical,67.4370552897554,0.01,0.018720396438294415,43.8,0.39,97.32453993151861,145.9868098972779,0.5,3,22.721339804388872,48.30231046474484,7.1529084801308604,238.35950669899762,1001,10000,Clouds,7,2,25,3,0,1,1,0.0,0.0,69.89968055998588,60.52728136340786,65.17450898467185,3.0,76.89517795206304,5.0
2026-03-25T08:00:00+00:00,Karachi,24.8607,67.0011,openweathermap_historical,71.00508691510024,0.01,0.07291492713767816,43.8,0.39,64.02178457173915,96.03267685760872,0.5,4,24.087482549998313,46.734209682204764,4.435876909881916,245.82777888684598,1001,10000,Clouds,8,2,25,3,0,1,1,0.0,0.0,70.29658346249066,60.696994722752635,64.58082829399676,3.3333333333333335,53.58324920021741,3.0
2026-03-25T09:00:00+00:00,Karachi,24.8607,67.0011,openweathermap_historical,88.51288925058017,0.01,0.0527977253358827,43.8,0.39,77.27393981668841,115.91090972503261,0.5,3,35.462974106128115,63.09308061912929,6.4429116913506315,212.62709670600512,1001,10000,Clouds,9,2,25,3,0,1,1,0.0,0.0,79.54008810664875,64.22136088658273,64.14905112414574,3.3333333333333335,62.85975787168189,3.0
2026-03-25T10:00:00+00:00,Karachi,24.8607,67.0011,openweathermap_historical,79.32808345692281,0.01,0.0502752050597982,43.8,0.39,69.54277183887797,104.31415775831695,0.5,4,16.646184289598597,70.494348779252,8.453826549117295,208.95197636371356,1001,10000,Clouds,10,2,25,3,0,0,1,0.0,0.0,70.2794987424352,70.08958965121052,65.63451928839699,3.6666666666666665,57.44794028721458,3.0
2026-03-25T11:00:00+00:00,Karachi,24.8607,67.0011,openweathermap_historical,62.0998755826874,0.01,0.027895762033995512,43.8,0.39,78.15756167220913,117.2363425083137,0.5,2,31.967314411513158,58.803081149622926,4.4999949192537905,203.45337487067155,1001,10000,Clouds,11,2,25,3,0,0,1,0.0,0.0,74.99142444259185,72.64400395254124,66.99962581873362,3.0,63.478293170546394,2.0
2026-03-25T12:00:00+00:00,Karachi,24.8607,67.0011,openweathermap_historical,58.13391711222685,0.01,0.038530402150509194,43.8,0.39,61.93643805194519,92.90465707791779,0.5,3,27.461331000778095,54.14478591162433,7.8124405302296,223.15879627191632,1001,10000,Clouds,12,2,25,3,0,0,1,0.0,0.0,69.87892385434412,74.70950598049642,67.05675381758428,3.0,52.12350663636164,3.0
2026-03-25T13:00:00+00:00,Karachi,24.8607,67.0011,openweathermap_historical,79.76988898859177,0.01,0.036776909884008724,43.8,0.39,43.72388685516745,65.58583028275117,0.5,3,22.42205090639882,60.35995509117477,3.319022762426327,219.02209011253717,1001,10000,Clouds,13,2,25,3,0,0,1,0.0,0.0,61.27262885977395,65.77606380110454,66.11225660110696,2.6666666666666665,39.37472079861722,3.0
2026-03-25T14:00:00+00:00,Karachi,24.8607,67.0011,openweathermap_historical,83.00041406712626,0.01,0.03415735873699463,43.8,0.39,43.6850755954172,65.5276133931258,0.5,3,31.228227352379648,61.33579419675905,6.516333438643942,256.7581536664468,1001,10000,Clouds,14,2,25,3,0,0,1,0.0,0.0,49.78180016750997,62.38661230505088,65.44588133910808,3.0,39.34755291679205,2.0
2026-03-25T15:00:00+00:00,Karachi,24.8607,67.0011,openweathermap_historical,69.96152097695216,0.01,0.015207859267795859,43.8,0.39,70.58536752383132,105.87805128574698,0.5,3,27.893144278406368,55.081490025723326,4.674016338162694,213.83508976747356,1001,10000,Clouds,15,2,25,3,0,0,1,0.0,0.0,52.66477665813869,61.27185025624137,65.58821846679696,3.0,58.17775726668193,3.0
2026-03-25T16:00:00+00:00,Karachi,24.8607,67.0011,openweathermap_historical,66.1988436214033,0.01,0.05224976174236753,43.8,0.39,56.600906179286,84.901359268929,0.5,3,27.66155918456622,51.00197810023602,4.212380327653836,273.21317921031687,1001,10000,Clouds,16,2,25,3,0,0,1,0.0,0.0,56.95711643284486,59.11487264630939,65.7339344508569,3.0,48.388634325500206,2.0
2026-03-25T17:00:00+00:00,Karachi,24.8607,67.0011,openweathermap_historical,85.83648251483802,0.01,0.05875548195315319,43.8,0.39,79.3234626121851,118.98519391827764,0.5,3,25.197680061411937,67.36211393638297,6.152439803941994,264.26823919262847,1001,10000,Clouds,17,2,25,3,0,1,1,0.0,0.0,68.8365787717675,59.30918946963871,67.0317746393592,3.0,64.29442382852957,3.0
2026-03-25T18:00:00+00:00,Karachi,24.8607,67.0011,openweathermap_historical,83.01980564476676,0.01,0.03793824249433024,43.8,0.39,98.27983012152102,147.41974518228153,0.5,3,30.390905552286647,81.29767884036093,5.960212227633662,240.21458555259176,1001,10000,Clouds,18,2,25,3,0,1,1,0.0,0.0,78.06806630433073,65.36642148123468,67.28339815699567,3.0,77.56388108506472,4.0
2026-03-25T19:00:00+00:00,Karachi,24.8607,67.0011,openweathermap_historical,78.6903026468512,0.01,0.052654715157297714,43.8,0.39,58.21213657921122,87.31820486881682,0.5,4,29.392891764665624,66.11291662590803,9.528777029974759,238.16643665413832,1001,10000,Clouds,19,2,25,3,0,1,1,0.0,0.0,78.60514310430581,67.78112976857531,65.97938782620814,3.3333333333333335,49.51649560544786,3.0
2026-03-25T20:00:00+00:00,Karachi,24.8607,67.0011,openweathermap_historical,84.24622562916629,0.01,0.06484240062981649,43.8,0.39,65.60939684708032,98.41409527062048,0.5,2,25.054583466794128,44.484229026295594,6.187670293074036,228.82610691736343,1001,10000,Clouds,20,2,25,3,0,1,1,0.0,0.0,74.03378784927088,71.43518331051915,65.96514004174246,3.0,54.694577792956224,3.0
2026-03-25T21:00:00+00:00,Karachi,24.8607,67.0011,openweathermap_historical,62.74996832230692,0.01,0.04530794326408934,43.8,0.39,62.305540008999415,93.45831001349913,0.5,3,31.82362509690195,73.82115799612589,5.528032379811578,220.77117909130754,1001,10000,Clouds,21,2,25,3,0,0,1,0.0,0.0,62.04235781176368,70.05521205804718,65.44022528632156,3.0,52.381878006299594,3.0
2026-03-25T22:00:00+00:00,Karachi,24.8607,67.0011,openweathermap_historical,85.26653232431904,0.01,0.053480740473524344,43.8,0.39,52.12706368842133,78.19059553263199,0.5,3,24.054479955070885,56.833447460817624,8.356092910275505,229.45028408040346,1001,10000,Clouds,22,2,25,3,0,0,1,0.0,0.0,60.014000181500386,69.30957164290307,64.2240562075139,2.6666666666666665,45.256944581894935,2.0
2026-03-25T23:00:00+00:00,Karachi,24.8607,67.0011,openweathermap_historical,62.75133363900143,0.01,0.03672924530044197,43.8,0.39,71.36442413837386,107.0466362075608,0.5,3,22.811171621750994,58.49335910127142,5.880900249959612,255.1325713584809,1001,10000,Clouds,23,2,25,3,0,0,1,0.0,0.0,61.93234261193157,67.98306523060118,64.43718270062975,3.0,58.723096896861705,2.0
2026-03-26T00:00:00+00:00,Karachi,24.8607,67.0011,openweathermap_historical,78.3763339115509,0.01,0.04559317352061226,43.8,0.39,59.13868952708779,88.70803429063169,0.5,3,30.856128830774303,58.83819171348806,13.86462488659804,257.55351108686625,1001,10000,Clouds,0,3,26,3,0,0,1,0.0,0.0,60.876725784627695,61.45954179819566,64.58095109786885,3.0,50.16508266896146,2.0
2026-03-26T01:00:00+00:00,Karachi,24.8607,67.0011,openweathermap_historical,57.62105964425852,0.01,0.030551611976258955,43.8,0.39,39.54250312124179,59.31375468186269,0.5,2,28.092283704587988,67.39565756323647,7.9855589711818,272.297936555648,1001,10000,Clouds,1,3,26,3,0,0,1,0.0,0.0,56.68187226223451,58.34793622186742,63.10810278873878,2.6666666666666665,36.44775218486926,2.0
2026-03-26T02:00:00+00:00,Karachi,24.8607,67.0011,openweathermap_historical,75.73103894456274,0.01,0.05170480804934082,43.8,0.39,61.522477248169615,92.28371587225442,0.5,4,33.78474015411341,82.09254845230649,5.488647335292803,225.68368176262666,1001,10000,Clouds,2,3,26,3,0,0,1,0.0,0.0,53.401223298833095,57.6667829553823,63.04639332342625,3.0,51.83373407371873,4.0
2026-03-26T03:00:00+00:00,Karachi,24.8607,67.0011,openweathermap_historical,74.63961052018165,0.01,0.0316459183378027,43.8,0.39,73.41855458907125,110.12783188360687,0.5,3,30.128589880855294,69.97163716641913,11.132785050211755,244.59308309827517,1001,10000,Clouds,3,3,26,3,0,0,1,0.0,0.0,58.16117831949425,59.518952052060946,63.76684381323306,3.0,60.16098821234988,4.0
2026-03-26T04:00:00+00:00,Karachi,24.8607,67.0011,openweathermap_historical,74.53008869461794,0.01,0.030640480294524562,43.8,0.39,68.67837295471777,103.01755943207667,0.5,4,29.913444112827044,51.37841883984546,6.624058157421709,247.94472282818168,1001,10000,Clouds,4,3,26,3,0,0,1,0.0,0.0,67.87313493065291,62.27750359644369,65.19788438421666,3.6666666666666665,56.84286106830244,3.0
2026-03-26T05:00:00+00:00,Karachi,24.8607,67.0011,openweathermap_historical,72.41834707740207,0.01,0.045505334020860495,43.8,0.39,57.50248508102627,86.25372762153941,0.5,4,27.79227880737154,76.53297987402067,6.130794416437956,254.00901780085417,1001,10000,Clouds,5,3,26,3,0,0,1,0.0,0.0,66.53313754160513,59.96718042021908,64.97585976825006,3.6666666666666665,49.01973955671839,3.0
2026-03-26T06:00:00+00:00,Karachi,24.8607,67.0011,openweathermap_historical,68.10310899638736,0.01,0.01955295414493691,43.8,0.39,62.23004985705434,93.34507478558152,0.5,4,30.222836472273524,60.077387394102,8.399637150436822,246.09629614842245,1001,10000,Clouds,6,3,26,3,0,0,1,0.0,0.0,62.80363596426616,60.482407141880174,65.50446910045173,4.0,52.32903489993804,4.0
2026-03-26T07:00:00+00:00,Karachi,24.8607,67.0011,openweathermap_historical,84.27768477369035,0.01,0.023933543176362017,43.8,0.39,95.23591838165375,142.85387757248063,0.5,5,30.28164100891899,50.812603477643265,7.694501612195182,238.93290905786898,1001,10000,Clouds,7,3,26,3,0,1,1,0.0,0.0,71.65615110657815,69.7646430186155,65.4174432025407,4.333333333333333,75.43314286715763,5.0
2026-03-26T08:00:00+00:00,Karachi,24.8607,67.0011,openweathermap_historical,87.91598643796874,0.01,0.02652638093645276,43.8,0.39,81.45686427148402,122.18529640722603,0.5,3,20.570133803451323,84.22137102104278,7.721554802848435,196.48338302583062,1001,10000,Clouds,8,3,26,3,0,1,1,0.0,0.0,79.64094417006407,73.08704085583457,66.14390485669674,4.0,65.78780499003882,3.0
2026-03-26T09:00:00+00:00,Karachi,24.8607,67.0011,openweathermap_historical,81.93518444820299,0.01,0.03273974579372049,43.8,0.39,59.41896110587858,89.12844165881788,0.5,3,22.346729239753852,70.88507183714896,7.588577232871826,204.48929841354186,1001,10000,Clouds,9,3,26,3,0,1,1,0.0,0.0,78.70391458633881,70.75377527530246,65.39994741041299,3.6666666666666665,50.36127277411501,3.0
2026-03-26T10:00:00+00:00,Karachi,24.8607,67.0011,openweathermap_historical,69.49093405013825,0.01,0.017556757866728657,43.8,0.39,80.35270485835278,120.52905728752917,0.5,3,26.794628310711076,63.033060929434825,4.826584970541256,215.67212925168306,1001,10000,Clouds,10,3,26,3,0,0,1,0.0,0.0,73.74284341190516,72.69949725924162,65.85036128622444,3.0,65.01489340084696,3.0
2026-03-26T11:00:00+00:00,Karachi,24.8607,67.0011,openweathermap_historical,73.43944320380068,0.01,0.07164214856040112,43.8,0.39,77.40066636767355,116.10099955151033,0.5,2,15.768855928782273,58.52701221736065,4.743905986361239,261.6889348965062,1001,10000,Clouds,11,3,26,3,0,0,1,0.0,0.0,72.39077744396833,76.01586080701618,65.81882398186879,2.6666666666666665,62.948466457371495,3.0
2026-03-26T12:00:00+00:00,Karachi,24.8607,67.0011,openweathermap_historical,79.10438231895083,0.01,0.024156304992552648,43.8,0.39,56.20711376943169,84.31067065414754,0.5,3,25.841335072389345,58.46591265663356,8.490075895341404,225.66131681913754,1001,10000,Clouds,12,3,26,3,0,0,1,0.0,0.0,71.32016166515271,75.01203812574572,65.58010213676405,2.6666666666666665,48.11297963860219,4.0
2026-03-26T13:00:00+00:00,Karachi,24.8607,67.0011,openweathermap_historical,66.79186953394066,0.01,0.05739444674772915,43.8,0.39,50.41870901623189,75.62806352434782,0.5,3,22.172002645976203,56.902644624048435,8.184378561910206,243.2444227248995,1001,10000,Clouds,13,3,26,3,0,0,1,0.0,0.0,61.342163051112415,67.54250323150875,65.85905306014175,2.6666666666666665,44.06109631136232,4.0
2026-03-26T14:00:00+00:00,Karachi,24.8607,67.0011,openweathermap_historical,75.87174005918308,0.01,0.02312692984881115,43.8,0.39,57.5088107873355,86.26321618100324,0.5,2,24.064603506915706,63.568136492081535,7.943979669714862,253.54529377983334,1001,10000,Clouds,14,3,26,3,0,0,1,0.0,0.0,54.71154452433306,63.55116098415067,66.43504202647168,2.6666666666666665,49.02416755113485,3.0
2026-03-26T15:00:00+00:00,Karachi,24.8607,67.0011,openweathermap_historical,65.58672653480356,0.01,0.06174035380890948,43.8,0.39,88.6097455436402,132.9146183154603,0.5,3,28.5773903276314,68.62732311199477,14.124436910937826,236.50413146418416,1001,10000,Clouds,15,3,26,3,0,0,1,0.0,0.0,65.51242178240257,68.4162917237776,67.18605777729705,2.6666666666666665,70.79482188054814,3.0
2026-03-26T16:00:00+00:00,Karachi,24.8607,67.0011,openweathermap_historical,73.88377713250064,0.01,0.05303794336721884,43.8,0.39,60.907776475288394,91.3616647129326,0.5,2,31.6534652121496,68.16353669502459,3.342925434831122,243.26755360882035,1001,10000,Clouds,16,3,26,3,0,0,1,0.0,0.0,69.00877760208806,65.1754703266002,67.36551070629714,2.3333333333333335,51.40344353270188,3.0
2026-03-26T17:00:00+00:00,Karachi,24.8607,67.0011,openweathermap_historical,64.30386614689435,0.01,0.00924287068695354,43.8,0.39,73.48501728915356,110.22752593373033,0.5,3,32.84919068361113,52.3954251466995,8.153361334791608,206.68020218898187,1001,10000,Clouds,17,3,26,3,0,1,1,0.0,0.0,74.33417976936074,64.52286214684688,67.12224215117082,2.6666666666666665,60.20751210240749,2.0
2026-03-26T18:00:00+00:00,Karachi,24.8607,67.0011,openweathermap_historical,62.94922878200945,0.01,0.04422393266496888,43.8,0.39,74.7757072748862,112.1635609123293,0.5,4,28.442118105939812,80.3583312375646,5.062745820514331,252.50507559284907,1001,10000,Clouds,18,3,26,3,0,1,1,0.0,0.0,69.72283367977609,67.61762773108929,66.14290369922772,3.0,61.110995092420346,2.0
2026-03-26T19:00:00+00:00,Karachi,24.8607,67.0011,openweathermap_historical,73.10570186471382,0.01,0.022463463309284122,43.8,0.39,68.63989926225737,102.95984889338607,0.5,3,29.251217138759117,71.17278600604538,4.345300163162969,219.10795551196495,1001,10000,Clouds,19,3,26,3,0,1,1,0.0,0.0,72.30020794209908,70.65449277209355,66.5773938110213,3.3333333333333335,56.81592948358016,4.0
2026-03-26T20:00:00+00:00,Karachi,24.8607,67.0011,openweathermap_historical,63.94589091353702,0.01,0.006772142456604596,43.8,0.39,80.88335476745127,121.3250321511769,0.5,3,25.383394723267546,63.92078679371055,8.79406490852774,244.39022250773377,1001,10000,Clouds,20,3,26,3,0,1,1,0.0,0.0,74.766320434865,74.55025010211283,67.2138087243701,3.3333333333333335,65.38634833721589,2.0
2026-03-26T21:00:00+00:00,Karachi,24.8607,67.0011,openweathermap_historical,77.67925625487621,0.01,0.06927060435605507,43.8,0.39,61.97109158590838,92.95663737886258,0.5,3,38.032863651038824,55.42318191177744,5.649589754443013,254.86301485387338,1001,10000,Clouds,21,3,26,3,0,0,1,0.0,0.0,70.4981152052057,70.11047444249085,67.19987337340795,3.0,52.14776411013587,4.0
2026-03-26T22:00:00+00:00,Karachi,24.8607,67.0011,openweathermap_historical,86.71421841217591,0.01,0.03441024447986234,43.8,0.39,72.22140608275801,108.33210912413702,0.5,2,27.405190106520116,56.26425526952382,8.307199958365802,274.3466332283527,1001,10000,Clouds,22,3,26,3,0,0,1,0.0,0.0,71.69195081203925,71.99607937706914,68.03713763983866,2.6666666666666665,59.322984257930614,4.0
2026-03-26T23:00:00+00:00,Karachi,24.8607,67.0011,openweathermap_historical,83.58295668773835,0.01,0.026625793739763835,43.8,0.39,57.02305851501432,85.53458777252148,0.5,2,27.37454618767896,64.42035564940298,5.838809458396554,211.87538190461288,1001,10000,Clouds,23,3,26,3,0,0,1,0.0,0.0,63.7385187278936,69.25241958137927,67.43958073886535,2.3333333333333335,48.68414096051002,2.0
2026-03-27T00:00:00+00:00,Karachi,24.8607,67.0011,openweathermap_historical,76.6399613508983,0.01,0.012588366979480767,43.8,0.39,88.46791280484102,132.70186920726152,0.5,2,28.14277714063396,67.58782679966016,3.3338723913141113,270.67790663837525,1001,10000,Clouds,0,4,27,3,0,0,1,0.0,0.0,72.57079246753783,71.53445383637172,68.66163170877174,2.0,70.69553896338873,2.0
2026-03-27T01:00:00+00:00,Karachi,24.8607,67.0011,openweathermap_historical,79.59722542066496,0.01,0.04146079701674295,43.8,0.39,83.5806357512993,125.37095362694895,0.5,2,24.77524081982943,63.82445897515993,5.986867654899845,228.52388417853072,1001,10000,Clouds,1,4,27,3,0,0,1,0.0,0.0,76.35720235705159,74.02457658454539,70.49655390169079,2.0,67.27444502590951,3.0
2026-03-27T02:00:00+00:00,Karachi,24.8607,67.0011,openweathermap_historical,65.45335148534564,0.01,0.017101248634807376,43.8,0.39,49.21213442834799,73.81820164252198,0.5,4,28.438323810818467,66.25702225522896,7.836978543173354,229.76070684111875,1001,10000,Clouds,2,4,27,3,0,0,1,0.0,0.0,73.75356099482947,68.74603986136151,69.98362295086488,2.6666666666666665,43.216494099843594,3.0
2026-03-27T03:00:00+00:00,Karachi,24.8607,67.0011,openweathermap_historical,78.0638765849524,0.01,0.05582663584065147,43.8,0.39,44.026398849282316,66.03959827392347,0.5,4,23.70745749611534,60.99063913771723,7.3290452780974045,223.44473984620882,1001,10000,Clouds,3,4,27,3,0,0,1,0.0,0.0,58.93972300964324,65.75525773859049,68.75894979504035,3.3333333333333335,39.58647919449762,3.0
2026-03-27T04:00:00+00:00,Karachi,24.8607,67.0011,openweathermap_historical,79.0935368096782,0.01,0.058509962733530874,43.8,0.39,59.40608109840582,89.10912164760873,0.5,3,24.035673742288544,48.52496686208242,7.288486025641226,235.36353079584129,1001,10000,Clouds,4,4,27,3,0,0,1,0.0,0.0,50.88153812534541,63.61937024119846,68.37260430102735,3.6666666666666665,50.352256768884075,4.0
2026-03-27T05:00:00+00:00,Karachi,24.8607,67.0011,openweathermap_historical,79.88156255737297,0.01,0.019868489213101897,43.8,0.39,73.90759161998605,110.86138742997908,0.5,3,16.08787599060736,60.35079108753817,8.333631740142756,247.74278592827054,1001,10000,Clouds,5,4,27,3,0,0,1,0.0,0.0,59.113357189224764,66.43345909202708,69.05615040681734,3.3333333333333335,60.503314133990244,3.0
2026-03-27T06:00:00+00:00,Karachi,24.8607,67.0011,openweathermap_historical,83.19164653504654,0.01,0.04258907456117912,43.8,0.39,42.21538494545169,63.32307741817753,0.5,4,30.09766362588104,66.00725296738199,7.005922565298876,232.2917775424134,1001,10000,Clouds,6,4,27,3,0,0,1,0.0,0.0,58.50968588794789,58.724704448795514,68.22220603550058,3.3333333333333335,38.31876946181618,4.0
2026-03-27T07:00:00+00:00,Karachi,24.8607,67.0011,openweathermap_historical,53.70475231268797,0.01,0.04540754898202334,43.8,0.39,82.26820973214572,123.40231459821858,0.5,5,24.84739492163904,83.04207791335512,5.660819642543657,234.29640946060357,1001,10000,Clouds,7,4,27,3,0,1,1,0.0,0.0,66.13039543252786,58.505966778936596,67.68188484177107,4.0,66.355746812502,4.0
2026-03-27T08:00:00+00:00,Karachi,24.8607,67.0011,openweathermap_historical,85.980907497608,0.01,0.019936487004962495,43.8,0.39,85.95458744093537,128.93188116140306,0.5,3,23.628565852989254,55.92767647516293,6.8485006677155695,256.00694831864456,1001,10000,Clouds,8,4,27,3,0,1,1,0.0,0.0,70.14606070617764,64.62970894770116,67.86928997383154,4.0,68.93621120865477,4.0
2026-03-27T09:00:00+00:00,Karachi,24.8607,67.0011,openweathermap_historical,74.4439780049549,0.01,0.06447954013416274,43.8,0.39,71.19204034573534,106.788060518603,0.5,3,32.9641179711303,58.2710416920336,7.638264788718594,215.0760179592361,1001,10000,Clouds,9,4,27,3,0,1,1,0.0,0.0,79.80494583960551,69.15731586377666,68.35983494215891,3.6666666666666665,58.60242824201474,3.0
2026-03-27T10:00:00+00:00,Karachi,24.8607,67.0011,openweathermap_historical,74.253703935791,0.01,0.06117240942394213,43.8,0.39,53.28678130977836,79.93017196466755,0.5,3,24.951458482747253,83.40671199838657,7.866152352874034,222.23619466952488,1001,10000,Clouds,10,4,27,3,0,0,1,0.0,0.0,70.1444696988164,68.13743256567209,67.23208812763498,3.0,46.06874691684486,3.0
2026-03-27T11:00:00+00:00,Karachi,24.8607,67.0011,openweathermap_historical,62.51455759972614,0.01,0.0844418847510453,43.8,0.39,55.8587636065315,83.78814540979724,0.5,3,24.73562661621898,72.17614347133595,6.594806552512197,212.33558823544087,1001,10000,Clouds,11,4,27,3,0,0,1,0.0,0.0,60.11252842068177,65.12929456342967,66.33450884592072,3.0,47.86913452457205,3.0
2026-03-27T12:00:00+00:00,Karachi,24.8607,67.0011,openweathermap_historical,56.99476756468484,0.01,0.028915134200589172,43.8,0.39,40.692747131193066,61.039120696789595,0.5,4,15.749572075642844,44.816403798892324,10.130197279165262,245.22842432744784,1001,10000,Clouds,12,4,27,3,0,0,1,0.0,0.0,49.94609734916768,64.87552159438656,65.68807690266078,3.3333333333333335,37.25292299183515,3.0
2026-03-27T13:00:00+00:00,Karachi,24.8607,67.0011,openweathermap_historical,77.43779726327608,0.01,0.0400802768091081,43.8,0.39,51.16860413174567,76.7529061976185,0.5,4,29.081697598106278,71.76643271175644,9.497095093637306,239.4429855749735,1001,10000,Clouds,13,4,27,3,0,0,1,0.0,0.0,49.240038289823445,59.692253994319884,65.71932253247384,3.6666666666666665,44.58602289222197,3.0
2026-03-27T14:00:00+00:00,Karachi,24.8607,67.0011,openweathermap_historical,66.62417458106248,0.01,0.037061445177157905,43.8,0.39,58.024255299738456,87.03638294960768,0.5,3,24.002489890787803,87.63493749263421,6.890164806900608,233.8498064734972,1001,10000,Clouds,14,4,27,3,0,0,1,0.0,0.0,49.96186885422577,55.037198637453734,65.74079938715731,3.6666666666666665,49.38497870981692,3.0
2026-03-27T15:00:00+00:00,Karachi,24.8607,67.0011,openweathermap_historical,87.97688195869763,0.01,0.10187972539228204,43.8,0.39,63.64095836715776,95.46143755073663,0.5,3,24.073300307887635,60.343427638989674,6.559303210694812,235.00918204884493,1001,10000,Clouds,15,4,27,3,0,0,1,0.0,0.0,57.61127259954733,53.77868497435747,64.70043325480387,3.3333333333333335,53.316670857010436,3.0
2026-03-27T16:00:00+00:00,Karachi,24.8607,67.0011,openweathermap_historical,61.79207804641426,0.01,0.06178564407699994,43.8,0.39,43.97737393443509,65.96606090165264,0.5,3,20.505415072251495,62.60418780118863,9.24491438038285,243.90989758295245,1001,10000,Clouds,16,4,27,3,0,0,1,0.0,0.0,55.21419586711047,52.227117078466925,63.99499981560165,3.0,39.55216175410457,4.0
2026-03-27T17:00:00+00:00,Karachi,24.8607,67.0011,openweathermap_historical,66.04227671743747,0.01,0.01046031024707269,43.8,0.39,73.79292236209241,110.68938354313862,0.5,2,31.8312150275966,66.3055524659637,8.222877515003285,228.28305872682114,1001,10000,Clouds,17,4,27,3,0,1,1,0.0,0.0,60.47041822122846,55.21614353772708,64.00782919364077,2.6666666666666665,60.4230456534647,4.0
2026-03-27T18:00:00+00:00,Karachi,24.8607,67.0011,openweathermap_historical,78.89599882097218,0.01,0.059721472932402715,43.8,0.39,79.88207239524397,119.82310859286595,0.5,2,26.23334544432043,70.15246854206399,5.69838857799446,256.3958118783559,1001,10000,Clouds,18,4,27,3,0,1,1,0.0,0.0,65.8841228972572,61.747697748402224,64.22059440698901,2.3333333333333335,64.68545067667078,3.0
2026-03-27T19:00:00+00:00,Karachi,24.8607,67.0011,openweathermap_historical,75.80880992799378,0.01,0.025623771801951516,43.8,0.39,102.69977695881471,154.04966543822206,0.5,4,31.89176340712573,56.10431169989515,6.992964240051447,269.1562076073648,1001,10000,Clouds,19,4,27,3,0,1,1,0.0,0.0,85.45825723871707,70.33622655291373,65.6397559776789,2.6666666666666665,80.6578438711703,3.0
2026-03-27T20:00:00+00:00,Karachi,24.8607,67.0011,openweathermap_historical,70.52501065549089,0.01,0.050310311661263284,43.8,0.39,68.18305030614799,102.27457545922198,0.5,2,22.758338669940606,76.36663066318323,3.5601711612643614,216.45559167716047,1001,10000,Clouds,20,4,27,3,0,1,1,0.0,0.0,83.58829988673558,72.02935905398199,65.1105766251246,2.6666666666666665,56.49613521430359,3.0
2026-03-27T21:00:00+00:00,Karachi,24.8607,67.0011,openweathermap_historical,78.26515800260265,0.01,0.0172518702707012,43.8,0.39,72.29585675603978,108.44378513405968,0.5,4,20.98546401196459,58.414284037184636,6.41915537661247,252.5537567377475,1001,10000,Clouds,21,4,27,3,0,0,1,0.0,0.0,81.0595613403342,73.47184211879566,65.54077517388008,3.3333333333333335,59.375099729227856,3.0
2026-03-27T22:00:00+00:00,Karachi,24.8607,67.0011,openweathermap_historical,84.93866571677368,0.01,0.04415319964423068,43.8,0.39,30.976156117406678,46.46423417611002,0.5,4,20.7250352081085,67.61457945786202,7.02666328500674,237.49045157815473,1001,10000,Clouds,22,4,27,3,0,0,1,0.0,0.0,57.15168772653152,71.30497248262425,63.82222309199043,3.3333333333333335,30.451309282184674,2.0
2026-03-27T23:00:00+00:00,Karachi,24.8607,67.0011,openweathermap_historical,70.18157853071168,0.01,0.0390583142400151,43.8,0.39,83.63603884420746,125.4540582663112,0.5,2,20.60897953733407,75.29776668125382,6.809167749509635,236.14494857088545,1001,10000,Clouds,23,4,27,3,0,0,1,0.0,0.0,62.30268390588467,72.94549189631009,64.93109727237349,3.3333333333333335,67.31322719094523,4.0
2026-03-28T00:00:00+00:00,Karachi,24.8607,67.0011,openweathermap_historical,80.10501261904182,0.01,0.02420906645847012,43.8,0.39,74.59521763438286,111.8928264515743,0.5,2,24.612230118544648,80.425831332647,9.345514174004482,255.56982590845683,1001,10000,Clouds,0,5,28,3,1,0,1,0.0,0.0,63.06913753199904,72.06434943616658,64.35306830693773,2.6666666666666665,60.98465234406801,2.0
2026-03-28T01:00:00+00:00,Karachi,24.8607,67.0011,openweathermap_historical,83.0625929429721,0.01,0.014068210222988972,43.8,0.39,76.82711526667505,115.24067290001258,0.5,3,28.754562099511407,62.46829027535875,7.746513296104523,221.80955169420227,1001,10000,Clouds,1,5,28,3,1,0,1,0.0,0.0,78.35279058175517,67.75223915414331,64.07167162007838,2.3333333333333335,62.54698068667254,3.0
2026-03-28T02:00:00+00:00,Karachi,24.8607,67.0011,openweathermap_historical,70.56380954981742,0.01,0.0063626675318591425,43.8,0.39,56.158115851186,84.237173776779,0.5,3,26.08027164078566,62.62946716037656,6.380099656008804,214.03318924691587,1001,10000,Clouds,2,5,28,3,1,0,1,0.0,0.0,69.19348291741467,65.74808341164963,64.36108751269664,2.6666666666666665,48.078681095830206,2.0
2026-03-28T03:00:00+00:00,Karachi,24.8607,67.0011,openweathermap_historical,82.44013983321753,0.01,0.015555184858745554,43.8,0.39,63.073820746640564,94.61073111996085,0.5,3,17.28847410871052,62.75487148166233,6.492571307156668,226.18940274808975,1001,10000,Clouds,3,5,28,3,1,0,1,0.0,0.0,65.35301728816724,64.2110774100831,65.15473009175322,3.0,52.91967452264839,2.0
2026-03-28T04:00:00+00:00,Karachi,24.8607,67.0011,openweathermap_historical,75.23602402689633,0.01,0.02105051907217533,43.8,0.39,66.30931528951224,99.46397293426836,0.5,4,19.95076438663327,59.264138569584894,6.979067990509384,227.9592540715066,1001,10000,Clouds,4,5,28,3,1,0,1,0.0,0.0,61.847083962446305,70.0999372721007,65.44236484971599,3.3333333333333335,55.184520702658574,3.0
2026-03-28T05:00:00+00:00,Karachi,24.8607,67.0011,openweathermap_historical,70.21314562489742,0.01,0.050427305559869594,43.8,0.39,62.382763217085525,93.57414482562828,0.5,3,31.03339906970124,61.20095861730286,6.263870759960237,214.17036520388478,1001,10000,Clouds,5,5,28,3,1,0,1,0.0,0.0,63.92196641774615,66.55772466758037,64.9621636662618,3.3333333333333335,52.43593425195987,2.0
2026-03-28T06:00:00+00:00,Karachi,24.8607,67.0011,openweathermap_historical,65.49407627246737,0.01,0.02752227028711028,43.8,0.39,58.83341311223343,88.25011966835015,0.5,4,21.060498578775814,53.05589159855033,7.2656339406331565,242.8717558620856,1001,10000,Clouds,6,5,28,3,1,0,1,0.0,0.0,62.508497206277106,63.93075724722214,65.65458150654437,3.6666666666666665,49.9513891785634,4.0
2026-03-28T07:00:00+00:00,Karachi,24.8607,67.0011,openweathermap_historical,89.78180785237257,0.01,0.05440533386600601,43.8,0.39,81.82812855004656,122.74219282506984,0.5,4,20.729679428214524,67.75698646603779,8.028170590491815,201.6478179972608,1001,10000,Clouds,7,5,28,3,1,1,1,0.0,0.0,67.68143495978855,64.76425946111739,65.63624479062358,3.6666666666666665,66.04768998503259,4.0
2026-03-28T08:00:00+00:00,Karachi,24.8607,67.0011,openweathermap_historical,82.8300307389904,0.01,0.07322505271687357,43.8,0.39,83.41357011656494,125.12035517484742,0.5,4,23.556506664321876,82.4123266339331,5.119846875899428,239.39622774590475,1001,10000,Clouds,8,5,28,3,1,1,1,0.0,0.0,74.69170392628168,69.30683517201388,65.5303690687748,4.0,67.15749908159546,4.0
2026-03-28T09:00:00+00:00,Karachi,24.8607,67.0011,openweathermap_historical,88.64109027561943,0.01,0.036438607166153575,43.8,0.39,73.16353650697701,109.74530476046552,0.5,3,25.87535896529064,60.14385245796459,6.52321815625834,226.69714828248496,1001,10000,Clouds,9,5,28,3,1,1,1,0.0,0.0,79.46841172452953,70.98845446540328,65.61251474215989,3.6666666666666665,59.98247555488391,4.0
2026-03-28T10:00:00+00:00,Karachi,24.8607,67.0011,openweathermap_historical,65.73866945793654,0.01,0.053463387660559865,43.8,0.39,44.14608170821355,66.21912256232032,0.5,3,27.085628567089177,79.98725080136134,4.812894319509213,226.06549139986652,1001,10000,Clouds,10,5,28,3,1,0,1,0.0,0.0,66.90772944391854,67.2945822018535,65.23165225876134,3.3333333333333335,39.670257195749485,3.0
2026-03-28T11:00:00+00:00,Karachi,24.8607,67.0011,openweathermap_historical,74.46424263886416,0.01,0.07723757535195283,43.8,0.39,66.69696310761005,100.04544466141508,0.5,3,25.06653775279266,63.850154341396,10.60798397672766,195.01046712356475,1001,10000,Clouds,11,5,28,3,1,0,1,0.0,0.0,61.33552710760025,68.01361551694093,65.68324390463961,3.0,55.45587417532704,4.0
2026-03-28T12:00:00+00:00,Karachi,24.8607,67.0011,openweathermap_historical,72.47262212567807,0.01,0.04577502825307979,43.8,0.39,66.5592512160741,99.83887682411115,0.5,3,37.93369510070258,72.00907365932888,9.795346954040863,234.63392085377225,1001,10000,Clouds,12,5,28,3,1,0,1,0.0,0.0,59.13409867729928,69.30125520091438,66.76101490817632,3.0,55.35947585125187,4.0
2026-03-28T13:00:00+00:00,Karachi,24.8607,67.0011,openweathermap_historical,64.76001519938912,0.01,0.0573461119269713,43.8,0.39,63.739094061042245,95.60864109156337,0.5,3,28.803055067434364,79.85182186286603,6.402899382899926,256.81614845175676,1001,10000,Clouds,13,5,28,3,1,0,1,0.0,0.0,65.66510279490883,66.28641611941366,67.28478532189702,3.0,53.38536584272958,4.0
2026-03-28T14:00:00+00:00,Karachi,24.8607,67.0011,openweathermap_historical,86.99372067813778,0.01,0.031757936043062596,43.8,0.39,73.53625136202419,110.30437704303628,0.5,3,26.028590547698656,59.34298269907318,5.888954964058021,231.6368196578375,1001,10000,Clouds,14,5,28,3,1,0,1,0.0,0.0,67.94486554638023,64.64019632699019,67.93111849115893,3.0,60.24337595341694,2.0
2026-03-28T15:00:00+00:00,Karachi,24.8607,67.0011,openweathermap_historical,58.23404718320468,0.01,0.0017296373238051,43.8,0.39,64.31138461912566,96.4670769286885,0.5,3,25.357473155090656,70.02641328229464,8.269976430529283,234.9867280620028,1001,10000,Clouds,15,5,28,3,1,0,1,0.0,0.0,67.19557668073075,63.164837679014965,67.95905291832425,3.0,53.78596923338797,3.0
2026-03-28T16:00:00+00:00,Karachi,24.8607,67.0011,openweathermap_historical,78.80468459031455,0.01,0.044942032401859934,43.8,0.39,57.035092448345594,85.55263867251838,0.5,4,15.462783546337638,55.5080473469949,7.43108900599224,191.23635167621174,1001,10000,Clouds,16,5,28,3,1,0,1,0.0,0.0,64.96090947649853,65.31300613570363,68.50312452307053,3.3333333333333335,48.69256471384192,3.0
2026-03-28T17:00:00+00:00,Karachi,24.8607,67.0011,openweathermap_historical,75.1794500815642,0.01,0.0638431895726666,43.8,0.39,70.12815087176928,105.19222630765393,0.5,4,24.748622700951344,63.76022867118632,6.516275590895747,250.75683448723746,1001,10000,Clouds,17,5,28,3,1,1,1,0.0,0.0,63.8248759797469,65.88487076306352,68.35042571097372,3.6666666666666665,57.8577056102385,3.0
2026-03-28T18:00:00+00:00,Karachi,24.8607,67.0011,openweathermap_historical,68.87024869813507,0.01,0.05748829016441694,43.8,0.39,46.27606623821457,69.41409935732185,0.5,3,21.07406483206221,62.32572671239312,9.939303209553437,265.577310622297,1001,10000,Clouds,18,5,28,3,1,1,1,0.0,0.0,57.813103186109856,62.50433993342025,66.95017545443083,3.6666666666666665,41.1612463667502,3.0
2026-03-28T19:00:00+00:00,Karachi,24.8607,67.0011,openweathermap_historical,76.30584183539513,0.01,0.03125702569912414,43.8,0.39,88.95533574984825,133.43300362477237,0.5,3,22.133137500077776,63.21924613449675,11.344257342262505,242.60561624943585,1001,10000,Clouds,19,5,28,3,1,1,1,0.0,0.0,68.45318428661075,66.70704688155458,66.37749040405724,3.3333333333333335,71.03673502489377,2.0
2026-03-28T20:00:00+00:00,Karachi,24.8607,67.0011,openweathermap_historical,70.42599510590401,0.01,0.049236566119696415,43.8,0.39,85.72215842239571,128.58323763359357,0.5,3,22.792108981594588,70.31808712364874,7.707125066087054,214.86860520205377,1001,10000,Clouds,20,5,28,3,1,1,1,0.0,0.0,73.65118680348621,68.73803139161652,67.10828657556755,3.0,68.773510895677,3.0
2026-03-28T21:00:00+00:00,Karachi,24.8607,67.0011,openweathermap_historical,98.3826167986316,0.01,0.029182284167685486,43.8,0.39,59.15059846462314,88.72589769693471,0.5,3,13.852694966194012,63.91750155618409,6.437142904125359,247.42840978810105,1001,10000,Clouds,21,5,28,3,1,0,1,0.0,0.0,77.94269754562241,67.87790036586608,66.56056748009186,3.0,50.1734189252362,3.0
2026-03-28T22:00:00+00:00,Karachi,24.8607,67.0011,openweathermap_historical,64.88308630986481,0.01,0.04940804632894429,43.8,0.39,36.098581911266564,54.147872866899846,0.5,2,35.1849665703462,57.10518240038728,6.797968595080564,255.81369954872363,1001,10000,Clouds,22,5,28,3,1,0,1,0.0,0.0,60.32377959942852,64.38848194301958,66.77400188816937,2.6666666666666665,34.0370073378866,2.0
2026-03-28T23:00:00+00:00,Karachi,24.8607,67.0011,openweathermap_historical,75.79376426277369,0.01,0.04619851042516576,43.8,0.39,62.69343569113123,94.04015353669683,0.5,4,30.191205325503713,53.0624073214059,5.653548975862053,256.1707198499401,1001,10000,Clouds,23,5,28,3,1,0,1,0.0,0.0,52.64753868900703,63.149362746246574,65.90139342345783,3.0,52.65340498379186,3.0
2026-03-29T00:00:00+00:00,Karachi,24.8607,67.0011,openweathermap_historical,64.56265882472799,0.01,0.01940144406208823,43.8,0.39,61.336783948499786,92.00517592274969,0.5,2,30.859655885568372,62.975410515994696,5.689773973141914,267.92568330374763,1001,10000,Clouds,0,6,29,3,1,0,1,0.0,0.0,53.37626718363257,65.65948236462745,65.34895868654606,2.6666666666666665,51.703748763949854,2.0
2026-03-29T01:00:00+00:00,Karachi,24.8607,67.0011,openweathermap_historical,68.09291902311313,0.01,0.028291525807673523,43.8,0.39,66.79064056860078,100.18596085290116,0.5,3,16.669363313399273,67.96911084240212,8.870593521519822,220.8769466244398,1001,10000,Clouds,1,6,29,3,1,0,1,0.0,0.0,63.60695340274398,61.9653665010862,64.93077224079296,3.0,55.521448398020546,3.0
2026-03-29T02:00:00+00:00,Karachi,24.8607,67.0011,openweathermap_historical,75.73113620805128,0.01,0.044668582374050636,43.8,0.39,26.76720111174908,40.150801667623625,0.5,2,26.050799178814376,49.90922606364053,2.7658273144461356,243.60017369605012,1001,10000,Clouds,2,6,29,3,1,0,1,0.0,0.0,51.63154187628326,52.13954028264509,63.70615079331642,2.3333333333333335,27.505040778224355,4.0
2026-03-29T03:00:00+00:00,Karachi,24.8607,67.0011,openweathermap_historical,78.12838865948231,0.01,0.04010466314254109,43.8,0.39,68.10697770380513,102.1604665557077,0.5,2,21.45511979186006,66.46034329371793,10.464652315078766,240.70776788393397,1001,10000,Clouds,3,6,29,3,1,0,1,0.0,0.0,53.888273128051715,53.63227015584209,63.91586566653161,2.3333333333333335,56.4428843926636,3.0
2026-03-29T04:00:00+00:00,Karachi,24.8607,67.0011,openweathermap_historical,90.25566999869119,0.01,0.03744548902724695,43.8,0.39,47.364585174588534,71.0468777618828,0.5,3,33.472394292875215,72.165200095441,8.4127630960115,214.2484290207977,1001,10000,Clouds,4,6,29,3,1,0,1,0.0,0.0,47.41292133004763,55.509937366395754,63.12650191174311,2.3333333333333335,41.92320962221197,3.0
2026-03-29T05:00:00+00:00,Karachi,24.8607,67.0011,openweathermap_historical,79.46074136181538,0.01,0.030416038396401297,43.8,0.39,35.29528017651,52.94292026476499,0.5,2,28.23434104085662,65.941452832375,8.255851565501741,235.3235581107829,1001,10000,Clouds,5,6,29,3,1,0,1,0.0,0.0,50.2556143516346,50.943578113958885,61.99785678505247,2.3333333333333335,33.474696123556996,3.0
2026-03-29T06:00:00+00:00,Karachi,24.8607,67.0011,openweathermap_historical,60.0606588025615,0.01,0.0470232052591899,43.8,0.39,65.92302536587272,98.88453804880908,0.5,4,15.941303204081942,58.11126803573154,6.060240368968312,240.12798994455324,1001,10000,Clouds,6,6,29,3,1,0,1,0.0,0.0,49.52763023899047,51.70795168352104,62.293257295620776,3.0,54.91411775611091,5.0
2026-03-29T07:00:00+00:00,Karachi,24.8607,67.0011,openweathermap_historical,65.39136772410052,0.01,0.04465736095486946,43.8,0.39,95.79959063290096,143.69938594935144,0.5,4,28.393019971942785,68.80539425345417,5.9403402881014795,231.97103533937303,1001,10000,Clouds,7,6,29,3,1,1,1,0.0,0.0,65.67263205842794,56.54277669423774,62.87540154907305,3.3333333333333335,75.82771344303067,4.0
2026-03-29T08:00:00+00:00,Karachi,24.8607,67.0011,openweathermap_historical,79.42266129690061,0.01,0.018339366515871314,43.8,0.39,63.386614099136565,95.07992114870484,0.5,4,34.52466263832331,51.24141047387367,8.739806461616267,215.93214942831253,1001,10000,Clouds,8,6,29,3,1,1,1,0.0,0.0,75.0364100326368,62.64601219213565,62.04094504834686,4.0,53.1386298693956,4.0
2026-03-29T09:00:00+00:00,Karachi,24.8607,67.0011,openweathermap_historical,77.44539101477048,0.01,0.04846243442040468,43.8,0.39,67.75983776362857,101.63975664544284,0.5,4,27.217845594085716,65.36182782241221,7.205962666985776,221.475727558384,1001,10000,Clouds,9,6,29,3,1,1,1,0.0,0.0,75.64868083188874,62.58815553543956,61.81579093404068,4.0,56.19988643454,3.0
2026-03-29T10:00:00+00:00,Karachi,24.8607,67.0011,openweathermap_historical,65.70986186631518,0.01,-0.007452371836957336,43.8,0.39,19.555133376087227,29.33270006413084,0.5,3,35.72428819831924,65.05538596678018,1.973683052805459,201.75399074389472,1001,10000,Clouds,10,6,29,3,1,0,1,0.0,0.0,50.23386174628416,57.95324690235601,60.791168086868744,3.6666666666666665,22.456593363261057,2.0
2026-03-29T11:00:00+00:00,Karachi,24.8607,67.0011,openweathermap_historical,81.5557894485902,0.01,0.03784596679628441,43.8,0.39,75.11460664372434,112.67190996558651,0.5,4,26.09007174296165,66.41345608209065,7.764262980392312,232.87756039815568,1001,10000,Clouds,11,6,29,3,1,0,1,0.0,0.0,54.14319259448009,64.5898013135584,61.14190323420684,3.6666666666666665,61.348224650607044,3.0
2026-03-29T12:00:00+00:00,Karachi,24.8607,67.0011,openweathermap_historical,88.87904975582708,0.01,0.037298554225596525,43.8,0.39,52.12424837099606,78.18637255649409,0.5,4,22.838142274539848,61.290556546395585,8.610655083689341,240.23169294761735,1001,10000,Clouds,12,6,29,3,1,0,1,0.0,0.0,48.931329463602594,62.290005147745624,60.54044478232859,3.6666666666666665,45.254973859697245,3.0
2026-03-29T13:00:00+00:00,Karachi,24.8607,67.0011,openweathermap_historical,50.48508445908885,0.01,0.03933557495529271,43.8,0.39,58.83232257620108,88.24848386430162,0.5,4,25.716564410129195,47.380986717455514,5.027332301962544,233.598110716921,1001,10000,Clouds,13,6,29,3,1,0,1,0.0,0.0,62.02372586364054,56.12879380496231,60.3359959704602,4.0,49.950625803340756,2.0
2026-03-29T14:00:00+00:00,Karachi,24.8607,67.0011,openweathermap_historical,76.34601261284146,0.01,0.04031130060596506,43.8,0.39,64.45480605581099,96.68220908371649,0.5,2,25.252367134839307,66.16081361377745,5.246699222592289,236.21638589497303,1001,10000,Clouds,14,6,29,3,1,0,1,0.0,0.0,58.47045900100276,56.306825797741375,59.95760241603466,3.3333333333333335,53.8863642390677,3.0
2026-03-29T15:00:00+00:00,Karachi,24.8607,67.0011,openweathermap_historical,63.805172868226826,0.01,0.06550015787683511,43.8,0.39,74.63446812212727,111.95170218319092,0.5,3,25.338633998384406,60.80741681970837,4.052530038924889,224.0622807231651,1001,10000,Clouds,15,6,29,3,1,0,1,0.0,0.0,65.97386558471317,57.452597524157824,60.38773089532639,3.0,61.01212768548909,3.0
2026-03-29T16:00:00+00:00,Karachi,24.8607,67.0011,openweathermap_historical,80.15539806912324,0.01,0.06403282252590857,43.8,0.39,42.23649098477131,63.35473647715696,0.5,3,28.371195694812542,47.87661637865682,10.021412171757481,258.43875839196374,1001,10000,Clouds,16,6,29,3,1,0,1,0.0,0.0,60.441921720903245,61.23282379227184,59.77112250101079,2.6666666666666665,38.33354368933992,2.0
2026-03-29T17:00:00+00:00,Karachi,24.8607,67.0011,openweathermap_historical,85.27733119379278,0.01,0.007165422046407181,43.8,0.39,88.28549790286996,132.42824685430494,0.5,3,22.165080780638398,70.33651368467214,7.377890549775682,247.022384508458,1001,10000,Clouds,17,6,29,3,1,1,1,0.0,0.0,68.3854856699229,63.427972335462776,60.52767862730666,3.0,70.56784853200898,2.0
2026-03-29T18:00:00+00:00,Karachi,24.8607,67.0011,openweathermap_historical,72.62588004766586,0.01,0.06498433600898582,43.8,0.39,90.1495027966027,135.22425419490406,0.5,3,26.30250633831673,67.76804590400174,8.36817991200898,285.4680911710833,1001,10000,Clouds,18,6,29,3,1,1,1,0.0,0.0,73.55716389474804,69.76551473973056,62.35573848390616,3.0,71.8726519576219,4.0
2026-03-29T19:00:00+00:00,Karachi,24.8607,67.0011,openweathermap_historical,80.90172961612039,0.01,0.040870896962615186,43.8,0.39,54.13039093489198,81.19558640233797,0.5,2,30.727183300861327,58.73169153533535,6.83476923601673,252.96250255349761,1001,10000,Clouds,19,6,29,3,1,1,1,0.0,0.0,77.52179721145494,68.98185946617905,60.904699116616314,2.6666666666666665,46.65927365442438,3.0
2026-03-29T20:00:00+00:00,Karachi,24.8607,67.0011,openweathermap_historical,75.54817220349166,0.01,0.028525827097676253,43.8,0.39,79.7666743192999,119.65001147894984,0.5,3,23.61510931976708,60.690993557625816,9.498301065506329,280.3498929112951,1001,10000,Clouds,20,6,29,3,1,1,1,0.0,0.0,74.68218935026492,71.53383751009385,60.656553945654,2.6666666666666665,64.60467202350993,3.0
2026-03-29T21:00:00+00:00,Karachi,24.8607,67.0011,openweathermap_historical,85.51593936918263,0.01,0.041325215127298975,43.8,0.39,70.52849710603522,105.79274565905283,0.5,3,20.197023841465416,60.811283340852505,10.917833245729373,231.51520369508938,1001,10000,Clouds,21,6,29,3,1,0,1,0.0,0.0,68.14185412007573,70.84950900741184,61.13063305571283,2.6666666666666665,58.13794797422466,2.0
2026-03-29T22:00:00+00:00,Karachi,24.8607,67.0011,openweathermap_historical,66.62644775056793,0.01,0.041140201467471216,43.8,0.39,66.14924834675385,99.22387252013078,0.5,2,19.576916209749484,61.339102038624006,3.9405810549047997,254.31620533626358,1001,10000,Clouds,22,6,29,3,1,0,1,0.0,0.0,72.1481399240297,74.83496856774228,62.38274415719147,2.6666666666666665,55.0724738427277,3.0
2026-03-29T23:00:00+00:00,Karachi,24.8607,67.0011,openweathermap_historical,68.21089917189815,0.01,0.04748947173848031,43.8,0.39,49.627830732005165,74.44174609800774,0.5,3,18.236335215930954,75.54709792515796,8.776876086968645,269.37204914136845,1001,10000,Clouds,23,6,29,3,1,0,1,0.0,0.0,62.1018587282648,68.3920240392648,61.83834395056122,2.6666666666666665,43.507481512403615,4.0
2026-03-30T00:00:00+00:00,Karachi,24.8607,67.0011,openweathermap_historical,77.23421744662387,0.01,0.05205977674569985,43.8,0.39,70.97984363329675,106.46976544994513,0.5,2,22.835490778395485,92.06155082138775,9.080746057939212,234.1384687874665,1001,10000,Clouds,0,0,30,3,0,0,1,0.0,0.0,62.2523075706853,65.19708084538048,62.24013810409442,2.3333333333333335,58.453890543307736,4.0
2026-03-30T01:00:00+00:00,Karachi,24.8607,67.0011,openweathermap_historical,67.87767478353788,0.01,0.03249774937432506,43.8,0.39,61.17407242429498,91.76110863644246,0.5,3,27.775052522519015,76.24313923908043,5.426071596652332,243.5054598153103,1001,10000,Clouds,1,0,30,3,0,0,1,0.0,0.0,60.59391559653235,66.37102776028098,62.00611443141501,2.6666666666666665,51.58985069700648,4.0
2026-03-30T02:00:00+00:00,Karachi,24.8607,67.0011,openweathermap_historical,74.49459786442691,0.01,0.07288317527997087,43.8,0.39,67.76280335460015,101.64420503190023,0.5,4,36.67867592159107,65.27960682277815,5.728557921228302,198.7713237463618,1001,10000,Clouds,2,0,30,3,0,0,1,0.0,0.0,66.63890647073067,64.37038259949769,63.71426452486714,3.0,56.20196234822011,3.0
2026-03-30T03:00:00+00:00,Karachi,24.8607,67.0011,openweathermap_historical,87.40748998616127,0.01,0.05317793957735585,43.8,0.39,72.27460702890741,108.41191054336112,0.5,3,20.441068222128198,76.30196609471619,7.384925864657127,209.10843668546602,1001,10000,Clouds,3,0,30,3,0,0,1,0.0,0.0,67.07049426926757,64.66140091997639,63.88791574674641,3.3333333333333335,59.3602249202352,3.0
2026-03-30T04:00:00+00:00,Karachi,24.8607,67.0011,openweathermap_historical,87.83533022048297,0.01,0.03926906904271617,43.8,0.39,36.2044381636155,54.30665724542325,0.5,3,25.454684816410946,56.72975671073062,13.282732071995987,238.75544591804834,1001,10000,Clouds,4,0,30,3,0,0,1,0.0,0.0,58.74728284904106,59.67059922278667,63.42290962128919,3.3333333333333335,34.111106714530855,3.0
2026-03-30T05:00:00+00:00,Karachi,24.8607,67.0011,openweathermap_historical,92.33402032015132,0.01,0.05016309339887986,43.8,0.39,65.66028966602633,98.4904344990395,0.5,3,20.56959960456586,69.90755324848573,8.62685689243736,248.2590162345953,1001,10000,Clouds,5,0,30,3,0,0,1,0.0,0.0,58.04644495284979,62.342675711790186,64.68811835001904,3.0,54.73020276621844,4.0
2026-03-30T06:00:00+00:00,Karachi,24.8607,67.0011,openweathermap_historical,80.40003002374308,0.01,-0.009103154839152673,43.8,0.39,62.11579045821411,93.17368568732115,0.5,5,21.951918864661902,58.531331740414956,3.633272045234525,190.55951136695927,1001,10000,Clouds,6,0,30,3,0,0,1,0.0,0.0,54.660172762618686,60.865333515943085,64.52948356219993,3.6666666666666665,52.24905332074988,3.0
2026-03-30T07:00:00+00:00,Karachi,24.8607,67.0011,openweathermap_historical,93.67068106073252,0.01,0.018182859873615738,43.8,0.39,52.435786416205104,78.65367962430766,0.5,4,28.003266757774327,49.6406757873839,4.863191352349261,232.5163408487983,1001,10000,Clouds,7,0,30,3,0,1,1,0.0,0.0,60.070622180148554,59.408952514594766,62.722658386504264,4.0,45.47305049134358,4.0
2026-03-30T08:00:00+00:00,Karachi,24.8607,67.0011,openweathermap_historical,72.65668702882176,0.01,0.05775262631213355,43.8,0.39,68.42093517816596,102.63140276724894,0.5,4,27.10585497739995,47.98212578083578,10.561280048705157,254.22238665349974,1001,10000,Clouds,8,0,30,3,0,1,1,0.0,0.0,60.990837350861774,59.518641151855725,62.93242176479716,4.333333333333333,56.66265462471618,4.0
2026-03-30T09:00:00+00:00,Karachi,24.8607,67.0011,openweathermap_historical,91.40943119499038,0.01,0.015589630703931018,43.8,0.39,67.63410075134914,101.4511511270237,0.5,3,28.104570200659268,81.55448412171759,7.189812086037678,244.3562187154068,1001,10000,Clouds,9,0,30,3,0,1,1,0.0,0.0,62.830274115240115,58.74522343892935,62.92718272261885,3.6666666666666665,56.1118705259444,2.0
2026-03-30T10:00:00+00:00,Karachi,24.8607,67.0011,openweathermap_historical,79.6601251963206,0.01,0.04154763067417923,43.8,0.39,45.03570573693885,67.55355860540828,0.5,2,28.09435059183177,60.05729821987476,8.385203676190697,198.05788665956013,1001,10000,Clouds,10,0,30,3,0,0,1,0.0,0.0,60.3635805554847,60.217101367816575,63.98887323765434,3.0,40.2929940158572,3.0
2026-03-30T11:00:00+00:00,Karachi,24.8607,67.0011,openweathermap_historical,62.62208651290467,0.01,0.007684745046853229,43.8,0.39,64.1885543324772,96.2828314987158,0.5,3,22.553708270155695,59.37263391952563,2.6876745633177936,235.6550579028083,1001,10000,Clouds,11,0,30,3,0,0,1,0.0,0.0,58.9527869402551,59.971812145558395,63.53362105801904,2.6666666666666665,53.69998803273404,4.0
2026-03-30T12:00:00+00:00,Karachi,24.8607,67.0011,openweathermap_historical,93.72936601477595,0.01,0.028994482713585033,43.8,0.39,56.62723549881513,84.9408532482227,0.5,3,25.400289064720663,75.44809140795147,8.555903912498628,228.9207994002628,1001,10000,Clouds,12,0,30,3,0,0,1,0.0,0.0,55.28383185607711,59.057052985658565,63.72124552167816,2.6666666666666665,48.407064849170595,3.0
2026-03-30T13:00:00+00:00,Karachi,24.8607,67.0011,openweathermap_historical,77.31683762474422,0.01,0.042003064683323786,43.8,0.39,50.410032456757264,75.61504868513589,0.5,2,16.980707983954034,67.9813722897444,9.511742995111009,224.0360520544326,1001,10000,Clouds,13,0,30,3,0,0,1,0.0,0.0,57.07527409601658,58.719427325750594,63.37031676670134,2.6666666666666665,44.05502271973009,3.0
2026-03-30T14:00:00+00:00,Karachi,24.8607,67.0011,openweathermap_historical,97.14060370367433,0.01,0.07934315499433749,43.8,0.39,69.01429772801086,103.52144659201629,0.5,3,24.8338124046557,54.00362768533531,5.764047618220619,234.81765631636517,1001,10000,Clouds,14,0,30,3,0,0,1,0.0,0.0,58.68385522786113,58.81832108405808,63.560295586376334,2.6666666666666665,57.078008409607605,4.0
2026-03-30T15:00:00+00:00,Karachi,24.8607,67.0011,openweathermap_historical,78.11175725276767,0.01,0.04214087326817356,43.8,0.39,48.83242476102093,73.24863714153139,0.5,3,19.544140993901472,40.64865295078927,6.538090806247534,205.45241918113496,1001,10000,Clouds,15,0,30,3,0,0,1,0.0,0.0,56.08558498192972,55.68470841900338,62.48521044633025,2.6666666666666665,42.950697332714654,4.0
2026-03-30T16:00:00+00:00,Karachi,24.8607,67.0011,openweathermap_historical,96.41767771228987,0.01,0.03271393499997364,43.8,0.39,52.77557481205506,79.1633622180826,0.5,2,30.431432200320607,69.3086390903909,7.411234199206533,249.91530798682902,1001,10000,Clouds,16,0,30,3,0,0,1,0.0,0.0,56.874099100362336,56.9746865981894,62.924338939133726,2.6666666666666665,45.710902368438546,3.0
2026-03-30T17:00:00+00:00,Karachi,24.8607,67.0011,openweathermap_historical,85.91808455937263,0.01,0.04085320861376801,43.8,0.39,84.29826451257546,126.44739676886319,0.5,2,28.526724183885406,62.71959819198792,5.005786494033377,252.17812759026256,1001,10000,Clouds,17,0,30,3,0,1,1,0.0,0.0,61.9687546952172,60.326304961539115,62.758204214538125,2.3333333333333335,67.77678515880282,3.0
2026-03-30T18:00:00+00:00,Karachi,24.8607,67.0011,openweathermap_historical,77.20652041337203,0.01,0.054213080908427774,43.8,0.39,64.23336776342695,96.35005164514044,0.5,4,27.855315628277427,65.5528500509613,6.970329525978663,244.03312808398655,1001,10000,Clouds,18,0,30,3,0,1,1,0.0,0.0,67.10240236268588,61.593993672307754,61.67836525482247,2.6666666666666665,53.73135743439887,3.0
2026-03-30T19:00:00+00:00,Karachi,24.8607,67.0011,openweathermap_historical,72.74037841348473,0.01,0.06883319932146012,43.8,0.39,48.134626286907306,72.20193943036097,0.5,3,20.514915411031716,76.86107959584174,3.850760649337217,231.82971010486327,1001,10000,Clouds,19,0,30,3,0,1,1,0.0,0.0,65.55541952096995,61.21475931066609,61.42854172782311,3.0,42.46223840083512,4.0
2026-03-30T20:00:00+00:00,Karachi,24.8607,67.0011,openweathermap_historical,75.7674875414796,0.01,0.017899561151289777,43.8,0.39,75.52735038095956,113.29102557143935,0.5,3,27.95440143227865,72.0520807653443,4.363360413805357,231.02409535277025,1001,10000,Clouds,20,0,30,3,0,1,1,0.0,0.0,62.63178147709798,62.30026808615755,61.25190323039226,3.3333333333333335,61.637145266671695,3.0
2026-03-30T21:00:00+00:00,Karachi,24.8607,67.0011,openweathermap_historical,68.27451371299958,0.01,0.048026137862595436,43.8,0.39,87.92345277040873,131.8851791556131,0.5,2,21.305731491896864,71.49646971400101,6.141442197096588,250.10364733483328,1001,10000,Clouds,21,0,30,3,0,0,1,0.0,0.0,70.52847647942525,68.8154394210555,61.97669304974116,2.6666666666666665,70.31441693928612,3.0
2026-03-30T22:00:00+00:00,Karachi,24.8607,67.0011,openweathermap_historical,76.17880322097594,0.01,0.047936805446088346,43.8,0.39,39.27589401370372,58.91384102055558,0.5,3,32.43124161724931,73.64594391382664,6.3822141042583755,247.02787435951947,1001,10000,Clouds,22,0,30,3,0,0,1,0.0,0.0,67.57556572169072,66.56549262133029,60.85696995253073,2.6666666666666665,36.261125809592606,3.0
2026-03-30T23:00:00+00:00,Karachi,24.8607,67.0011,openweathermap_historical,76.23032431155741,0.01,0.04314329832918082,43.8,0.39,53.18648976088188,79.77973464132282,0.5,4,29.13114507911009,64.11033442779294,6.790908827174169,200.31400864314662,1001,10000,Clouds,23,0,30,3,0,0,1,0.0,0.0,60.12861218166483,61.38019682938136,61.00524741206726,3.0,45.99854283261732,3.0
2026-03-31T00:00:00+00:00,Karachi,24.8607,67.0011,openweathermap_historical,80.49970846658633,0.01,0.033971408038572265,43.8,0.39,92.46289268013975,138.6943390202096,0.5,4,25.404059777458123,66.15382449880916,6.728616661703547,221.06303381477122,1001,10000,Clouds,0,1,31,3,0,0,1,0.0,0.0,61.64175881824182,66.08511764883349,61.90037445568572,3.6666666666666665,73.49202487609782,3.0
2026-03-31T01:00:00+00:00,Karachi,24.8607,67.0011,openweathermap_historical,71.96246251185741,0.01,-0.01333783676728724,43.8,0.39,45.50146762624116,68.25220143936174,0.5,4,21.726774776869206,62.14452874028309,6.842037867999316,240.76263409725797,1001,10000,Clouds,1,1,31,3,0,0,1,0.0,0.0,63.716950022420974,65.64625787205581,61.247349255766814,4.0,40.61902733836881,3.0
2026-03-31T02:00:00+00:00,Karachi,24.8607,67.0011,openweathermap_historical,82.21619797284,0.01,0.01903969217817458,43.8,0.39,88.57185762895723,132.85778644343586,0.5,3,28.545746083606392,79.61253459216756,10.482510949835858,249.28057909482027,1001,10000,Clouds,2,1,31,3,0,0,1,0.0,0.0,75.51207264511275,67.82034241338874,62.11439318386502,3.6666666666666665,70.76830034027007,3.0
2026-03-31T03:00:00+00:00,Karachi,24.8607,67.0011,openweathermap_historical,86.47753349801765,0.01,-0.024245719086506225,43.8,0.39,61.354429145108725,92.03164371766309,0.5,3,32.855230713729235,74.26857076119265,6.2230571089149365,247.43209953997277,1001,10000,Clouds,3,1,31,3,0,0,1,0.0,0.0,65.14258480010241,63.392171809172076,61.659385772040075,3.3333333333333335,51.716100401576114,2.0
2026-03-31T04:00:00+00:00,Karachi,24.8607,67.0011,openweathermap_historical,68.94272633899332,0.01,0.046910348855036206,43.8,0.39,99.83727405665395,149.75591108498094,0.5,3,24.207442956970578,68.74747714771229,8.217248272130268,191.760977764776,1001,10000,Clouds,4,1,31,3,0,0,1,0.0,0.0,83.25452027690669,73.48573514966378,64.31075393425002,3.0,78.65409183965778,3.0
2026-03-31T05:00:00+00:00,Karachi,24.8607,67.0011,openweathermap_historical,74.14460858135654,0.01,0.020434381886442535,43.8,0.39,74.66027827297529,111.99041740946294,0.5,4,28.933592438010486,64.2158977669908,6.103492910981981,254.90921150490485,1001,10000,Clouds,5,1,31,3,0,0,1,0.0,0.0,78.61732715824603,77.06469990167935,64.68575345953955,3.3333333333333335,61.03019479108271,4.0
2026-03-31T06:00:00+00:00,Karachi,24.8607,67.0011,openweathermap_historical,103.29058982080512,0.01,0.0287954752320985,43.8,0.39,46.93893722939425,70.40840584409138,0.5,3,28.82205385065206,66.8722839386314,1.0900488861143556,222.76140061334678,1001,10000,Clouds,6,1,31,3,0,0,1,0.0,0.0,73.81216318634121,69.47737399322176,64.0533845750054,3.3333333333333335,41.62525606057598,4.0
2026-03-31T07:00:00+00:00,Karachi,24.8607,67.0011,openweathermap_historical,77.94529823354719,0.01,0.05716002852106543,43.8,0.39,71.14823537754809,106.72235306632214,0.5,4,26.535108586092463,50.15510619691832,4.8027549086825125,218.52993314277091,1001,10000,Clouds,7,1,31,3,0,1,1,0.0,0.0,64.2491502933059,73.75183528510625,64.83306994839468,3.6666666666666665,58.57176476428367,4.0
2026-03-31T08:00:00+00:00,Karachi,24.8607,67.0011,openweathermap_historical,68.19000737827002,0.01,0.04762772637879343,43.8,0.39,46.846290537522776,70.26943580628416,0.5,4,19.527184094244028,69.07816752930312,8.647215166172934,212.42576306674144,1001,10000,Clouds,8,1,31,3,0,1,1,0.0,0.0,54.97782104815508,66.79757410320052,63.93412642170122,3.6666666666666665,41.560403376265945,5.0
2026-03-31T09:00:00+00:00,Karachi,24.8607,67.0011,openweathermap_historical,79.53923370912055,0.01,0.03762735118151255,43.8,0.39,63.88818061652353,95.83227092478529,0.5,2,24.906974040574017,64.12512455264404,11.306396815569919,229.25557711956668,1001,10000,Clouds,9,1,31,3,0,1,1,0.0,0.0,60.62756884386484,67.21986601510298,63.77804641608348,3.3333333333333335,53.48972643156647,3.0
2026-03-31T10:00:00+00:00,Karachi,24.8607,67.0011,openweathermap_historical,74.63164667105272,0.01,0.06765276529154654,43.8,0.39,49.25309338701919,73.87964008052879,0.5,3,21.085010078078184,68.59070694763862,5.427880023488443,262.2559915412104,1001,10000,Clouds,10,1,31,3,0,0,1,0.0,0.0,53.329188180355196,58.789169236830524,63.9537709015035,3.0,43.24516537091344,2.0
2026-03-31T11:00:00+00:00,Karachi,24.8607,67.0011,openweathermap_historical,75.22855510169553,0.01,0.058306312988426395,43.8,0.39,52.758221613336566,79.13733242000485,0.5,4,23.918281391963053,68.6991153037191,6.7893108518202,247.24588803568227,1001,10000,Clouds,11,1,31,3,0,0,1,0.0,0.0,55.29983187229313,55.13882646022407,63.47750703820597,3.0,45.6987551293356,3.0
2026-03-31T12:00:00+00:00,Karachi,24.8607,67.0011,openweathermap_historical,72.6630009774594,0.01,0.036540095088661365,43.8,0.39,34.3153504061923,51.473025609288456,0.5,3,25.338207678672553,65.63228867607587,10.972160141359337,226.53713636356775,1001,10000,Clouds,12,1,31,3,0,0,1,0.0,0.0,45.44222180218272,53.03489532302374,62.547845159346686,3.3333333333333335,32.78874528433462,3.0
2026-03-31T13:00:00+00:00,Karachi,24.8607,67.0011,openweathermap_historical,90.21426234915536,0.01,0.033811937886870175,43.8,0.39,79.47017877882226,119.20526816823339,0.5,3,20.530544967489007,43.51622008964199,2.9643473729781276,225.37226497676994,1001,10000,Clouds,13,1,31,3,0,0,1,0.0,0.0,55.51458359945041,54.42188588990277,63.75868458943273,3.3333333333333335,64.3971251451756,3.0
2026-03-31T14:00:00+00:00,Karachi,24.8607,67.0011,openweathermap_historical,87.98238514450945,0.01,0.051726178846503656,43.8,0.39,57.270133101610654,85.90519965241597,0.5,4,24.102545732285826,75.9120072183964,4.9223014289573594,203.64115828259585,1001,10000,Clouds,14,1,31,3,0,0,1,0.0,0.0,57.01855409554177,56.15919298391742,63.26934439666605,3.3333333333333335,48.85709317112746,2.0
2026-03-31T15:00:00+00:00,Karachi,24.8607,67.0011,openweathermap_historical,84.71581389725188,0.01,0.02763079305152263,43.8,0.39,63.46936826786323,95.20405240179485,0.5,4,23.84338502125392,64.50394588027375,6.617957291809898,250.78806339441945,1001,10000,Clouds,15,1,31,3,0,0,1,0.0,0.0,66.73656004943209,56.08939092580737,63.87921704278448,3.6666666666666665,53.19655778750426,2.0
2026-03-31T16:00:00+00:00,Karachi,24.8607,67.0011,openweathermap_historical,79.90091263016092,0.01,0.03459852546320635,43.8,0.39,50.174198945632234,75.26129841844835,0.5,3,18.957280621367616,48.03967870374231,8.960297747319139,185.00357835995925,1001,10000,Clouds,16,1,31,3,0,0,1,0.0,0.0,56.971233438368735,56.24290851890955,63.77082638168354,3.6666666666666665,43.889939261942565,3.0
2026-03-31T17:00:00+00:00,Karachi,24.8607,67.0011,openweathermap_historical,77.6667663943451,0.01,0.02930743442576273,43.8,0.39,55.16813048197926,82.75219572296889,0.5,3,22.943520069816454,67.09490314319632,8.094294720231824,228.84558428495154,1001,10000,Clouds,17,1,31,3,0,1,1,0.0,0.0,56.27056589849161,56.64455999701665,62.55707079707536,3.3333333333333335,47.38569133738548,3.0
2026-03-31T18:00:00+00:00,Karachi,24.8607,67.0011,openweathermap_historical,85.99160011987391,0.01,0.06380623456478537,43.8,0.39,54.11360321649262,81.17040482473894,0.5,3,21.247133839993865,76.39622537731584,5.570498665666353,242.5283120137251,1001,10000,Clouds,18,1,31,3,0,1,1,0.0,0.0,53.15197754803474,59.94426879873337,62.1354139409531,3.0,46.64752225154484,4.0
2026-03-31T19:00:00+00:00,Karachi,24.8607,67.0011,openweathermap_historical,79.32639606463665,0.01,0.04116932259089948,43.8,0.39,88.9454435140999,133.41816527114986,0.5,4,21.09883000132019,76.76539090515247,7.32657006330275,242.59178220375583,1001,10000,Clouds,19,1,31,3,0,1,1,0.0,0.0,66.07572573752397,61.523479587946326,63.83586465875279,3.3333333333333335,71.02981045986994,3.0
2026-03-31T20:00:00+00:00,Karachi,24.8607,67.0011,openweathermap_historical,68.8382885998613,0.01,0.03499872836347609,43.8,0.39,81.31126309803085,121.96689464704627,0.5,3,24.00697460375356,51.887813985302316,4.278065189905673,211.2061300208768,1001,10000,Clouds,20,1,31,3,0,1,1,0.0,0.0,74.79010327620783,65.53033458734969,64.07686102196409,3.3333333333333335,65.6858841686216,2.0
2026-03-31T21:00:00+00:00,Karachi,24.8607,67.0011,openweathermap_historical,62.477510893303425,0.01,0.05157377501372622,43.8,0.39,69.52431381656982,104.28647072485472,0.5,3,23.21467675472241,77.02277446506548,4.728812434364437,220.22597042986342,1001,10000,Clouds,21,1,31,3,0,0,1,0.0,0.0,79.92700680956689,66.53949217880078,63.310230232220796,3.3333333333333335,57.43501967159888,3.0
2026-03-31T22:00:00+00:00,Karachi,24.8607,67.0011,openweathermap_historical,78.58239421241731,0.01,0.017939128888514583,43.8,0.39,51.47289143538087,77.20933715307132,0.5,3,18.79037244151393,75.83991313727532,5.523946313946984,233.08916051526418,1001,10000,Clouds,22,1,31,3,0,0,1,0.0,0.0,67.43615611666054,66.75594092709223,63.818438458124014,3.0,44.799024004766615,3.0
2026-03-31T23:00:00+00:00,Karachi,24.8607,67.0011,openweathermap_historical,86.38362598120383,0.01,0.051477041285556385,43.8,0.39,32.48026521929562,48.720397828943426,0.5,3,24.963274263754318,60.42519268910326,9.228379325325939,240.16446301882775,1001,10000,Clouds,23,1,31,3,0,0,1,0.0,0.0,51.15915682374881,62.97463004997828,62.95567910222459,3.0,31.504185653506937,3.0
2026-04-01T00:00:00+00:00,Karachi,24.8607,67.0011,openweathermap_historical,86.55802923413414,0.01,0.02100998201180665,43.8,0.39,58.95891882456613,88.4383782368492,0.5,3,25.700374963331097,60.87832765726569,6.635413748734577,188.43401304566322,1001,10000,Clouds,0,2,1,4,0,0,1,0.0,0.0,47.63735849308091,63.78218265132387,61.559680191575694,3.0,50.0392431771963,3.0
2026-04-01T01:00:00+00:00,Karachi,24.8607,67.0011,openweathermap_historical,68.50167951525555,0.01,0.01621361712876692,43.8,0.39,51.65440324398881,77.48160486598321,0.5,3,25.931575094533226,71.88806379778015,6.672700246913736,242.8434336440735,1001,10000,Clouds,1,2,1,4,0,0,1,0.0,0.0,47.69786242928356,57.56700927297201,61.81605250898184,3.0,44.92608227079217,3.0
2026-04-01T02:00:00+00:00,Karachi,24.8607,67.0011,openweathermap_historical,64.07511584147235,0.01,0.0781431658649197,43.8,0.39,57.265505103938764,85.89825765590814,0.5,3,22.731180713618556,78.19332632182098,5.0822356843408985,237.0505708670604,1001,10000,Clouds,2,2,1,4,0,0,1,0.0,0.0,55.95960905749794,53.55938294062333,60.511621153772744,3.0,48.85385357275714,4.0
2026-04-01T03:00:00+00:00,Karachi,24.8607,67.0011,openweathermap_historical,75.73955922152459,0.01,0.022104981040537798,43.8,0.39,67.14201399405056,100.71302099107584,0.5,2,31.539264620902927,56.05193511712166,3.807262322584376,233.10538188962667,1001,10000,Clouds,3,2,1,4,0,0,1,0.0,0.0,58.687307447326084,53.162332970203465,60.75277052247865,2.6666666666666665,55.76740979583539,3.0
2026-04-01T04:00:00+00:00,Karachi,24.8607,67.0011,openweathermap_historical,96.46169235609855,0.01,0.06962728202330369,43.8,0.39,78.23921631921583,117.35882447882375,0.5,3,23.980575278900602,74.65495171186836,7.435651236627502,258.75967392356966,1001,10000,Clouds,4,2,1,4,0,0,1,0.0,0.0,67.54891180573509,57.62338711750929,59.85285145008539,2.6666666666666665,63.53545142345108,3.0
2026-04-01T05:00:00+00:00,Karachi,24.8607,67.0011,openweathermap_historical,80.04007859862506,0.01,0.05838655276694646,43.8,0.39,58.544012023439045,87.81601803515856,0.5,4,27.835938131270833,61.39740987772625,6.028155178252869,253.90097042767056,1001,10000,Clouds,5,2,1,4,0,0,1,0.0,0.0,67.97508077890184,61.96734491819986,59.18134035635472,3.0,49.74880841640733,3.0
2026-04-01T06:00:00+00:00,Karachi,24.8607,67.0011,openweathermap_historical,71.23970243515163,0.01,0.029771522057216067,43.8,0.39,64.47388028013137,96.71082042019705,0.5,4,24.635567365294254,68.38045377471664,8.66866797948267,221.42908217452484,1001,10000,Clouds,6,2,1,4,0,0,1,0.0,0.0,67.08570287426211,62.88650516079406,59.91196298346876,3.6666666666666665,53.89971619609196,3.0
2026-04-01T07:00:00+00:00,Karachi,24.8607,67.0011,openweathermap_historical,69.21751769984229,0.01,0.07269558899637207,43.8,0.39,69.82448491668751,104.73672737503126,0.5,4,35.33545153279363,62.13162967640848,6.737730333670591,278.24077038081543,1001,10000,Clouds,7,2,1,4,0,1,1,0.0,0.0,64.28079240675267,65.91485210624384,59.85680671426624,4.0,57.645139441681266,4.0
2026-04-01T08:00:00+00:00,Karachi,24.8607,67.0011,openweathermap_historical,66.26599868596568,0.01,0.06163206923759176,43.8,0.39,105.13217617780731,157.69826426671096,0.5,5,19.127042957351872,59.03511645311864,7.474728968334416,248.27758723522476,1001,10000,Clouds,8,2,1,4,0,1,1,0.0,0.0,79.81018045820876,73.89263061855527,62.28538528261143,4.333333333333333,82.36052332446512,3.0
2026-04-01T09:00:00+00:00,Karachi,24.8607,67.0011,openweathermap_historical,86.0286223484245,0.01,0.031702773811121236,43.8,0.39,48.495332368060396,72.7429985520906,0.5,3,24.46991606892783,79.28164322006147,6.534929738332768,262.1246562807122,1001,10000,Clouds,9,2,1,4,0,1,1,0.0,0.0,74.48399782085177,70.78485034755691,61.644016605592135,4.0,42.71473265764228,3.0
2026-04-01T10:00:00+00:00,Karachi,24.8607,67.0011,openweathermap_historical,60.53103235171837,0.01,0.05685338069734808,43.8,0.39,67.48003713857196,101.22005570785794,0.5,2,19.343228947029246,68.01743727343367,9.966524005505645,237.16709689281,1001,10000,Clouds,10,2,1,4,0,0,1,0.0,0.0,73.7025152281466,68.9916538174496,62.40347259524015,3.3333333333333335,56.004025997000376,2.0
2026-04-01T11:00:00+00:00,Karachi,24.8607,67.0011,openweathermap_historical,69.35975917677096,0.01,0.06048033677425036,43.8,0.39,43.799215727442224,65.69882359116333,0.5,3,29.54960384795499,68.50079967617475,6.452868811177125,268.2579178130199,1001,10000,Clouds,11,2,1,4,0,0,1,0.0,0.0,53.2581950780249,66.53418776811678,62.0301806833279,2.6666666666666665,39.427451009209555,3.0
2026-04-01T12:00:00+00:00,Karachi,24.8607,67.0011,openweathermap_historical,88.93242026758558,0.01,0.06328570856639873,43.8,0.39,72.11389862934489,108.17084794401734,0.5,3,29.22146172282772,78.99390619065343,10.350560763860772,239.35472866488485,1001,10000,Clouds,12,2,1,4,0,0,1,0.0,0.0,61.13105049845306,67.80752415965237,63.605120192625925,2.6666666666666665,59.24772904054143,3.0
2026-04-01T13:00:00+00:00,Karachi,24.8607,67.0011,openweathermap_historical,81.12325480444478,0.01,0.07426989291502147,43.8,0.39,62.872921802125845,94.30938270318876,0.5,3,14.89569365107151,56.34467189657314,6.9523508573970885,250.53004317450035,1001,10000,Clouds,13,2,1,4,0,0,1,0.0,0.0,59.59534538630436,66.64893030722543,62.9135678185969,3.0,52.77904526148809,2.0
2026-04-01T14:00:00+00:00,Karachi,24.8607,67.0011,openweathermap_historical,73.25940060365139,0.01,0.06669002492814521,43.8,0.39,55.37715192874543,83.06572789311814,0.5,2,26.013135351995537,38.78204055220241,7.0636111699095565,184.91653137077378,1001,10000,Clouds,14,2,1,4,0,0,1,0.0,0.0,63.45465745340542,58.35642626571512,62.834693603060856,2.6666666666666665,47.532006350121804,2.0
2026-04-01T15:00:00+00:00,Karachi,24.8607,67.0011,openweathermap_historical,79.35911335250842,0.01,0.0692032390044933,43.8,0.39,81.63939758716845,122.45909638075267,0.5,2,22.311913252866432,54.32020467084447,11.375541320162537,229.78090411870093,1001,10000,Clouds,15,2,1,4,0,0,1,0.0,0.0,66.62982377267994,63.88043713556646,63.5917781580319,2.3333333333333335,65.91557831101792,3.0
2026-04-01T16:00:00+00:00,Karachi,24.8607,67.0011,openweathermap_historical,55.78793690708693,0.01,-0.0029034795411238615,43.8,0.39,65.08981206812575,97.63471810218863,0.5,3,21.39495878314883,54.39252300013196,6.588574162907504,204.86954623230216,1001,10000,Clouds,16,2,1,4,0,0,1,0.0,0.0,67.36878719467991,63.48206629049209,64.2132620381358,2.3333333333333335,54.33086844768803,3.0
2026-04-01T17:00:00+00:00,Karachi,24.8607,67.0011,openweathermap_historical,82.05956369398605,0.01,0.04704315280815491,43.8,0.39,64.51462868281652,96.77194302422478,0.5,3,25.200317034080165,77.18456665520888,6.468404719809227,235.4353275639856,1001,10000,Clouds,17,2,1,4,0,1,1,0.0,0.0,70.41461277937027,66.93463511638781,64.60269946317068,2.6666666666666665,53.928240077971566,3.0
2026-04-01T18:00:00+00:00,Karachi,24.8607,67.0011,openweathermap_historical,68.88825575991127,0.01,0.031889166118520884,43.8,0.39,92.83204889939282,139.24807334908922,0.5,4,18.51374238379514,60.613758713951,7.010752084448096,208.7471800158857,1001,10000,Clouds,18,2,1,4,0,1,1,0.0,0.0,74.14549655011173,70.3876601613958,66.21596803329153,3.3333333333333335,73.75043422957498,3.0
2026-04-01T19:00:00+00:00,Karachi,24.8607,67.0011,openweathermap_historical,62.98998299147569,0.01,0.05929379003064943,43.8,0.39,56.50806405111935,84.76209607667903,0.5,3,34.65851504273648,52.322744933100374,7.951004130195247,213.74760259942153,1001,10000,Clouds,19,2,1,4,0,1,1,0.0,0.0,71.28491387777626,69.32685053622805,64.86441055566733,3.3333333333333335,48.32364483578355,3.0
2026-04-01T20:00:00+00:00,Karachi,24.8607,67.0011,openweathermap_historical,69.84380282604076,0.01,0.06634461937212327,43.8,0.39,95.12486515702096,142.68729773553144,0.5,2,26.850924014031612,71.11845607757849,2.497212912599652,214.88243204868786,1001,10000,Clouds,20,2,1,4,0,1,1,0.0,0.0,81.48832603584441,75.9514694076073,65.43997730812525,3.0,75.35540560991468,2.0
2026-04-01T21:00:00+00:00,Karachi,24.8607,67.0011,openweathermap_historical,80.70614890149797,0.01,0.05615467469871406,43.8,0.39,58.06557885420067,87.098368281301,0.5,3,28.898912275081685,57.94728727027801,7.704876818184783,242.97313949183763,1001,10000,Clouds,21,2,1,4,0,0,1,0.0,0.0,69.89950268744703,72.02249961877935,64.96253001802654,2.6666666666666665,49.41390519794047,4.0
2026-04-01T22:00:00+00:00,Karachi,24.8607,67.0011,openweathermap_historical,88.49801794855743,0.01,0.07032405989820636,43.8,0.39,57.96797756177709,86.95196634266563,0.5,3,33.397941043131254,61.01233975670096,7.2206301230783,254.82686466424246,1001,10000,Clouds,22,2,1,4,0,0,1,0.0,0.0,70.38614052433296,70.83552720105457,65.23315860662639,2.6666666666666665,49.34558429324397,3.0
2026-04-01T23:00:00+00:00,Karachi,24.8607,67.0011,openweathermap_historical,98.67084180412044,0.01,0.02912063954825372,43.8,0.39,89.84456781523075,134.76685172284613,0.5,3,19.963358689881193,78.39840194608249,8.014746091544806,206.60098426162676,1001,10000,Clouds,23,2,1,4,0,0,1,0.0,0.0,68.62604141040288,75.0571837231236,67.623337881457,3.0,71.65919747066152,3.0
2026-04-02T00:00:00+00:00,Karachi,24.8607,67.0011,openweathermap_historical,62.50137856749556,0.01,0.06108219202562688,43.8,0.39,59.13117627324293,88.69676440986439,0.5,3,19.84620325963176,43.73376653273429,7.622532987127295,222.2051110758549,1001,10000,Clouds,0,3,2,4,0,0,1,0.0,0.0,68.98124055008363,69.4403716187653,67.63051527515188,3.0,50.15982339127005,3.0
2026-04-02T01:00:00+00:00,Karachi,24.8607,67.0011,openweathermap_historical,84.7422000748517,0.01,0.013835522331651688,43.8,0.39,98.80349398034907,148.20524097052362,0.5,3,24.552258359190002,81.79749110302608,8.681675819182875,186.31172010861584,1001,10000,Clouds,1,3,2,4,0,0,1,0.0,0.0,82.59307935627429,76.48960994030358,69.59506072250022,3.0,77.93044578624436,3.0
2026-04-02T02:00:00+00:00,Karachi,24.8607,67.0011,openweathermap_historical,83.56907377984152,0.01,0.018407640848675754,43.8,0.39,73.46073457864745,110.19110186797117,0.5,4,18.814708127299454,55.21324588655467,8.973188864529192,210.8839869493164,1001,10000,Clouds,2,3,2,4,0,0,1,0.0,0.0,77.1318016107465,72.87892151057467,70.26986195061309,3.3333333333333335,60.19051420505322,3.0
2026-04-02T03:00:00+00:00,Karachi,24.8607,67.0011,openweathermap_historical,70.23309062906435,0.01,0.02928922563559442,43.8,0.39,60.68277857612849,91.02416786419273,0.5,3,19.063622209574454,75.2644922067993,4.293649440739056,219.99357667796932,1001,10000,Clouds,3,3,2,4,0,0,1,0.0,0.0,77.64900237837503,73.31512146422929,70.000727141533,3.3333333333333335,51.24594500328995,3.0
2026-04-02T04:00:00+00:00,Karachi,24.8607,67.0011,openweathermap_historical,85.49989085614709,0.01,0.008705738386906949,43.8,0.39,36.05433906424928,54.081508596373915,0.5,3,25.157912190108075,61.94433238630472,8.236433860041478,237.97483472889346,1001,10000,Clouds,4,3,2,4,0,0,1,0.0,0.0,56.732617406341774,69.662848381308,68.24302392257606,3.3333333333333335,34.006037344974494,4.0
2026-04-02T05:00:00+00:00,Karachi,24.8607,67.0011,openweathermap_historical,59.05603294267293,0.01,0.048698461919400415,43.8,0.39,63.50907635841284,95.26361453761926,0.5,3,32.43939770466137,60.21733863439039,10.220232459986116,236.20916897002837,1001,10000,Clouds,5,3,2,4,0,0,1,0.0,0.0,53.415397999596905,65.27359980517168,68.44990160319998,3.0,53.224353450889,2.0
2026-04-02T06:00:00+00:00,Karachi,24.8607,67.0011,openweathermap_historical,82.73187775564445,0.01,0.04245806275065734,43.8,0.39,51.70842071182494,77.56263106773741,0.5,3,14.913306050464058,76.48089292043478,5.073808613505276,230.9601787308489,1001,10000,Clouds,6,3,2,4,0,0,1,0.0,0.0,50.42394537816239,64.03647387826868,67.91800745452053,3.0,44.96389449827746,3.0
2026-04-02T07:00:00+00:00,Karachi,24.8607,67.0011,openweathermap_historical,69.69162706421336,0.01,0.04140626594934797,43.8,0.39,83.07260385409549,124.60890578114324,0.5,4,25.6243998039822,55.48582078445999,6.630784308907961,225.12405242182,1001,10000,Clouds,7,3,2,4,0,1,1,0.0,0.0,66.09670030811112,61.414658857226414,68.47001241024587,3.3333333333333335,66.91882269786684,3.0
2026-04-02T08:00:00+00:00,Karachi,24.8607,67.0011,openweathermap_historical,63.02934124264476,0.01,0.0290973741343208,43.8,0.39,67.96579119859135,101.94868679788702,0.5,3,23.31362729070207,82.26126161118725,8.603712712551014,233.69448456959074,1001,10000,Clouds,8,3,2,4,0,1,1,0.0,0.0,67.58227192150396,60.49883496055039,66.92141303611187,3.3333333333333335,56.34405383901395,3.0
2026-04-02T09:00:00+00:00,Karachi,24.8607,67.0011,openweathermap_historical,84.26306974861126,0.01,0.059879419587911195,43.8,0.39,100.9363301108007,151.40449516620106,0.5,3,20.81010591761537,64.93007246138747,4.132199411647857,269.32874257503215,1001,10000,Clouds,9,3,2,4,0,1,1,0.0,0.0,83.99157505449588,67.2077602163291,69.10645460872605,3.3333333333333335,79.4234310775605,3.0
2026-04-02T10:00:00+00:00,Karachi,24.8607,67.0011,openweathermap_historical,76.84906231195603,0.01,0.045808947079253905,43.8,0.39,53.273462205933676,79.91019330890052,0.5,2,24.170478015327035,64.83632162877383,9.513129237214244,248.8202898957554,1001,10000,Clouds,10,3,2,4,0,0,1,0.0,0.0,74.05852783844195,70.07761407327651,68.51451398653279,2.6666666666666665,46.059423544153574,2.0
2026-04-02T11:00:00+00:00,Karachi,24.8607,67.0011,openweathermap_historical,77.41203632079439,0.01,0.0742873935686097,43.8,0.39,69.28681154501243,103.93021731751864,0.5,3,26.665957693844998,73.02083149645426,4.436662844213622,258.7616966721881,1001,10000,Clouds,11,3,2,4,0,0,1,0.0,0.0,74.49886795391564,71.04056993770975,69.57649714559821,2.6666666666666665,57.2687680815087,3.0
2026-04-02T12:00:00+00:00,Karachi,24.8607,67.0011,openweathermap_historical,96.03192620098739,0.01,0.04899261668636122,43.8,0.39,82.08665679758785,123.12998519638177,0.5,3,32.284951161269575,62.36944639254551,8.282748398738434,243.00219356087095,1001,10000,Clouds,12,3,2,4,0,0,1,0.0,0.0,68.21564351617802,76.1036092853369,69.99202873594167,2.6666666666666665,66.22865975831151,3.0
2026-04-02T13:00:00+00:00,Karachi,24.8607,67.0011,openweathermap_historical,73.81169667837248,0.01,0.03553675652831383,43.8,0.39,62.34971099492757,93.52456649239136,0.5,2,29.514014022208546,64.22762595027784,3.24012264034756,267.12842539605504,1001,10000,Clouds,13,3,2,4,0,0,1,0.0,0.0,71.24105977917598,72.64979380880892,69.97022828564174,2.6666666666666665,52.4127976964493,3.0
2026-04-02T14:00:00+00:00,Karachi,24.8607,67.0011,openweathermap_historical,85.91561168889847,0.01,0.026692133781672154,43.8,0.39,49.017671537229205,73.52650730584381,0.5,2,24.98847672801204,57.76786538806226,9.905575217877326,250.3232028413625,1001,10000,Clouds,14,3,2,4,0,0,1,0.0,0.0,64.48467977658159,69.49177386524858,69.70524993599524,2.3333333333333335,43.08037007606045,2.0
2026-04-02T15:00:00+00:00,Karachi,24.8607,67.0011,openweathermap_historical,57.54873169367064,0.01,0.02073879968084524,43.8,0.39,57.174927563312636,85.76239134496896,0.5,3,23.365007988273554,47.54205441446963,8.661300311166919,228.3592180607386,1001,10000,Clouds,15,3,2,4,0,0,1,0.0,0.0,56.18077003182318,62.19820677400056,68.68589701833459,2.3333333333333335,48.79044929431885,2.0
2026-04-02T16:00:00+00:00,Karachi,24.8607,67.0011,openweathermap_historical,67.63903382392087,0.01,0.017477919728378036,43.8,0.39,53.666996372600785,80.50049455890118,0.5,3,27.020440925979205,73.8358451194113,6.802994644848582,251.02022354624555,1001,10000,Clouds,16,3,2,4,0,0,1,0.0,0.0,53.286531824380916,62.26379580177841,68.20994636435437,2.6666666666666665,46.33489746082056,3.0
2026-04-02T17:00:00+00:00,Karachi,24.8607,67.0011,openweathermap_historical,61.39326608533588,0.01,2.0318176746879357e-05,43.8,0.39,79.59799127776822,119.39698691665232,0.5,3,13.670841757051878,54.34529255988632,9.61515426122207,202.85653087088366,1001,10000,Clouds,17,3,2,4,0,1,1,0.0,0.0,63.47997173789392,63.98232575723771,68.83841980581069,3.0,64.48659389443776,4.0
2026-04-02T18:00:00+00:00,Karachi,24.8607,67.0011,openweathermap_historical,76.2560425377263,0.01,0.020189590451005747,43.8,0.39,51.92030459396656,77.88045689094984,0.5,3,16.426051395799355,60.230725921833205,6.405312021905703,218.19332011969482,1001,10000,Clouds,18,3,2,4,0,1,1,0.0,0.0,61.72843074811189,58.9546003899675,67.13376379308458,3.0,45.1122132157766,3.0
2026-04-02T19:00:00+00:00,Karachi,24.8607,67.0011,openweathermap_historical,82.66390665873767,0.01,-0.004951543399300984,43.8,0.39,44.86541404755022,67.29812107132533,0.5,3,14.503701730439872,81.98258839792882,5.552438463874688,215.49130059226331,1001,10000,Clouds,19,3,2,4,0,1,1,0.0,0.0,58.79456997309504,56.04055089873793,66.64865337626922,3.0,40.173789833285156,4.0
2026-04-02T20:00:00+00:00,Karachi,24.8607,67.0011,openweathermap_historical,64.53919028908243,0.01,0.02864392072991601,43.8,0.39,62.48712619145948,93.73068928718922,0.5,2,26.93258178243309,72.19403732561526,8.360860732634244,278.6930205470591,1001,10000,Clouds,20,3,2,4,0,1,1,0.0,0.0,53.09094827765879,58.285460007776315,65.28874758603749,2.6666666666666665,52.50898833402164,3.0
2026-04-02T21:00:00+00:00,Karachi,24.8607,67.0011,openweathermap_historical,75.35070848056644,0.01,0.06987773243599246,43.8,0.39,46.248116418632236,69.37217462794835,0.5,4,24.258634636060645,59.54284057946748,3.8697864140275646,219.12127831070904,1001,10000,Clouds,21,3,2,4,0,0,1,0.0,0.0,51.20021888588068,56.46432481699625,64.7963533178888,3.0,41.14168149304257,3.0
2026-04-02T22:00:00+00:00,Karachi,24.8607,67.0011,openweathermap_historical,71.72843466843555,0.01,0.03122152063156468,43.8,0.39,45.08591316542361,67.62886974813541,0.5,3,30.554242899569573,63.49728499186411,9.170967382884678,217.4866215257017,1001,10000,Clouds,22,3,2,4,0,0,1,0.0,0.0,51.27371859183848,55.03414428246672,64.25960063470741,3.0,40.328139215796526,3.0
2026-04-02T23:00:00+00:00,Karachi,24.8607,67.0011,openweathermap_historical,84.25519080543003,0.01,0.0393908553209413,43.8,0.39,64.6825909001875,97.02388635028126,0.5,3,17.050768065998,83.02189321797457,5.15676971185766,219.5457295820347,1001,10000,Clouds,23,3,2,4,0,0,1,0.0,0.0,52.005540161414494,52.548244219536606,63.21118492991394,3.3333333333333335,54.04581363013126,2.0
2026-04-03T00:00:00+00:00,Karachi,24.8607,67.0011,openweathermap_historical,89.77319751816364,0.01,0.03751697217685923,43.8,0.39,47.245280398033145,70.86792059704972,0.5,3,18.065209886594854,57.15415368594134,7.180589589914736,202.65127557324445,1001,10000,Clouds,0,4,3,4,0,0,1,0.0,0.0,52.33792815454813,51.76907352021436,62.71593926844687,3.0,41.83969627862321,4.0
2026-04-03T01:00:00+00:00,Karachi,24.8607,67.0011,openweathermap_historical,65.5554554921652,0.01,0.05961520840162836,43.8,0.39,41.375484269625495,62.06322640443824,0.5,3,24.411386814264887,64.91318733998959,6.926731456819943,238.30753735045187,1001,10000,Clouds,1,4,3,4,0,0,1,0.0,0.0,51.10111852261542,51.18741855722691,60.32310553050005,3.0,37.730838988737844,3.0
2026-04-03T02:00:00+00:00,Karachi,24.8607,67.0011,openweathermap_historical,87.40555954161101,0.01,0.04278618537807947,43.8,0.39,57.41575859014433,86.1236378852165,0.5,3,15.30708773702035,83.88816352127176,8.703114852193593,208.68543178862075,1001,10000,Clouds,2,4,3,4,0,0,1,0.0,0.0,48.67884108593436,50.34219062367439,59.65456486431242,3.0,48.95903101310103,3.0
2026-04-03T03:00:00+00:00,Karachi,24.8607,67.0011,openweathermap_historical,71.38884432169905,0.01,0.023202911098565454,43.8,0.39,48.972525925719296,73.45878888857894,0.5,3,30.473257326089637,65.00591218975109,7.546034811520682,225.4631134505936,1001,10000,Clouds,3,4,3,4,0,0,1,0.0,0.0,49.254589595163075,50.79625887485556,59.16663767054536,3.0,43.04876814800351,2.0
2026-04-03T04:00:00+00:00,Karachi,24.8607,67.0011,openweathermap_historical,57.245947412017536,0.01,0.054656629019523825,43.8,0.39,42.079561769426974,63.11934265414046,0.5,4,17.895194836785908,55.17536824208224,7.286562898149805,203.4121475421819,1001,10000,Clouds,4,4,3,4,0,0,1,0.0,0.0,49.489282095096904,50.295200308856124,59.41768861659444,3.3333333333333335,38.223693238598884,3.0
2026-04-03T05:00:00+00:00,Karachi,24.8607,67.0011,openweathermap_historical,101.30295675741442,0.01,0.01993973284866984,43.8,0.39,49.339605102085976,74.00940765312896,0.5,2,19.950913432171262,65.70612072024699,9.865306744477017,194.63941920002713,1001,10000,Clouds,5,4,3,4,0,0,1,0.0,0.0,46.79723093241079,47.73803600917253,58.82729398091414,3.0,43.305723571460184,3.0
2026-04-03T06:00:00+00:00,Karachi,24.8607,67.0011,openweathermap_historical,72.86529620469713,0.01,0.05550581892972904,43.8,0.39,48.66128228179398,72.99192342269097,0.5,3,22.377195474878032,61.070206412992434,6.9453489414919956,264.67279703711625,1001,10000,Clouds,6,4,3,4,0,0,1,0.0,0.0,46.69348305110234,47.97403632313268,58.70032987966286,3.0,42.83089759725579,3.0
2026-04-03T07:00:00+00:00,Karachi,24.8607,67.0011,openweathermap_historical,80.43186268149525,0.01,0.03832386853980743,43.8,0.39,50.645596827747184,75.96839524162078,0.5,3,27.71803556460541,72.80031283391715,8.129934751747053,225.17577611227435,1001,10000,Clouds,7,4,3,4,0,1,1,0.0,0.0,49.54882807054241,49.51905508281962,57.34920458689836,2.6666666666666665,44.21991777942303,4.0
2026-04-03T08:00:00+00:00,Karachi,24.8607,67.0011,openweathermap_historical,85.85939463703025,0.01,0.009875643911339212,43.8,0.39,46.577679381063746,69.86651907159562,0.5,3,18.290513618037792,72.56346363365464,7.102372271998148,230.93521307471372,1001,10000,Clouds,8,4,3,4,0,1,1,0.0,0.0,48.628186163535,47.71270854797286,56.45803326116803,3.0,41.37237556674462,4.0
2026-04-03T09:00:00+00:00,Karachi,24.8607,67.0011,openweathermap_historical,69.69002907077724,0.01,0.03981790247466997,43.8,0.39,80.85427807876249,121.28141711814374,0.5,3,22.31993859817233,52.967874120732425,8.09673106971361,225.40342873758703,1001,10000,Clouds,9,4,3,4,0,1,1,0.0,0.0,59.359184762524514,53.02633390681339,55.62128109316644,3.0,65.36599465513375,3.0
2026-04-03T10:00:00+00:00,Karachi,24.8607,67.0011,openweathermap_historical,73.34562804034708,0.01,0.032599677828897666,43.8,0.39,50.84714273246691,76.27071409870035,0.5,2,29.609384677514907,53.682689044740506,7.187115654374237,236.7612616335216,1001,10000,Clouds,10,4,3,4,0,0,1,0.0,0.0,59.426366730764414,54.487597400653385,55.52018444843866,2.6666666666666665,44.36099991272684,4.0
2026-04-03T11:00:00+00:00,Karachi,24.8607,67.0011,openweathermap_historical,74.6948917304476,0.01,0.06626430121481955,43.8,0.39,61.50875314529484,92.26312971794226,0.5,3,30.860336518146863,64.1799860043715,4.841138277190573,257.0621986896121,1001,10000,Clouds,11,4,3,4,0,0,1,0.0,0.0,64.40339131884146,56.515788741188196,55.19609868178376,2.6666666666666665,51.82412720170639,3.0
2026-04-03T12:00:00+00:00,Karachi,24.8607,67.0011,openweathermap_historical,63.877909198975864,0.01,0.024360168711627998,43.8,0.39,61.245105474076254,91.86765821111439,0.5,3,33.59565495884779,70.60733889188018,7.216782684785634,217.6180369396776,1001,10000,Clouds,12,4,3,4,0,0,1,0.0,0.0,57.8670004506127,58.613092606568564,54.32770070997078,2.6666666666666665,51.63957383185338,4.0
2026-04-03T13:00:00+00:00,Karachi,24.8607,67.0011,openweathermap_historical,71.46939279573068,0.01,0.027282208225312486,43.8,0.39,54.328879309552924,81.49331896432939,0.5,3,27.10664320179581,46.117894856099,10.380635732760387,227.5221765138418,1001,10000,Clouds,13,4,3,4,0,0,1,0.0,0.0,59.027579309641375,59.226973020202855,53.99349938974683,3.0,46.79821551668705,2.0
2026-04-03T14:00:00+00:00,Karachi,24.8607,67.0011,openweathermap_historical,74.3108907287882,0.01,0.06227596961573138,43.8,0.39,50.59917040498298,75.89875560747447,0.5,2,15.73407450586685,70.78981105797146,7.150648979185362,222.0658708802664,1001,10000,Clouds,14,4,3,4,0,0,1,0.0,0.0,55.39105172953742,59.8972215241894,54.059395175903234,2.6666666666666665,44.18741928348809,3.0
2026-04-03T15:00:00+00:00,Karachi,24.8607,67.0011,openweathermap_historical,75.83715104903246,0.01,0.04866543661807088,43.8,0.39,79.62620006508291,119.43930009762437,0.5,2,26.113992199980082,61.21707926248509,7.89171135956703,199.0546787133278,1001,10000,Clouds,15,4,3,4,0,0,1,0.0,0.0,61.518083259872974,59.6925418552428,54.994864863477,2.3333333333333335,64.50634004555805,3.0
2026-04-03T16:00:00+00:00,Karachi,24.8607,67.0011,openweathermap_historical,68.6697858680324,0.01,0.04578143115228387,43.8,0.39,45.284564017560484,67.92684602634073,0.5,3,16.063961431665277,61.45883528348153,10.378985752883233,207.9647963613579,1001,10000,Clouds,16,4,3,4,0,0,1,0.0,0.0,58.503311495875494,58.765445402758395,54.64559684868365,2.3333333333333335,40.46719481229234,4.0
2026-04-03T17:00:00+00:00,Karachi,24.8607,67.0011,openweathermap_historical,81.28275811151235,0.01,0.0348560156042492,43.8,0.39,77.44542207760016,116.16813311640024,0.5,4,20.835788218661797,66.30214999074087,7.225575906781663,235.5081123392725,1001,10000,Clouds,17,4,3,4,0,1,1,0.0,0.0,67.45206205341456,61.42155689147595,54.55590646534332,3.0,62.97979545432011,4.0
2026-04-03T18:00:00+00:00,Karachi,24.8607,67.0011,openweathermap_historical,87.5277269761839,0.01,0.04205317907153694,43.8,0.39,74.78239858079621,112.17359787119432,0.5,3,32.85105674779001,60.41541730430332,9.739917370648044,228.1453576906791,1001,10000,Clouds,18,4,3,4,0,1,1,0.0,0.0,65.83746155865232,63.677772409262616,55.508493714794554,3.3333333333333335,61.11567900655736,4.0
2026-04-03T19:00:00+00:00,Karachi,24.8607,67.0011,openweathermap_historical,60.808977733471515,0.01,0.049002682577811464,43.8,0.39,47.892136080916885,71.83820412137533,0.5,4,21.983443240015056,70.09568773409379,3.998666747566485,255.2304395519774,1001,10000,Clouds,19,4,3,4,0,1,1,0.0,0.0,66.70665224643778,62.60498187115661,55.6346071328515,3.6666666666666665,42.29249525664182,3.0
2026-04-03T20:00:00+00:00,Karachi,24.8607,67.0011,openweathermap_historical,68.98201554158801,0.01,0.026261185071635697,43.8,0.39,61.98910325402697,92.98365488104045,0.5,3,12.200114259860293,65.43001995413985,6.10059730852342,221.14576392335556,1001,10000,Clouds,20,4,3,4,0,1,1,0.0,0.0,61.5545459719134,64.50330401266393,55.61385617712514,3.3333333333333335,52.16037227781888,4.0
2026-04-03T21:00:00+00:00,Karachi,24.8607,67.0011,openweathermap_historical,79.10283019399175,0.01,0.04939623617749543,43.8,0.39,60.374817052460656,90.56222557869098,0.5,3,20.385611176725725,61.866845187942616,7.6291419441586354,226.74394564574212,1001,10000,Clouds,21,4,3,4,0,0,1,0.0,0.0,56.75201879580154,61.29474017722689,56.20246870353466,3.3333333333333335,51.03037193672246,3.0
2026-04-03T22:00:00+00:00,Karachi,24.8607,67.0011,openweathermap_historical,75.53833051553649,0.01,0.013651221749578696,43.8,0.39,55.306913909595934,82.9603708643939,0.5,3,19.71934166430175,80.74840948349909,5.682418270136356,255.2418505985347,1001,10000,Clouds,22,4,3,4,0,0,1,0.0,0.0,59.223611405361225,62.965131825899476,56.628343734541836,3.0,47.48283973671715,4.0
2026-04-03T23:00:00+00:00,Karachi,24.8607,67.0011,openweathermap_historical,83.27925849120705,0.01,0.019695863140705545,43.8,0.39,51.77310073348698,77.65965110023046,0.5,2,15.386752262944599,54.522693643681656,8.014399747307246,238.344268137786,1001,10000,Clouds,23,4,3,4,0,0,1,0.0,0.0,55.818277231847894,58.6864116018806,56.090448310929325,2.6666666666666665,45.009170513440885,4.0
2026-04-04T00:00:00+00:00,Karachi,24.8607,67.0011,openweathermap_historical,80.11287097609312,0.01,0.014739428674513416,43.8,0.39,46.88581686249078,70.32872529373617,0.5,4,23.005191661353972,69.8455214405759,5.357589869389917,258.2663707813046,1001,10000,Clouds,0,5,4,4,1,0,1,0.0,0.0,51.32194383519127,54.03698131549637,56.07547066361505,3.0,41.588071803743546,3.0
2026-04-04T01:00:00+00:00,Karachi,24.8607,67.0011,openweathermap_historical,71.6928852946718,0.01,0.06058380110650077,43.8,0.39,44.67472594001403,67.01208891002105,0.5,3,26.584276369262028,60.10255764720312,6.68961587291451,243.35364432234132,1001,10000,Clouds,1,5,4,4,1,0,1,0.0,0.0,47.77788117866396,53.50074629201256,56.212939066547904,3.0,40.04030815800982,4.0
2026-04-04T02:00:00+00:00,Karachi,24.8607,67.0011,openweathermap_historical,76.6351070376161,0.01,0.030918917747876848,43.8,0.39,69.94830938204389,104.92246407306584,0.5,3,16.039170987111312,51.11289390125451,9.556531308547758,239.82600476998135,1001,10000,Clouds,2,5,4,4,1,0,1,0.0,0.0,53.83628406151627,54.827280646682034,56.735128682877054,3.3333333333333335,57.73181656743073,3.0
2026-04-04T03:00:00+00:00,Karachi,24.8607,67.0011,openweathermap_historical,68.74874048224008,0.01,0.05505335127786225,43.8,0.39,69.24089103482947,103.86133655224421,0.5,2,25.157660780440754,65.43364177723333,4.996592049944288,203.94150654131707,1001,10000,Clouds,3,5,4,4,1,0,1,0.0,0.0,61.28797545229583,56.30495964374351,57.579643895756654,2.6666666666666665,57.236623724380635,3.0
2026-04-04T04:00:00+00:00,Karachi,24.8607,67.0011,openweathermap_historical,71.211418460874,0.01,0.03669632721498689,43.8,0.39,44.907235333196,67.36085299979399,0.5,3,24.56198850542445,77.68234483084034,8.33872608160035,202.50793227962652,1001,10000,Clouds,4,5,4,4,1,0,1,0.0,0.0,61.36547858335649,54.57167988101019,57.69746362758036,2.6666666666666665,40.2030647332372,3.0
2026-04-04T05:00:00+00:00,Karachi,24.8607,67.0011,openweathermap_historical,57.63819745094905,0.01,0.05363843060303744,43.8,0.39,59.69369868824837,89.54054803237256,0.5,3,27.966223664907766,44.11570056979964,6.327625979569474,243.72238945435257,1001,10000,Clouds,5,5,4,4,1,0,1,0.0,0.0,57.947275018757985,55.891779540137094,58.128884193670466,2.6666666666666665,50.553589081773865,4.0
2026-04-04T06:00:00+00:00,Karachi,24.8607,67.0011,openweathermap_historical,89.64961772832325,0.01,0.026989720422937385,43.8,0.39,31.19892076580319,46.798381148704784,0.5,3,14.846409330239194,83.5329009849966,9.087491589472656,215.69285248852773,1001,10000,Clouds,6,5,4,4,1,0,1,0.0,0.0,45.266618262415896,53.27729685735582,57.40128579717085,3.0,30.607244536062232,5.0
2026-04-04T07:00:00+00:00,Karachi,24.8607,67.0011,openweathermap_historical,81.13195498897235,0.01,0.054228960368521074,43.8,0.39,60.69569609746361,91.04354414619542,0.5,4,21.946284560982235,56.72011541858541,5.276001794551862,231.10953783857863,1001,10000,Clouds,7,5,4,4,1,1,1,0.0,0.0,50.52943851717176,55.94745855026409,57.82003993340902,3.3333333333333335,51.254987268224525,3.0
2026-04-04T08:00:00+00:00,Karachi,24.8607,67.0011,openweathermap_historical,86.87892220976978,0.01,0.06010422635985211,43.8,0.39,57.94794701632109,86.92192052448164,0.5,4,23.67749927136936,46.25421193479409,9.09129674867954,235.79963531765284,1001,10000,Clouds,8,5,4,4,1,1,1,0.0,0.0,49.947521293196,53.94739815597696,58.29380108487808,3.6666666666666665,49.33156291142477,4.0
2026-04-04T09:00:00+00:00,Karachi,24.8607,67.0011,openweathermap_historical,77.50438837331424,0.01,0.0407013874020026,43.8,0.39,40.7267316525558,61.0900974788337,0.5,3,25.053486209770366,51.801504233689556,6.58813478533464,254.92292411365815,1001,10000,Clouds,9,5,4,4,1,1,1,0.0,0.0,53.12345825544687,49.19503825893134,56.62181998378614,3.6666666666666665,37.27671215678906,3.0
2026-04-04T10:00:00+00:00,Karachi,24.8607,67.0011,openweathermap_historical,74.75871676873226,0.01,0.055146781384598095,43.8,0.39,61.91460462038491,92.87190693057735,0.5,4,29.209509538798752,76.40433234651567,10.773830871209944,242.6458165471635,1001,10000,Clouds,10,5,4,4,1,0,1,0.0,0.0,53.529761096420636,52.02959980679616,57.08296422911605,3.6666666666666665,52.10822323426944,2.0
2026-04-04T11:00:00+00:00,Karachi,24.8607,67.0011,openweathermap_historical,82.43320021494894,0.01,0.0626927148812518,43.8,0.39,69.83594888885696,104.75392333328544,0.5,3,16.222574604452163,51.49655365492056,7.820708675025496,252.32440908141558,1001,10000,Clouds,11,5,4,4,1,0,1,0.0,0.0,57.49242838726593,53.719974840230925,57.429930718431144,3.3333333333333335,57.65316422219988,4.0
2026-04-04T12:00:00+00:00,Karachi,24.8607,67.0011,openweathermap_historical,78.77103751736087,0.01,0.020708682974127993,43.8,0.39,28.445018680612495,42.667528020918745,0.5,4,21.07691742951865,67.2149181876338,9.779085653433503,235.12850006651195,1001,10000,Clouds,12,5,4,4,1,0,1,0.0,0.0,53.39852406328483,53.26099115936581,56.063260435370154,3.6666666666666665,28.679513076428748,3.0
2026-04-04T13:00:00+00:00,Karachi,24.8607,67.0011,openweathermap_historical,71.96635199396864,0.01,0.02640936976681229,43.8,0.39,37.59039844930457,56.38559767395686,0.5,2,26.326535817267334,74.8823227731456,8.901038391117442,210.65705057872688,1001,10000,Clouds,13,5,4,4,1,0,1,0.0,0.0,45.29045533959138,49.41010821800597,55.36582373285981,3.0,35.081278914513206,3.0
2026-04-04T14:00:00+00:00,Karachi,24.8607,67.0011,openweathermap_historical,91.18267017680243,0.01,0.02832496894769771,43.8,0.39,71.73749841287054,107.6062476193058,0.5,3,24.730574636240075,60.40965704839947,5.150140239570207,228.61756704128757,1001,10000,Clouds,14,5,4,4,1,0,1,0.0,0.0,45.92430518092923,51.70836678409754,56.24658739985512,3.0,58.98424888900938,4.0
2026-04-04T15:00:00+00:00,Karachi,24.8607,67.0011,openweathermap_historical,82.35945052581769,0.01,0.037343433462694274,43.8,0.39,60.640699132925256,90.96104869938789,0.5,3,29.384325340930822,73.77274563854307,4.894602604820342,224.2322809498993,1001,10000,Clouds,15,5,4,4,1,0,1,0.0,0.0,56.65619866503349,55.02736136415911,55.45552486101522,2.6666666666666665,51.21648939304768,3.0
2026-04-04T16:00:00+00:00,Karachi,24.8607,67.0011,openweathermap_historical,71.12497510625813,0.01,0.03023011275633841,43.8,0.39,54.98599478183872,82.47899217275808,0.5,4,32.113113199045955,56.86523202616589,6.490882370182635,227.68412445137062,1001,10000,Clouds,16,5,4,4,1,0,1,0.0,0.0,62.454730775878204,53.872593057734754,55.85975114286015,3.3333333333333335,47.25819634728711,4.0
2026-04-04T17:00:00+00:00,Karachi,24.8607,67.0011,openweathermap_historical,68.79897489543085,0.01,0.04129441879894813,43.8,0.39,49.53795324048955,74.30692986073433,0.5,4,29.625600895688514,55.94004787556267,5.481418691832809,230.01924720624808,1001,10000,Clouds,17,5,4,4,1,1,1,0.0,0.0,55.05488238508455,50.48959378300685,54.69693994131387,3.6666666666666665,43.44456726834269,3.0
2026-04-04T18:00:00+00:00,Karachi,24.8607,67.0011,openweathermap_historical,72.86296431403744,0.01,0.029979172452019785,43.8,0.39,89.32285475596674,133.9842821339501,0.5,4,34.62428051251826,65.65988319093621,8.217592053301503,245.93460575602165,1001,10000,Clouds,18,5,4,4,1,1,1,0.0,0.0,64.61560092609838,60.6358997955659,55.30279228194598,4.0,71.29399832917673,3.0
2026-04-04T19:00:00+00:00,Karachi,24.8607,67.0011,openweathermap_historical,72.23224031021913,0.01,0.03488335506288292,43.8,0.39,67.60470247039056,101.40705370558584,0.5,3,24.77370862635445,38.54345352708607,8.77747810048231,229.8569027724648,1001,10000,Clouds,19,5,4,4,1,1,1,0.0,0.0,68.82183682228232,65.63828379908023,56.12414921484071,3.6666666666666665,56.091291729273394,4.0
2026-04-04T20:00:00+00:00,Karachi,24.8607,67.0011,openweathermap_historical,62.04550065823629,0.01,0.01843448814780548,43.8,0.39,116.31989602168605,174.47984403252906,0.5,4,18.447853991796222,56.57933272861661,6.443472163928014,196.17607122403408,1001,10000,Clouds,20,5,4,4,1,1,1,0.0,0.0,91.0824844160145,73.06868340054949,58.3879322468265,3.6666666666666665,90.19192721518024,4.0
2026-04-04T21:00:00+00:00,Karachi,24.8607,67.0011,openweathermap_historical,66.40162382480976,0.01,0.018244820970018904,43.8,0.39,90.20203306685335,135.30304960028002,0.5,3,20.430542893746146,53.81606303467635,7.849585052045297,241.31955989505974,1001,10000,Clouds,21,5,4,4,1,0,1,0.0,0.0,91.37554385297669,77.9955723895375,59.63073291409287,3.3333333333333335,71.90942314679735,3.0
2026-04-04T22:00:00+00:00,Karachi,24.8607,67.0011,openweathermap_historical,77.50233084027045,0.01,0.03755230036822598,43.8,0.39,80.71043242162976,121.06564863244463,0.5,4,25.30713881199676,67.72251536272837,7.630685342750494,223.8220172699756,1001,10000,Clouds,22,5,4,4,1,0,1,0.0,0.0,95.74412050338975,82.282978662836,60.68921285209428,3.6666666666666665,65.26530269514085,3.0
2026-04-04T23:00:00+00:00,Karachi,24.8607,67.0011,openweathermap_historical,63.398108560775015,0.01,0.029252630130836142,43.8,0.39,40.46427551514536,60.69641327271804,0.5,4,31.41064481689868,67.76800491432266,11.23451338557182,261.6509117995248,1001,10000,Clouds,23,5,4,4,1,0,1,0.0,0.0,70.45891366787619,80.7706990419453,60.21801180133004,3.6666666666666665,37.092992860601754,3.0
2026-04-05T00:00:00+00:00,Karachi,24.8607,67.0011,openweathermap_historical,69.09265544496088,0.01,0.04302698827950721,43.8,0.39,66.62373461656185,99.93560192484277,0.5,3,26.586427440727903,64.6165874059849,7.9555886163361595,222.75107124455926,1001,10000,Clouds,0,6,5,4,1,0,1,0.0,0.0,62.59948085111236,76.98751235204448,61.04042504108301,3.6666666666666665,55.4046142315933,3.0
2026-04-05T01:00:00+00:00,Karachi,24.8607,67.0011,openweathermap_historical,78.90309403082998,0.01,0.020412375472392635,43.8,0.39,66.5714064903492,99.8571097355238,0.5,4,26.626755558297777,49.990724842442695,7.978418916491002,231.6982145459046,1001,10000,Clouds,1,6,5,4,1,0,1,0.0,0.0,57.88647220735218,76.81529635537093,61.952786730680295,3.6666666666666665,55.36798454324445,3.0
2026-04-05T02:00:00+00:00,Karachi,24.8607,67.0011,openweathermap_historical,77.70288786745887,0.01,0.022360354519740694,43.8,0.39,66.4186467429896,99.62797011448438,0.5,3,29.18210438258805,51.421791431227,3.3035983034597955,224.27167342027923,1001,10000,Clouds,2,6,5,4,1,0,1,0.0,0.0,66.53792928330026,68.49842147558819,61.805717454053045,3.3333333333333335,55.26105272009272,2.0
2026-04-05T03:00:00+00:00,Karachi,24.8607,67.0011,openweathermap_historical,81.44449106464961,0.01,0.053795621864979166,43.8,0.39,74.08282375770418,111.12423563655626,0.5,3,24.206930195308733,54.82130625130856,6.070109389950032,214.90668866937307,1001,10000,Clouds,3,6,5,4,1,0,1,0.0,0.0,69.0242923303477,65.81188659073,62.00746465083949,3.3333333333333335,60.62597663039293,2.0
2026-04-05T04:00:00+00:00,Karachi,24.8607,67.0011,openweathermap_historical,82.65008304761159,0.01,0.04749210687754781,43.8,0.39,65.80004451347097,98.70006677020645,0.5,3,12.270605927090783,79.86620970398698,6.436213944400407,235.6436317015886,1001,10000,Clouds,4,6,5,4,1,0,1,0.0,0.0,68.76717167138828,63.326821939370184,62.877998366684274,3.0,54.828031159429685,3.0
2026-04-05T05:00:00+00:00,Karachi,24.8607,67.0011,openweathermap_historical,68.84072089558678,0.01,0.03425479524586798,43.8,0.39,61.063009201176314,91.59451380176446,0.5,4,22.93738291593635,51.46969541043209,6.546429087227606,238.78430930426822,1001,10000,Clouds,5,6,5,4,1,0,1,0.0,0.0,66.98195915745053,66.75994422037535,62.93505297138961,3.3333333333333335,51.51210644082342,4.0
2026-04-05T06:00:00+00:00,Karachi,24.8607,67.0011,openweathermap_historical,75.82113973831441,0.01,0.029729699308343575,43.8,0.39,73.46578363542156,110.19867545313234,0.5,5,30.014890259368826,60.069519621721625,5.2304768649806395,224.41161178287464,1001,10000,Clouds,6,6,5,4,1,0,1,0.0,0.0,66.77627911668965,67.90028572351864,64.6961722576237,4.0,60.194048544795095,4.0
2026-04-05T07:00:00+00:00,Karachi,24.8607,67.0011,openweathermap_historical,80.85368217789515,0.01,0.06623357088251208,43.8,0.39,81.84823198575852,122.77234797863778,0.5,3,16.575972766333745,72.82245246304404,7.501348382760748,198.36903109908818,1001,10000,Clouds,7,6,5,4,1,1,1,0.0,0.0,72.1256749407855,70.44642330608686,65.577527919636,4.0,66.06176239003096,4.0
2026-04-05T08:00:00+00:00,Karachi,24.8607,67.0011,openweathermap_historical,59.70697755953735,0.01,0.051677705732731685,43.8,0.39,73.49801889871186,110.2470283480678,0.5,4,28.16806762438764,58.5968664253972,7.574111135637976,223.82914017969486,1001,10000,Clouds,8,6,5,4,1,1,1,0.0,0.0,76.27067817329736,71.6263186653739,66.22544758140228,4.0,60.216613229098314,4.0
2026-04-05T09:00:00+00:00,Karachi,24.8607,67.0011,openweathermap_historical,80.97113610660342,0.01,0.03987384285706256,43.8,0.39,67.39004848879685,101.08507273319528,0.5,3,24.626534339885865,67.5805753625922,6.67710060104796,237.54758877655027,1001,10000,Clouds,9,6,5,4,1,1,1,0.0,0.0,74.24543312442245,70.510856120556,67.33641911624565,3.3333333333333335,55.9410339421578,3.0
2026-04-05T10:00:00+00:00,Karachi,24.8607,67.0011,openweathermap_historical,64.47224021238918,0.01,0.07088871318709414,43.8,0.39,94.84283842724386,142.2642576408658,0.5,2,23.088623384299844,57.635749681640675,9.038724901658211,233.19917140948954,1001,10000,Clouds,10,6,5,4,1,0,1,0.0,0.0,78.57696860491757,75.35132177285149,68.7084288581981,3.0,75.1579868990707,2.0
2026-04-05T11:00:00+00:00,Karachi,24.8607,67.0011,openweathermap_historical,84.38879336259029,0.01,0.036178786843131645,43.8,0.39,36.82891535456396,55.24337303184594,0.5,4,26.957318924206284,69.74025062042666,7.612442841825106,234.88402072635924,1001,10000,Clouds,11,6,5,4,1,0,1,0.0,0.0,66.3539340902016,71.31230613174944,67.33313579426924,3.0,34.54824074819477,2.0
2026-04-05T12:00:00+00:00,Karachi,24.8607,67.0011,openweathermap_historical,80.83152977127446,0.01,0.02002218699506671,43.8,0.39,63.49609948084381,95.24414922126572,0.5,3,30.793614121063587,62.14238813829629,5.013698381257035,240.7426633615633,1001,10000,Clouds,12,6,5,4,1,0,1,0.0,0.0,65.05595108755058,69.65069210598648,68.79359749427887,3.0,53.215269636590676,4.0
2026-04-05T13:00:00+00:00,Karachi,24.8607,67.0011,openweathermap_historical,73.55060289607903,0.01,0.034262259391256066,43.8,0.39,42.88257953743002,64.32386930614503,0.5,3,20.630196192002888,69.62388728737126,8.386856240432403,241.40678241950104,1001,10000,Clouds,13,6,5,4,1,0,1,0.0,0.0,47.73586479094596,63.15641669793174,69.01410503961743,3.3333333333333335,38.785805676201015,2.0
2026-04-05T14:00:00+00:00,Karachi,24.8607,67.0011,openweathermap_historical,66.83046148314273,0.01,0.06093934203171607,43.8,0.39,62.99173942954123,94.48760914431185,0.5,4,33.569907114474276,59.747396997709096,3.841002795401383,222.34546430676207,1001,10000,Clouds,14,6,5,4,1,0,1,0.0,0.0,56.45680614927172,61.405370119736624,68.64969841531205,3.3333333333333335,52.86221760067886,2.0
2026-04-05T15:00:00+00:00,Karachi,24.8607,67.0011,openweathermap_historical,91.50249605184521,0.01,0.038471528299194556,43.8,0.39,46.03681463825822,69.05522195738733,0.5,3,25.419887413863158,67.75196555568448,9.716460661847698,235.5634241361757,1001,10000,Clouds,15,6,5,4,1,0,1,0.0,0.0,50.63704453507652,57.84649781131352,68.04120322803425,3.3333333333333335,40.993770246780755,3.0
2026-04-05T16:00:00+00:00,Karachi,24.8607,67.0011,openweathermap_historical,76.56342771307725,0.01,0.04887069997788861,43.8,0.39,78.82229649916445,118.23344474874668,0.5,4,24.83019392463918,74.55569316910953,11.558359341677125,246.5083380936501,1001,10000,Clouds,16,6,5,4,1,0,1,0.0,0.0,62.61695018898801,55.17640748996695,69.03438246625616,3.6666666666666665,63.94360754941512,3.0
2026-04-05T17:00:00+00:00,Karachi,24.8607,67.0011,openweathermap_historical,71.63882903814248,0.01,0.0944540376231548,43.8,0.39,84.3577873701755,126.53668105526324,0.5,3,35.015979602248564,57.08761746206849,4.7555404447900305,236.60854012962037,1001,10000,Clouds,17,6,5,4,1,1,1,0.0,0.0,69.73896616919943,63.09788615923554,70.4852088883264,3.3333333333333335,67.81845115912286,2.0
2026-04-05T18:00:00+00:00,Karachi,24.8607,67.0011,openweathermap_historical,68.16037694716819,0.01,0.043923576773014304,43.8,0.39,52.196305880288605,78.29445882043291,0.5,3,25.68944639853176,67.04417150906711,5.544877448163019,223.5826649517397,1001,10000,Clouds,18,6,5,4,1,1,1,0.0,0.0,71.79212991654289,61.21458722580967,68.93826935183982,3.3333333333333335,45.30541411620203,2.0
2026-04-05T19:00:00+00:00,Karachi,24.8607,67.0011,openweathermap_historical,71.39568095917997,0.01,0.05582327369118274,43.8,0.39,86.51764114279845,129.7764617141977,0.5,4,26.217067651482832,45.57340584538567,4.884612717838192,240.42060814402666,1001,10000,Clouds,19,6,5,4,1,1,1,0.0,0.0,74.35724479775422,68.48709749337108,69.72630846319014,3.3333333333333335,69.33034879995893,2.0
2026-04-05T20:00:00+00:00,Karachi,24.8607,67.0011,openweathermap_historical,66.60233670396804,0.01,0.03035913749257054,43.8,0.39,65.38361872122063,98.07542808183095,0.5,4,19.368862562717702,65.80838699301887,3.6897447315650367,234.16525044389823,1001,10000,Clouds,20,6,5,4,1,1,1,0.0,0.0,68.03252191476926,68.88574404198431,67.60396357567076,3.6666666666666665,54.53653310485444,4.0
2026-04-05T21:00:00+00:00,Karachi,24.8607,67.0011,openweathermap_historical,78.98250467054947,0.01,0.04997070353945821,43.8,0.39,59.30221216998042,88.95331825497064,0.5,3,23.646530199648957,68.23181784125624,1.095227440845293,247.30561630302125,1001,10000,Clouds,21,6,5,4,1,0,1,0.0,0.0,70.40115734466654,71.09664363060467,66.31647103830105,3.6666666666666665,50.2795485189863,4.0
2026-04-05T22:00:00+00:00,Karachi,24.8607,67.0011,openweathermap_historical,87.6615148806709,0.01,0.046299542480368674,43.8,0.39,71.82393378753503,107.73590068130254,0.5,3,20.144610616031198,60.17227278103085,7.308879504014638,246.47934599798026,1001,10000,Clouds,22,6,5,4,1,0,1,0.0,0.0,65.50325489291207,69.93024984533311,65.94620026188043,3.3333333333333335,59.04475365127452,3.0
2026-04-05T23:00:00+00:00,Karachi,24.8607,67.0011,openweathermap_historical,83.72254053243006,0.01,0.06047216154381668,43.8,0.39,49.29584701075095,73.94377051612642,0.5,3,28.911621646916192,68.27663544397879,8.931427238032153,212.26784697486002,1001,10000,Clouds,23,6,5,4,1,0,1,0.0,0.0,60.140664322755505,64.08659311876234,66.31418240753067,3.0,43.27509290752567,3.0
2026-04-06T00:00:00+00:00,Karachi,24.8607,67.0011,openweathermap_historical,88.64161993356873,0.01,0.04628760504743191,43.8,0.39,67.99011850217279,101.9851777532592,0.5,3,20.530120755785,66.15335347574094,7.783934365942919,225.30115660772344,1001,10000,Clouds,0,0,6,4,0,0,1,0.0,0.0,63.03663310015296,66.71889522240971,66.37111506943113,3.0,56.361082951520956,2.0
2026-04-06T01:00:00+00:00,Karachi,24.8607,67.0011,openweathermap_historical,85.28615238904568,0.01,0.04709657247394083,43.8,0.39,52.48583851883609,78.72875777825413,0.5,3,18.23614778225153,60.17117463153193,8.117577352245906,236.54656741500747,1001,10000,Clouds,1,0,6,4,0,0,1,0.0,0.0,56.59060134391998,61.046928118415984,65.78421640395142,3.0,45.508086963185264,3.0
2026-04-06T02:00:00+00:00,Karachi,24.8607,67.0011,openweathermap_historical,60.15929226900988,0.01,0.022815860513648704,43.8,0.39,54.94760095982474,82.42140143973711,0.5,2,28.44433762988765,73.39763093030979,8.357019229081095,261.50516639426917,1001,10000,Clouds,2,0,6,4,0,0,1,0.0,0.0,58.47451932694457,59.30759182485,65.3062561629862,2.6666666666666665,47.23132067187733,3.0
2026-04-06T03:00:00+00:00,Karachi,24.8607,67.0011,openweathermap_historical,82.53400199266228,0.01,0.08149143216918653,43.8,0.39,49.50222938650907,74.25334407976361,0.5,2,25.205947600719,71.87509607925507,6.657295248568736,214.6917775068948,1001,10000,Clouds,3,0,6,4,0,0,1,0.0,0.0,52.31188962172334,57.67426136093811,64.28206473085308,2.3333333333333335,43.41956057055636,3.0
2026-04-06T04:00:00+00:00,Karachi,24.8607,67.0011,openweathermap_historical,99.8213858224102,0.01,0.02355254249735131,43.8,0.39,60.32935582939344,90.49403374409016,0.5,3,18.148749099941302,56.6124460536993,6.332937031242706,210.58581333024355,1001,10000,Clouds,4,0,6,4,0,0,1,0.0,0.0,54.926395391909125,55.75849836791452,64.05411936901652,2.3333333333333335,50.998549080575415,3.0
2026-04-06T05:00:00+00:00,Karachi,24.8607,67.0011,openweathermap_historical,78.0088986680514,0.01,0.039104407426338424,43.8,0.39,56.9880106728839,85.48201600932586,0.5,4,20.406580976509126,72.63520388915198,8.498854446063046,213.9351106048806,1001,10000,Clouds,5,0,6,4,0,0,1,0.0,0.0,55.60653196292884,57.04052564493668,63.884327763670996,3.0,48.65960747101873,3.0
2026-04-06T06:00:00+00:00,Karachi,24.8607,67.0011,openweathermap_historical,64.12991715926127,0.01,0.062497289198370956,43.8,0.39,51.20091829555783,76.80137744333675,0.5,4,22.08843809047644,66.279958669239,9.568638193532415,272.1594326415276,1001,10000,Clouds,6,0,6,4,0,0,1,0.0,0.0,56.17276159927843,54.24232561050084,62.95662504117667,3.6666666666666665,44.60864280689048,5.0
2026-04-06T07:00:00+00:00,Karachi,24.8607,67.0011,openweathermap_historical,75.66306359740621,0.01,0.02091329156473254,43.8,0.39,89.35809208553285,134.03713812829926,0.5,4,32.71694258033471,45.611265097737615,5.099672803355544,230.0327946920576,1001,10000,Clouds,7,0,6,4,0,1,1,0.0,0.0,65.84900701799155,60.387701204950304,63.26953587866728,4.0,71.318664459873,3.0
2026-04-06T08:00:00+00:00,Karachi,24.8607,67.0011,openweathermap_historical,91.5448968931331,0.01,0.028094996657316816,43.8,0.39,66.09726605978788,99.14589908968182,0.5,4,18.498231054673447,51.29956362048401,9.504531817397083,223.54030694867592,1001,10000,Clouds,8,0,6,4,0,1,1,0.0,0.0,68.8854254802929,62.24597872161083,62.961171177045436,4.0,55.03608624185152,4.0
2026-04-06T09:00:00+00:00,Karachi,24.8607,67.0011,openweathermap_historical,93.56954712789167,0.01,0.05056629031897243,43.8,0.39,71.36424462906311,107.04636694359466,0.5,3,19.275417562068395,78.25240281487382,4.414134212396909,230.75527659536309,1001,10000,Clouds,9,0,6,4,0,1,1,0.0,0.0,75.60653425812798,65.88964792870317,63.12676268288987,3.6666666666666665,58.72297124034418,3.0
2026-04-06T10:00:00+00:00,Karachi,24.8607,67.0011,openweathermap_historical,65.48602070372255,0.01,0.015831672124151028,43.8,0.39,62.96443337973171,94.44665006959757,0.5,2,32.3462171645257,64.34170052327299,7.070500692643044,230.64944575010145,1001,10000,Clouds,10,0,6,4,0,0,1,0.0,0.0,66.80864802286094,66.3288275204262,61.79849580591019,3.0,52.8431033658122,3.0
2026-04-06T11:00:00+00:00,Karachi,24.8607,67.0011,openweathermap_historical,69.22834407789006,0.01,0.05298214939716665,43.8,0.39,53.208058859917315,79.81208828987597,0.5,2,23.71850543383382,52.48923069222866,5.597689899157249,260.5233937433581,1001,10000,Clouds,11,0,6,4,0,0,1,0.0,0.0,62.51224562290409,65.69883555159845,62.48096011863325,2.3333333333333335,46.01364120194212,2.0
2026-04-06T12:00:00+00:00,Karachi,24.8607,67.0011,openweathermap_historical,92.51007742156577,0.01,0.017453661425574776,43.8,0.39,49.73840166650598,74.60760249975897,0.5,4,26.712251211832108,66.90576248832733,4.196531664706156,207.07136187265962,1001,10000,Clouds,12,0,6,4,0,0,1,0.0,0.0,55.303631302051706,65.45508278008981,61.90772270970251,2.6666666666666665,43.58488116655419,4.0
2026-04-06T13:00:00+00:00,Karachi,24.8607,67.0011,openweathermap_historical,83.38209139259054,0.01,0.04816112359561017,43.8,0.39,69.24274887065053,103.8641233059758,0.5,2,33.09465589912233,74.13753081202739,6.458186666072968,239.96745246877325,1001,10000,Clouds,13,0,6,4,0,0,1,0.0,0.0,57.39640313235798,62.10252557760942,63.0060630985867,2.6666666666666665,57.23792420945537,4.0
2026-04-06T14:00:00+00:00,Karachi,24.8607,67.0011,openweathermap_historical,90.30633393233244,0.01,0.09246011717729358,43.8,0.39,85.99331793211171,128.98997689816755,0.5,2,20.262499025867502,80.42724721209007,6.2686328993414575,274.42978144100874,1001,10000,Clouds,14,0,6,4,0,0,1,0.0,0.0,68.32482282308945,65.41853422299673,63.96446220286047,2.6666666666666665,68.9633225524782,3.0
2026-04-06T15:00:00+00:00,Karachi,24.8607,67.0011,openweathermap_historical,78.80392104228663,0.01,0.0075147644974770805,43.8,0.39,63.79549737282663,95.69324605923995,0.5,3,31.597659037137518,63.555896327625284,6.545262083835006,240.21311031955676,1001,10000,Clouds,15,0,6,4,0,0,1,0.0,0.0,73.010521391863,64.15707634695731,64.70440731680083,2.3333333333333335,53.42484816097864,3.0
2026-04-06T16:00:00+00:00,Karachi,24.8607,67.0011,openweathermap_historical,67.79827422134748,0.01,0.041492428382589173,43.8,0.39,57.85813607093985,86.78720410640977,0.5,3,29.602536195252682,82.55773891697271,3.016697685957456,254.79742290888913,1001,10000,Clouds,16,0,6,4,0,0,1,0.0,0.0,69.2156504586261,63.30602679549201,63.83090063229145,2.6666666666666665,49.268695249657895,3.0
2026-04-06T17:00:00+00:00,Karachi,24.8607,67.0011,openweathermap_historical,72.62094470637544,0.01,-0.00200471981310877,43.8,0.39,80.2631347828293,120.39470217424395,0.5,2,30.474951480441327,55.52660651933817,7.117511634732495,246.9168976318987,1001,10000,Clouds,17,0,6,4,0,1,1,0.0,0.0,67.30558940886529,67.81520611597733,63.6602901078187,2.6666666666666665,64.95219434798051,3.0
2026-04-06T18:00:00+00:00,Karachi,24.8607,67.0011,openweathermap_historical,79.10947842600471,0.01,0.06051267199129942,43.8,0.39,69.58719506502943,104.38079259754414,0.5,2,24.942345860215557,49.27188542249617,5.277663317088967,176.7879556557835,1001,10000,Clouds,18,0,6,4,0,1,1,0.0,0.0,69.23615530626624,71.12333834906458,64.38491049051623,2.3333333333333335,57.47903654552061,3.0
2026-04-06T19:00:00+00:00,Karachi,24.8607,67.0011,openweathermap_historical,74.84980175525419,0.01,0.06281176550915962,43.8,0.39,99.33174327718025,148.99761491577038,0.5,2,27.451613876663917,62.280957438480655,8.818929128088023,233.71112052528247,1001,10000,Clouds,19,0,6,4,0,1,1,0.0,0.0,83.0606910416797,76.13817075015287,64.91883141278215,2.0,78.30022029402619,4.0
2026-04-06T20:00:00+00:00,Karachi,24.8607,67.0011,openweathermap_historical,65.62245362941478,0.01,0.03251182755698664,43.8,0.39,73.30464076617605,109.95696114926407,0.5,4,25.63078424387544,59.4841199646784,5.397057810443767,260.44322449900324,1001,10000,Clouds,20,0,6,4,0,1,1,0.0,0.0,80.74119303612862,74.02339122249691,65.24887399798861,2.6666666666666665,60.081248536323244,2.0
2026-04-06T21:00:00+00:00,Karachi,24.8607,67.0011,openweathermap_historical,84.53327033449246,0.01,0.07093198053532732,43.8,0.39,67.00151631456856,100.50227447185284,0.5,4,22.43941344094849,67.27146247809861,7.322682028962194,234.35165938083915,1001,10000,Clouds,21,0,6,4,0,0,1,0.0,0.0,79.87930011930833,74.55772771278724,65.56967833734646,3.3333333333333335,55.669061420198,3.0
2026-04-06T22:00:00+00:00,Karachi,24.8607,67.0011,openweathermap_historical,76.06222134785268,0.01,0.06946937257157952,43.8,0.39,96.8635785410447,145.29536781156705,0.5,3,31.566097813103823,50.06549042059005,6.4593756599983045,208.20241104188585,1001,10000,Clouds,22,0,6,4,0,0,1,0.0,0.0,79.05657854059648,81.05863479113805,66.6129968687427,3.6666666666666665,76.5725049787313,3.0
2026-04-06T23:00:00+00:00,Karachi,24.8607,67.0011,openweathermap_historical,61.74603809030942,0.01,0.03685126474589312,43.8,0.39,54.307718572458484,81.46157785868772,0.5,3,25.006159906318853,68.04992600428528,9.483659526221016,234.9135622923443,1001,10000,Clouds,23,0,6,4,0,0,1,0.0,0.0,72.72427114269063,76.73273208940958,66.82182485048051,3.3333333333333335,46.78340300072094,2.0
2026-04-07T00:00:00+00:00,Karachi,24.8607,67.0011,openweathermap_historical,75.48563633412319,0.01,0.06684886871460846,43.8,0.39,64.21597385842846,96.32396078764268,0.5,2,22.120267844654283,54.43071945714203,5.623174676200085,223.17292322779852,1001,10000,Clouds,0,1,7,4,0,0,1,0.0,0.0,71.79575699064392,75.83752855497609,66.66456882365783,2.6666666666666665,53.719181700899924,2.0
2026-04-07T01:00:00+00:00,Karachi,24.8607,67.0011,openweathermap_historical,77.08902329939735,0.01,0.024072939636545183,43.8,0.39,51.932838190165896,77.89925728524884,0.5,3,28.062319225910567,76.10035555012975,5.606009200756769,223.5050289756324,1001,10000,Clouds,1,1,7,4,0,0,1,0.0,0.0,56.818843540350976,67.93771104047369,66.64152714329657,2.6666666666666665,45.120986733116126,3.0
2026-04-07T02:00:00+00:00,Karachi,24.8607,67.0011,openweathermap_historical,78.78284705467507,0.01,0.025013061546630355,43.8,0.39,38.43482447079084,57.652236706186265,0.5,3,30.37119586586449,68.96313138091682,8.89117725983118,267.78058021904445,1001,10000,Clouds,2,1,7,4,0,0,1,0.0,0.0,51.52787883979511,62.12607499124283,65.95349478958683,2.6666666666666665,35.672377129553595,3.0
2026-04-07T03:00:00+00:00,Karachi,24.8607,67.0011,openweathermap_historical,80.21157308628474,0.01,0.07917185041113689,43.8,0.39,50.12136557743996,75.18204836615993,0.5,3,24.60217131386783,62.50673400087272,7.153624683286728,212.6334620987762,1001,10000,Clouds,3,1,7,4,0,0,1,0.0,0.0,46.82967607946561,59.31271653505473,65.9792921308756,3.0,43.852955904207974,3.0
2026-04-07T04:00:00+00:00,Karachi,24.8607,67.0011,openweathermap_historical,74.7243736179107,0.01,0.04837248800439514,43.8,0.39,46.234327705108754,69.35149155766314,0.5,3,15.771867309323639,59.44378306556472,7.630316597219055,201.6101808813704,1001,10000,Clouds,4,1,7,4,0,0,1,0.0,0.0,44.93017258444655,50.87450806239874,65.39199929236375,3.0,41.13202939357613,3.0
2026-04-07T05:00:00+00:00,Karachi,24.8607,67.0011,openweathermap_historical,67.7744872918817,0.01,0.0636015905488014,43.8,0.39,62.372120496620596,93.5581807449309,0.5,3,24.001288536678917,53.50660586486408,10.738574046726766,282.98757715712065,1001,10000,Clouds,5,1,7,4,0,0,1,0.0,0.0,52.90927125972314,52.21857504975909,65.61633720168611,3.0,52.428484347634424,3.0
2026-04-07T06:00:00+00:00,Karachi,24.8607,67.0011,openweathermap_historical,65.68279006727491,0.01,0.04347067768765201,43.8,0.39,83.70469225584424,125.55703838376635,0.5,5,23.59368371238798,57.81463772007819,6.213521994073668,219.08793961116046,1001,10000,Clouds,6,1,7,4,0,0,1,0.0,0.0,64.1037134858579,55.46669478266171,66.97066111669805,3.6666666666666665,67.36128457909098,5.0
2026-04-07T07:00:00+00:00,Karachi,24.8607,67.0011,openweathermap_historical,80.2914875083375,0.01,0.0218755191288672,43.8,0.39,68.09357217494454,102.14035826241681,0.5,3,21.22272594252712,69.57429796776177,7.0742613618032335,246.29851355691846,1001,10000,Clouds,7,1,7,4,0,1,1,0.0,0.0,71.3901283091365,58.160150446791484,66.08463945375686,3.6666666666666665,56.43350052246119,4.0
2026-04-07T08:00:00+00:00,Karachi,24.8607,67.0011,openweathermap_historical,86.09694292020532,0.01,0.07519475173496037,43.8,0.39,61.67706884295823,92.51560326443735,0.5,4,26.637821228119474,63.4257013713489,7.435206643292165,211.26246765821207,1001,10000,Clouds,8,1,7,4,0,1,1,0.0,0.0,71.15844442458238,62.03385784215271,65.9004645697223,4.0,51.94194819007076,5.0
2026-04-07T09:00:00+00:00,Karachi,24.8607,67.0011,openweathermap_historical,70.23061998981883,0.01,0.08244369546279226,43.8,0.39,47.7725459015802,71.6588188523703,0.5,3,24.83425770048859,69.84490785800536,7.694155611152728,227.07496806954578,1001,10000,Clouds,9,1,7,4,0,1,1,0.0,0.0,59.18106230649437,61.64238789617608,64.91747712274385,3.3333333333333335,42.20878213110615,2.0
2026-04-07T10:00:00+00:00,Karachi,24.8607,67.0011,openweathermap_historical,70.21393533193557,0.01,0.04160249166894882,43.8,0.39,56.9136316992117,85.37044754881755,0.5,3,25.522717398521824,67.10688731520798,10.442441532238032,224.6628448414326,1001,10000,Clouds,10,1,7,4,0,0,1,0.0,0.0,55.45441548125009,63.42227189519324,64.66536038605551,3.3333333333333335,48.607542189448196,3.0
2026-04-07T11:00:00+00:00,Karachi,24.8607,67.0011,openweathermap_historical,71.88961822216474,0.01,0.03897834072745561,43.8,0.39,18.88283125057727,28.324246875865903,0.5,2,22.028777196317954,51.42839774829995,7.743882968355164,251.80796937004936,1001,10000,Clouds,11,1,7,4,0,0,1,0.0,0.0,41.189669617123094,56.17405702085269,63.23514256899967,2.6666666666666665,21.985981875404086,3.0
2026-04-07T12:00:00+00:00,Karachi,24.8607,67.0011,openweathermap_historical,80.04870740983289,0.01,0.014348391554411352,43.8,0.39,56.54920741661203,84.82381112491804,0.5,4,14.766646191953347,56.64680718689321,4.364741280737312,230.9189352735964,1001,10000,Clouds,12,1,7,4,0,0,1,0.0,0.0,44.11522345546704,51.64814288098066,63.51892614192076,3.0,48.35244519162842,3.0
2026-04-07T13:00:00+00:00,Karachi,24.8607,67.0011,openweathermap_historical,80.2142680397004,0.01,0.023253120486151413,43.8,0.39,51.32639024483213,76.9895853672482,0.5,4,32.15730151704928,75.30487864831942,7.628717990956435,220.62337251506128,1001,10000,Clouds,13,1,7,4,0,0,1,0.0,0.0,42.25280963734051,48.853612559295264,62.77241119917833,3.3333333333333335,44.69647317138249,3.0
2026-04-07T14:00:00+00:00,Karachi,24.8607,67.0011,openweathermap_historical,68.67449371281978,0.01,0.035703880080653276,43.8,0.39,34.199184313253866,51.2987764698808,0.5,3,20.96891032096603,64.31255420962742,9.451637276856745,253.03500809276053,1001,10000,Clouds,14,1,7,4,0,0,1,0.0,0.0,47.358260658232716,44.27396513767786,60.61432229839258,3.6666666666666665,32.70742901927771,3.0
2026-04-07T15:00:00+00:00,Karachi,24.8607,67.0011,openweathermap_historical,78.21111748184417,0.01,0.0569779028895433,43.8,0.39,83.75581801041459,125.63372701562187,0.5,3,29.471946380657503,68.6828955071412,3.758115643480918,214.09918865465573,1001,10000,Clouds,15,1,7,4,0,0,1,0.0,0.0,56.42713085616689,50.27117715581693,61.44600232495875,3.3333333333333335,67.39707260729021,3.0
2026-04-07T16:00:00+00:00,Karachi,24.8607,67.0011,openweathermap_historical,82.13331978047133,0.01,0.03143553092740848,43.8,0.39,94.7271530695599,142.09072960433986,0.5,3,27.001793651700442,66.85255835776026,6.269350159330016,273.9531506663689,1001,10000,Clouds,16,1,7,4,0,0,1,0.0,0.0,70.89405179774282,56.57343071754163,62.98221136656792,3.0,75.07700714869193,3.0
2026-04-07T17:00:00+00:00,Karachi,24.8607,67.0011,openweathermap_historical,82.46886262541399,0.01,0.08773636878394973,43.8,0.39,71.40276364522774,107.1041454678416,0.5,3,23.777245092731373,48.98574795626972,8.731090870877601,233.92155307293962,1001,10000,Clouds,17,1,7,4,0,1,1,0.0,0.0,83.29524490840079,65.3267527833167,62.61302923583452,3.0,58.74993455165942,3.0
2026-04-07T18:00:00+00:00,Karachi,24.8607,67.0011,openweathermap_historical,92.01544517225797,0.01,0.05253437954674787,43.8,0.39,62.601533450829855,93.90230017624478,0.5,3,25.35243601303176,73.53281837618013,7.593607548198701,234.25526076544733,1001,10000,Clouds,18,1,7,4,0,1,1,0.0,0.0,76.24381672187253,66.33547378901967,62.32196000190953,3.0,52.5890734155809,3.0
2026-04-07T19:00:00+00:00,Karachi,24.8607,67.0011,openweathermap_historical,55.570753197211715,0.01,0.02419138457444087,43.8,0.39,99.79981744598062,149.69972616897093,0.5,4,27.84025650037813,66.52529737250391,9.164494825485459,251.3069432963582,1001,10000,Clouds,19,1,7,4,0,1,1,0.0,0.0,77.93470484734611,74.41437832254444,62.34146309227621,3.3333333333333335,78.62787221218645,2.0
2026-04-07T20:00:00+00:00,Karachi,24.8607,67.0011,openweathermap_historical,79.45531648392411,0.01,0.0020432566272180624,43.8,0.39,106.16139591400005,159.24209387100007,0.5,2,18.293341400069064,60.16165745072858,5.857324427307724,223.7528138024358,1001,10000,Clouds,20,1,7,4,0,1,1,0.0,0.0,89.52091560360354,86.40808025600212,63.710494556768886,3.0,83.08097713980004,3.0
2026-04-07T21:00:00+00:00,Karachi,24.8607,67.0011,openweathermap_historical,73.5852875583794,0.01,0.02766824892585839,43.8,0.39,65.4656642398063,98.19849635970945,0.5,3,27.683082466126315,74.24232769416935,8.456897022493347,234.89409864925346,1001,10000,Clouds,21,1,7,4,0,0,1,0.0,0.0,90.47562586659569,83.35972129423408,63.64650072032046,3.0,54.593964967864416,4.0
2026-04-07T22:00:00+00:00,Karachi,24.8607,67.0011,openweathermap_historical,76.13168006599348,0.01,0.06933976740630958,43.8,0.39,61.40421861802429,92.10632792703643,0.5,3,21.37875668499841,70.45859816169448,8.255541050486574,239.6377137257874,1001,10000,Clouds,22,1,7,4,0,0,1,0.0,0.0,77.67709292394359,77.80589888564481,62.16902739019461,2.6666666666666665,51.750953032617005,2.0
2026-04-07T23:00:00+00:00,Karachi,24.8607,67.0011,openweathermap_historical,71.1239635242433,0.01,0.06270246083035103,43.8,0.39,47.9814903722786,71.9722355584179,0.5,2,19.23242937282793,68.24583030444838,8.359177297287346,249.16416651744962,1001,10000,Clouds,23,1,7,4,0,0,1,0.0,0.0,58.283791076703096,73.90235334015328,61.90543454852045,2.6666666666666665,42.355043260595025,4.0
2026-04-08T00:00:00+00:00,Karachi,24.8607,67.0011,openweathermap_historical,88.61643943982763,0.01,0.020176343313713055,43.8,0.39,71.40879817548733,107.113197263231,0.5,2,28.793243282784616,74.03969846660087,6.239164292192725,207.87235031914787,1001,10000,Clouds,0,2,8,4,0,0,1,0.0,0.0,60.264835721930105,75.37023079426287,62.20513556173123,2.3333333333333335,58.75415872284114,3.0
2026-04-08T01:00:00+00:00,Karachi,24.8607,67.0011,openweathermap_historical,77.0694555741739,0.01,0.07836034917765108,43.8,0.39,86.76598260166755,130.14897390250133,0.5,3,24.471401150793906,64.43958778550707,10.29261736974362,225.39109546952122,1001,10000,Clouds,1,2,8,4,0,0,1,0.0,0.0,68.7187570498112,73.19792498687735,63.65651657887713,2.3333333333333335,69.50418782116729,3.0
2026-04-08T02:00:00+00:00,Karachi,24.8607,67.0011,openweathermap_historical,89.68621089919696,0.01,0.05170995036939444,43.8,0.39,66.74194134698581,100.11291202047872,0.5,3,32.07472385424029,80.15882827672316,7.554675194273104,241.37363730344694,1001,10000,Clouds,2,2,8,4,0,0,1,0.0,0.0,74.97224070804693,66.62801589237499,64.83597978205192,2.6666666666666665,55.48735894289007,2.0
2026-04-08T03:00:00+00:00,Karachi,24.8607,67.0011,openweathermap_historical,81.16928584432802,0.01,0.05139175296911243,43.8,0.39,63.72385413147782,95.58578119721673,0.5,3,26.94239185010937,65.6726579698484,4.877474003135846,228.75734046476006,1001,10000,Clouds,3,2,8,4,0,0,1,0.0,0.0,72.4105926933771,66.33771420765356,65.40275013847017,3.0,53.374697892034476,3.0
2026-04-08T04:00:00+00:00,Karachi,24.8607,67.0011,openweathermap_historical,80.43376622159232,0.01,0.05892819674200181,43.8,0.39,54.982663650413144,82.47399547561972,0.5,3,26.29473539077692,51.909288226594164,6.038525103124778,197.80972467672416,1001,10000,Clouds,4,2,8,4,0,0,1,0.0,0.0,61.816153042958966,65.26745504638505,65.76726413619117,3.0,47.25586455528921,2.0
2026-04-08T05:00:00+00:00,Karachi,24.8607,67.0011,openweathermap_historical,44.009829612910764,0.01,0.035551507661548375,43.8,0.39,49.434059051358936,74.15108857703841,0.5,3,26.077974054928728,76.43155758446768,11.126932256636117,255.8850720459261,1001,10000,Clouds,5,2,8,4,0,0,1,0.0,0.0,56.04685894441667,65.50954982623178,65.2281782426386,3.0,43.37184133595126,2.0
2026-04-08T06:00:00+00:00,Karachi,24.8607,67.0011,openweathermap_historical,84.84278416116354,0.01,0.038827254137699586,43.8,0.39,32.73615464216278,49.104231963244175,0.5,5,25.799876941075677,64.6288905175932,3.6050091629519554,234.70554297978853,1001,10000,Clouds,6,2,8,4,0,0,1,0.0,0.0,45.717625781311654,59.06410923734435,63.10448917540188,3.6666666666666665,31.68330824951395,4.0
2026-04-08T07:00:00+00:00,Karachi,24.8607,67.0011,openweathermap_historical,79.69102543378183,0.01,0.03855211844915164,43.8,0.39,49.42623415670302,74.13935123505453,0.5,4,25.01611427963967,67.07651817829381,7.877133628243731,244.5504670175228,1001,10000,Clouds,7,2,8,4,0,1,1,0.0,0.0,43.865482616741616,52.840817829850245,62.32668342464183,4.0,43.36636390969211,4.0
2026-04-08T08:00:00+00:00,Karachi,24.8607,67.0011,openweathermap_historical,87.85809800060507,0.01,0.056509707147278654,43.8,0.39,67.04700615600628,100.57050923400942,0.5,5,15.442564341146,80.95652941619502,5.317477662778824,257.24431471091293,1001,10000,Clouds,8,2,8,4,0,1,1,0.0,0.0,49.7364649849574,52.891661964686996,62.550430812685484,4.666666666666667,55.700904309204404,4.0
2026-04-08T09:00:00+00:00,Karachi,24.8607,67.0011,openweathermap_historical,63.378729072557434,0.01,0.05614409700429805,43.8,0.39,49.872659951981554,74.80898992797233,0.5,2,23.930354731480673,59.57102438274399,5.53138494036093,230.42928811812996,1001,10000,Clouds,9,2,8,4,0,1,1,0.0,0.0,55.44863342156365,50.58312960143761,62.63793556478555,3.6666666666666665,43.67886196638709,3.0
2026-04-08T10:00:00+00:00,Karachi,24.8607,67.0011,openweathermap_historical,75.67044751452404,0.01,0.04815753450305546,43.8,0.39,42.264602573512306,63.39690386026846,0.5,3,19.778382728407617,63.02815535271569,3.9720022755843116,250.99042409709804,1001,10000,Clouds,10,2,8,4,0,0,1,0.0,0.0,53.06142289383342,48.46345275528748,62.02755935121474,3.3333333333333335,38.353221801458616,4.0
2026-04-08T11:00:00+00:00,Karachi,24.8607,67.0011,openweathermap_historical,66.65010888148429,0.01,0.02789531534318929,43.8,0.39,48.65675037739997,72.98512556609995,0.5,3,14.130990192730064,70.79052026945793,4.216195903203784,230.16079278056839,1001,10000,Clouds,11,2,8,4,0,0,1,0.0,0.0,46.93133763429798,48.333901309627656,63.268139314832354,2.6666666666666665,42.82772526417998,2.0
2026-04-08T12:00:00+00:00,Karachi,24.8607,67.0011,openweathermap_historical,74.95585198748174,0.01,0.02503428481389771,43.8,0.39,62.53437535223428,93.80156302835141,0.5,3,27.76169660715213,57.76440044961253,8.358318936418325,211.38208827153565,1001,10000,Clouds,12,2,8,4,0,0,1,0.0,0.0,51.151909434382226,53.30027142797291,63.517521312149945,3.0,52.542062746564,2.0
2026-04-08T13:00:00+00:00,Karachi,24.8607,67.0011,openweathermap_historical,65.89599111162703,0.01,0.09003036389029234,43.8,0.39,68.73781123299675,103.10671684949511,0.5,3,25.561600549714328,67.0993121821616,9.493181423249354,250.71043178449176,1001,10000,Clouds,13,2,8,4,0,0,1,0.0,0.0,59.976312320877035,56.51886760735518,64.24299718665681,3.0,56.884467863097726,3.0
2026-04-08T14:00:00+00:00,Karachi,24.8607,67.0011,openweathermap_historical,73.32656127994882,0.01,0.07349986285385435,43.8,0.39,49.412636792985936,74.1189551894789,0.5,3,25.25129456004999,61.94431453240354,8.409967963858863,218.23886684169628,1001,10000,Clouds,14,2,8,4,0,0,1,0.0,0.0,60.22827445940569,53.57980604685179,64.87689103997899,3.0,43.356845755090156,3.0
2026-04-08T15:00:00+00:00,Karachi,24.8607,67.0011,openweathermap_historical,75.40968154821758,0.01,0.03702325207249139,43.8,0.39,69.3547637146633,104.03214557199496,0.5,3,27.345330499305216,75.90723508450856,7.326537447735793,205.47303185076703,1001,10000,Clouds,15,2,8,4,0,0,1,0.0,0.0,62.50173724688202,56.826823340632096,64.27684711098934,3.0,57.31633460026432,3.0
2026-04-08T16:00:00+00:00,Karachi,24.8607,67.0011,openweathermap_historical,73.13783238596521,0.01,0.062234117881474336,43.8,0.39,63.58487165891214,95.37730748836822,0.5,3,26.168129072373805,60.42783381911377,6.3621949573917815,245.117067436302,1001,10000,Clouds,16,2,8,4,0,0,1,0.0,0.0,60.784090722187166,60.380201521532065,62.97925205221235,3.0,53.27741016123851,3.0
2026-04-08T17:00:00+00:00,Karachi,24.8607,67.0011,openweathermap_historical,74.75995770104903,0.01,0.05296567173495603,43.8,0.39,31.95763172484118,47.93644758726177,0.5,3,21.69344253878322,71.15978333830222,7.702269976015463,204.13300966725512,1001,10000,Clouds,17,2,8,4,0,1,1,0.0,0.0,54.965755699472254,57.59701507943893,61.3357048888629,3.0,31.138342207388824,3.0
2026-04-08T18:00:00+00:00,Karachi,24.8607,67.0011,openweathermap_historical,65.99150387687935,0.01,0.01639321522374009,43.8,0.39,68.03645116198781,102.05467674298171,0.5,3,23.541093548795704,45.7869896482202,7.513796340402567,208.83987202787628,1001,10000,Clouds,18,2,8,4,0,1,1,0.0,0.0,54.526318181913744,58.514027714397855,61.562159793494494,3.0,56.393515813391474,3.0
2026-04-08T19:00:00+00:00,Karachi,24.8607,67.0011,openweathermap_historical,80.3586722501702,0.01,0.05634829222304054,43.8,0.39,53.07150101021801,79.60725151532701,0.5,2,27.848915097437285,65.13296344824057,5.499878802377044,227.67905237123125,1001,10000,Clouds,19,2,8,4,0,1,1,0.0,0.0,51.021861299015704,55.9029760106014,59.61514660867105,2.6666666666666665,45.9180507071526,3.0
2026-04-08T20:00:00+00:00,Karachi,24.8607,67.0011,openweathermap_historical,75.84795304431475,0.01,0.07940834099911676,43.8,0.39,66.13863099717094,99.2079464957564,0.5,3,24.19409623900993,63.332677520791805,4.581216949446908,237.38667510556138,1001,10000,Clouds,20,2,8,4,0,1,1,0.0,0.0,62.41552772312562,58.690641711298895,57.94753140380317,2.6666666666666665,55.065041698019655,3.0
2026-04-08T21:00:00+00:00,Karachi,24.8607,67.0011,openweathermap_historical,81.70471578557117,0.01,0.014249734098269212,43.8,0.39,44.30661135924221,66.45991703886332,0.5,4,19.59529275953093,66.26946258062985,6.763648884428264,218.74535248730572,1001,10000,Clouds,21,2,8,4,0,0,1,0.0,0.0,54.50558112221042,54.515949652062055,57.06590420044633,3.0,39.78262795146955,3.0
2026-04-08T22:00:00+00:00,Karachi,24.8607,67.0011,openweathermap_historical,80.39735137559254,0.01,0.012057824309684873,43.8,0.39,36.42304204368237,54.63456306552356,0.5,2,26.46454153118653,61.40654501252204,7.433954258404915,240.29636229283477,1001,10000,Clouds,22,2,8,4,0,0,1,0.0,0.0,48.95609480003187,49.98897804952375,56.02502184318208,3.0,34.26412943057766,2.0
2026-04-08T23:00:00+00:00,Karachi,24.8607,67.0011,openweathermap_historical,67.22017600993057,0.01,0.033225941002938096,43.8,0.39,91.61826613153373,137.4273991973006,0.5,4,21.219270574078646,63.937289514619295,6.906314937904663,234.52637707976712,1001,10000,Clouds,23,2,8,4,0,0,1,0.0,0.0,57.449306511486135,59.932417117305846,57.843220833151044,3.3333333333333335,72.9007862920736,2.0
2026-04-09T00:00:00+00:00,Karachi,24.8607,67.0011,openweathermap_historical,68.18675913407596,0.01,0.018823661555026953,43.8,0.39,54.87315960519187,82.30973940778782,0.5,3,21.91537136493113,69.90937941126975,8.559742660848297,226.0803725273836,1001,10000,Clouds,0,3,9,4,0,0,1,0.0,0.0,60.971489260136025,57.738535191173185,57.15423589272206,3.0,47.17921172363431,3.0
2026-04-09T01:00:00+00:00,Karachi,24.8607,67.0011,openweathermap_historical,83.14240051470748,0.01,0.04371068690786413,43.8,0.39,51.932447102542866,77.89867065381429,0.5,3,21.73511141178698,79.02410954013824,7.018058400966705,207.61233629525552,1001,10000,Clouds,1,3,9,4,0,0,1,0.0,0.0,66.14129094642284,57.54869287322734,55.70283858025854,3.3333333333333335,45.12071297178001,3.0
2026-04-09T02:00:00+00:00,Karachi,24.8607,67.0011,openweathermap_historical,59.727742208703,0.01,0.08534631679092576,43.8,0.39,52.88601782338503,79.32902673507755,0.5,2,22.94059681716613,68.59966868487857,4.340149661920759,254.61449461065672,1001,10000,Clouds,2,3,9,4,0,0,1,0.0,0.0,53.230541510373286,55.33992401092968,55.12550843344184,2.6666666666666665,45.78821247636952,2.0
2026-04-09T03:00:00+00:00,Karachi,24.8607,67.0011,openweathermap_historical,75.98115642039224,0.01,0.039323365136709934,43.8,0.39,68.84119383942989,103.26179075914484,0.5,3,21.247429193705173,72.63328501252818,6.164932852939176,237.04491828188907,1001,10000,Clouds,3,3,9,4,0,0,1,0.0,0.0,57.886552921785956,59.42902109096096,55.338730921273175,2.6666666666666665,56.95683568760093,4.0
2026-04-09T04:00:00+00:00,Karachi,24.8607,67.0011,openweathermap_historical,67.58362748765192,0.01,0.007201698401928101,43.8,0.39,46.61917444940968,69.92876167411451,0.5,2,21.19907292396309,52.920883876322634,10.730487513532156,191.38144433235254,1001,10000,Clouds,4,3,9,4,0,0,1,0.0,0.0,56.11546203740823,61.12837649191551,54.990252204564705,2.3333333333333335,41.40142211458677,3.0
2026-04-09T05:00:00+00:00,Karachi,24.8607,67.0011,openweathermap_historical,76.07322661966471,0.01,0.0353100947465901,43.8,0.39,31.903704892624983,47.85555733893747,0.5,2,32.028654359958544,79.95536306280023,6.6096225064004965,207.4429612173419,1001,10000,Clouds,5,3,9,4,0,0,1,0.0,0.0,49.12135772715488,51.17594961876406,54.25982078128413,2.3333333333333335,31.10059342483749,2.0
2026-04-09T06:00:00+00:00,Karachi,24.8607,67.0011,openweathermap_historical,72.15816374749163,0.01,0.04956422403101478,43.8,0.39,64.77943272511791,97.16914908767687,0.5,4,26.907878902106834,61.23809993511474,3.604626746786909,258.44269524689,1001,10000,Clouds,6,3,9,4,0,0,1,0.0,0.0,47.767437355717554,52.82699513875173,55.59495736807392,2.6666666666666665,54.113602907582546,5.0
2026-04-09T07:00:00+00:00,Karachi,24.8607,67.0011,openweathermap_historical,80.77930177822026,0.01,0.04829315150100487,43.8,0.39,81.07937448149683,121.61906172224525,0.5,4,22.287601135412206,61.98311646260208,6.835918145825352,253.6550925314122,1001,10000,Clouds,7,3,9,4,0,1,1,0.0,0.0,59.2541706997466,57.68481636857738,56.913838214940334,3.3333333333333335,65.52356213704779,5.0
2026-04-09T08:00:00+00:00,Karachi,24.8607,67.0011,openweathermap_historical,70.91146519018494,0.01,0.02592483375952403,43.8,0.39,73.04810388862225,109.57215583293338,0.5,4,15.04616657069491,59.711281775347594,6.972876494636831,259.81593108639197,1001,10000,Clouds,8,3,9,4,0,1,1,0.0,0.0,72.96897036507903,61.04516404611692,57.163883953799335,4.0,59.901672722035585,4.0
2026-04-09T09:00:00+00:00,Karachi,24.8607,67.0011,openweathermap_historical,74.55772386869671,0.01,0.029247221770228142,43.8,0.39,71.24135124087161,106.86202686130741,0.5,3,27.70576795684599,69.23913579412836,5.907505219849972,260.8079637284526,1001,10000,Clouds,9,3,9,4,0,1,1,0.0,0.0,75.12294320366358,61.44519027969054,58.054246090836415,3.6666666666666665,58.63694586861013,2.0
2026-04-09T10:00:00+00:00,Karachi,24.8607,67.0011,openweathermap_historical,89.71875831065913,0.01,0.027882452324799488,43.8,0.39,57.827053281171374,86.74057992175706,0.5,4,26.358042235545476,66.89625879466378,7.838644027172724,236.2282984301774,1001,10000,Clouds,10,3,9,4,0,0,1,0.0,0.0,67.37216947022178,63.31317008498416,58.70268153698887,3.6666666666666665,49.246937296819965,4.0
2026-04-09T11:00:00+00:00,Karachi,24.8607,67.0011,openweathermap_historical,79.58200234645882,0.01,0.022425215966208955,43.8,0.39,74.06971448259563,111.10457172389344,0.5,2,37.12968471398817,64.7860919141872,4.357637985512866,217.42355098506528,1001,10000,Clouds,11,3,9,4,0,0,1,0.0,0.0,67.71270633487956,70.34083834997926,59.76155504137203,3.0,60.616800137816945,2.0
2026-04-09T12:00:00+00:00,Karachi,24.8607,67.0011,openweathermap_historical,69.1252049313712,0.01,0.03320358235137862,43.8,0.39,73.35585823608271,110.03378735412406,0.5,2,22.34569590611775,58.562506212362436,8.291302783717496,242.43412769323965,1001,10000,Clouds,12,3,9,4,0,0,1,0.0,0.0,68.41754199994993,71.77024260180673,60.21245016153238,2.6666666666666665,60.1171007652579,4.0
2026-04-09T13:00:00+00:00,Karachi,24.8607,67.0011,openweathermap_historical,76.42605850759983,0.01,0.06356118995148002,43.8,0.39,58.218971091384894,87.32845663707734,0.5,3,27.825231702615923,58.42614091380379,8.14038067373147,247.93492433209656,1001,10000,Clouds,13,3,9,4,0,0,1,0.0,0.0,68.54818127002112,67.9601753701214,59.774165155631884,2.3333333333333335,49.52127976396943,4.0
2026-04-09T14:00:00+00:00,Karachi,24.8607,67.0011,openweathermap_historical,68.34478004390085,0.01,0.03146247807299353,43.8,0.39,52.453388517962345,78.68008277694352,0.5,3,27.374415290623787,81.09634621674996,8.691954000221912,222.74545331664564,1001,10000,Clouds,14,3,9,4,0,0,1,0.0,0.0,61.342739281810005,64.52772280834476,59.90086314417257,2.6666666666666665,45.485371962573645,3.0
2026-04-09T15:00:00+00:00,Karachi,24.8607,67.0011,openweathermap_historical,65.9924942761549,0.01,-0.02442376749835188,43.8,0.39,43.67790330591946,65.51685495887918,0.5,3,26.97172484721285,58.04385315005738,7.835456757979543,273.4320334543962,1001,10000,Clouds,15,3,9,4,0,0,1,0.0,0.0,51.45008763842227,59.93381481918607,58.830993960474906,3.0,39.34253231414362,2.0
2026-04-09T16:00:00+00:00,Karachi,24.8607,67.0011,openweathermap_historical,83.03425481611303,0.01,0.04948069921519616,43.8,0.39,40.65208117965432,60.978121769481476,0.5,3,21.41357878414916,61.40487654984681,7.327410343044557,244.13179624942643,1001,10000,Clouds,16,3,9,4,0,0,1,0.0,0.0,45.594457667845404,57.07131946893323,57.875461023839165,3.0,37.224456825758026,3.0
2026-04-09T17:00:00+00:00,Karachi,24.8607,67.0011,openweathermap_historical,66.92930652348561,0.01,0.025537205151240222,43.8,0.39,74.3373359929318,111.5060039893977,0.5,3,27.820418794660455,53.388013102827536,5.062444546485358,245.28715358654017,1001,10000,Clouds,17,3,9,4,0,1,1,0.0,0.0,52.88910682616855,57.115923053989256,59.6412820350096,3.0,60.80413519505227,4.0
2026-04-09T18:00:00+00:00,Karachi,24.8607,67.0011,openweathermap_historical,80.98095572358572,0.01,0.004526974845851475,43.8,0.39,59.26520434844207,88.8978065226631,0.5,3,17.277615613195607,55.513877284658705,7.132716367433009,237.40897456805567,1001,10000,Clouds,18,3,9,4,0,1,1,0.0,0.0,58.08487384034276,54.76748073938248,59.275813417778544,3.0,50.25364304390945,3.0
2026-04-09T19:00:00+00:00,Karachi,24.8607,67.0011,openweathermap_historical,96.57938014061025,0.01,0.04627417800707553,43.8,0.39,66.34384850418905,99.51577275628358,0.5,3,37.15960100493053,72.08800313105216,7.536831045408896,263.585848805468,1001,10000,Clouds,19,3,9,4,0,1,1,0.0,0.0,66.64879628185433,56.121626974849846,59.828827896694,3.0,55.20869395293234,3.0
2026-04-09T20:00:00+00:00,Karachi,24.8607,67.0011,openweathermap_historical,43.81722520497093,0.01,0.021253548750128994,43.8,0.39,65.86080339345412,98.79120509018118,0.5,3,21.18112841666567,59.619773841212506,8.63600880659757,267.09349194928905,1001,10000,Clouds,20,3,9,4,0,1,1,0.0,0.0,63.823285415361774,58.356196120765134,59.81725174653912,3.0,54.87056237541789,3.0
2026-04-09T21:00:00+00:00,Karachi,24.8607,67.0011,openweathermap_historical,76.6074250139601,0.01,0.04979496720872506,43.8,0.39,111.96915443053857,167.95373164580786,0.5,3,29.297905171549743,58.717730625991074,4.326245722408629,167.89972224354295,1001,10000,Clouds,21,3,9,4,0,0,1,0.0,0.0,81.39126877606061,69.73807130820165,62.636524374509804,3.0,87.146408101377,2.0
2026-04-09T22:00:00+00:00,Karachi,24.8607,67.0011,openweathermap_historical,77.01448008267745,0.01,0.03166645991508693,43.8,0.39,57.51271142245081,86.26906713367622,0.5,2,25.381591412189103,62.957761976824884,7.577880176264502,242.1436936498389,1001,10000,Clouds,22,3,9,4,0,0,1,0.0,0.0,78.4475564154812,72.54817634866774,63.51526059862516,2.6666666666666665,49.02689799571557,3.0
2026-04-09T23:00:00+00:00,Karachi,24.8607,67.0011,openweathermap_historical,73.86088682140051,0.01,0.028799973638058383,43.8,0.39,80.48082919385243,120.72124379077864,0.5,2,20.625947842710595,63.76754692159436,10.09680592952113,224.7882232744455,1001,10000,Clouds,23,3,9,4,0,0,1,0.0,0.0,83.3208983489473,73.57209188215451,63.05120072622177,2.3333333333333335,65.1045804356967,3.0
2026-04-10T00:00:00+00:00,Karachi,24.8607,67.0011,openweathermap_historical,86.21924769088292,0.01,-0.0006310160665956924,43.8,0.39,48.842218347413365,73.26332752112005,0.5,3,18.60315508373045,63.75386228456606,3.0684466850909238,209.3669521667987,1001,10000,Clouds,0,4,10,4,0,0,1,0.0,0.0,62.2785863212389,71.83492754864972,62.79991150714767,2.3333333333333335,42.95755284318936,2.0
2026-04-10T01:00:00+00:00,Karachi,24.8607,67.0011,openweathermap_historical,62.478345841158855,0.01,0.021590661855867204,43.8,0.39,59.18567074010868,88.77850611016302,0.5,3,22.899256048043046,64.4718805494582,5.49623439473902,241.88164818839783,1001,10000,Clouds,1,4,10,4,0,0,1,0.0,0.0,62.83623942712486,70.641897921303,63.102129158712906,2.6666666666666665,50.19796951807608,3.0
2026-04-10T02:00:00+00:00,Karachi,24.8607,67.0011,openweathermap_historical,87.40272033177841,0.01,0.030608899802372906,43.8,0.39,64.58483545647006,96.8772531847051,0.5,2,23.26016698741705,67.67035413819448,9.04065529597792,235.3499273413801,1001,10000,Clouds,2,4,10,4,0,0,1,0.0,0.0,57.5375748479974,70.42923659847231,63.58957989342479,2.6666666666666665,53.97738481952905,2.0
2026-04-10T03:00:00+00:00,Karachi,24.8607,67.0011,openweathermap_historical,75.44038349416168,0.01,0.07459268770936066,43.8,0.39,59.35691293000834,89.03536939501251,0.5,4,23.01679953213585,86.96531118882238,8.363508515422154,265.76891644802294,1001,10000,Clouds,3,4,10,4,0,0,1,0.0,0.0,61.042473042195724,61.66052968171727,63.19440152219889,3.0,50.31783905100584,3.0
2026-04-10T04:00:00+00:00,Karachi,24.8607,67.0011,openweathermap_historical,84.61345744741027,0.01,0.04431643360155474,43.8,0.39,62.18811658603772,93.28217487905658,0.5,3,24.66766908107317,77.64703332045642,7.1607895382345,276.9009688034325,1001,10000,Clouds,4,4,10,4,0,0,1,0.0,0.0,62.04328832417207,62.439763875648424,63.84310744455839,3.0,52.299681610226415,3.0
2026-04-10T05:00:00+00:00,Karachi,24.8607,67.0011,openweathermap_historical,93.2222710133977,0.01,0.04123088408444807,43.8,0.39,65.16966109931349,97.75449164897023,0.5,2,17.463968384254922,60.97324313612506,6.059113837226175,280.4447917701837,1001,10000,Clouds,5,4,10,4,0,0,1,0.0,0.0,62.23823020511988,59.887902526558605,65.22918895317041,3.0,54.38676276951945,3.0
2026-04-10T06:00:00+00:00,Karachi,24.8607,67.0011,openweathermap_historical,86.55987126250926,0.01,0.032224092964243785,43.8,0.39,62.49955758405354,93.74933637608031,0.5,5,27.378733675956106,70.99630036125953,9.832015588635059,212.595863182805,1001,10000,Clouds,6,4,10,4,0,0,1,0.0,0.0,63.285778423134936,62.164125732665305,65.13419415562606,3.3333333333333335,52.51769030883748,4.0
2026-04-10T07:00:00+00:00,Karachi,24.8607,67.0011,openweathermap_historical,75.65971035601945,0.01,0.07634350413195731,43.8,0.39,75.81816662075784,113.72724993113675,0.5,5,37.11275255673136,55.285990832903025,8.488186539315898,238.98457892083238,1001,10000,Clouds,7,4,10,4,0,1,1,0.0,0.0,67.82912843470831,64.93620837944017,64.91497716142861,4.0,61.840716634530494,4.0
2026-04-10T08:00:00+00:00,Karachi,24.8607,67.0011,openweathermap_historical,74.7326831590158,0.01,-0.01764668186616787,43.8,0.39,92.88857837795483,139.33286756693224,0.5,4,21.712608347173735,42.299577123025,5.025809262731851,244.83351519767243,1001,10000,Clouds,8,4,10,4,0,1,1,0.0,0.0,77.06876752758876,69.6534988663543,65.74166359848412,4.666666666666667,73.79000486456837,3.0
2026-04-10T09:00:00+00:00,Karachi,24.8607,67.0011,openweathermap_historical,80.28057302627566,0.01,0.03564349359552134,43.8,0.39,95.28983685640327,142.9347552846049,0.5,2,25.319906242650983,56.33719511753534,5.016188303159424,235.44556466893718,1001,10000,Clouds,9,4,10,4,0,1,1,0.0,0.0,87.998860618372,75.64231952075345,66.74368383246461,3.6666666666666665,75.47088579948229,3.0
2026-04-10T10:00:00+00:00,Karachi,24.8607,67.0011,openweathermap_historical,78.19934047934358,0.01,0.055687867991521756,43.8,0.39,35.29485222459985,52.942278336899776,0.5,4,27.61540640888726,78.09622273819497,5.923976464563911,249.28729868459627,1001,10000,Clouds,10,4,10,4,0,0,1,0.0,0.0,74.49108915298599,71.16010879384714,65.80484212177414,3.3333333333333335,33.4743965572199,3.0
2026-04-10T11:00:00+00:00,Karachi,24.8607,67.0011,openweathermap_historical,89.2180907620077,0.01,0.030602259120721682,43.8,0.39,38.54128565206439,57.81192847809658,0.5,2,23.14196597267147,69.87437260199073,7.6227762987836565,258.37575149988186,1001,10000,Clouds,11,4,10,4,0,0,1,0.0,0.0,56.37532491102252,66.72204621930562,64.32449092050199,2.6666666666666665,35.74689995644508,3.0
2026-04-10T12:00:00+00:00,Karachi,24.8607,67.0011,openweathermap_historical,88.54047691182924,0.01,0.05229037787807126,43.8,0.39,37.43758309214924,56.15637463822386,0.5,4,34.39877092810076,68.19601410357055,5.98544020777666,241.85832167650895,1001,10000,Clouds,12,4,10,4,0,0,1,0.0,0.0,37.09124032293784,62.54505047065491,62.8278961228381,3.3333333333333335,34.97430816450447,3.0
2026-04-10T13:00:00+00:00,Karachi,24.8607,67.0011,openweathermap_historical,78.50878059913484,0.01,0.07016533025362212,43.8,0.39,52.98935171028092,79.48402756542139,0.5,4,30.7004654859334,58.99131150686041,3.969150503531523,221.601437802051,1001,10000,Clouds,13,4,10,4,0,0,1,0.0,0.0,42.989406818164866,58.740247985575415,62.6099953152921,3.3333333333333335,45.86054619719665,3.0
2026-04-10T14:00:00+00:00,Karachi,24.8607,67.0011,openweathermap_historical,81.50169567952695,0.01,0.006170141036093875,43.8,0.39,62.61944754715849,93.92917132073774,0.5,3,30.003331444504543,60.24337937135675,5.492500200781832,233.37775162707396,1001,10000,Clouds,14,4,10,4,0,0,1,0.0,0.0,51.01546078319623,53.69539284710936,63.03358110817527,3.6666666666666665,52.60161328301095,4.0
2026-04-10T15:00:00+00:00,Karachi,24.8607,67.0011,openweathermap_historical,80.83814272962839,0.01,0.04411769043558764,43.8,0.39,42.77225754366445,64.15838631549667,0.5,2,25.615427855194383,76.93644270999633,7.153107306955045,256.8017896925473,1001,10000,Clouds,15,4,10,4,0,0,1,0.0,0.0,52.79368560036797,44.94246296165289,62.99584586808132,3.0,38.708580280565116,3.0
2026-04-10T16:00:00+00:00,Karachi,24.8607,67.0011,openweathermap_historical,60.03519980408501,0.01,0.038737710049861714,43.8,0.39,79.6377727749295,119.45665916239426,0.5,3,20.733344549960584,59.7784204172012,8.980817331241061,242.35645935788344,1001,10000,Clouds,16,4,10,4,0,0,1,0.0,0.0,61.676492621917504,52.332949720041164,64.62024968455111,2.6666666666666665,64.51444094245066,2.0
2026-04-10T17:00:00+00:00,Karachi,24.8607,67.0011,openweathermap_historical,89.9548241390702,0.01,0.028799096873129995,43.8,0.39,45.49989459324281,68.24984188986421,0.5,4,22.555327183620758,74.71137972908251,4.036675433611128,253.2394229697673,1001,10000,Clouds,17,4,10,4,0,1,1,0.0,0.0,55.96997497061227,53.49271787690423,63.41868962623075,3.0,40.61792621526997,3.0
2026-04-10T18:00:00+00:00,Karachi,24.8607,67.0011,openweathermap_historical,61.20335520178371,0.01,0.03215026144375287,43.8,0.39,63.992891816827736,95.9893377252416,0.5,3,25.588091661546052,61.33558277881053,6.172108033682035,217.83074331546513,1001,10000,Clouds,18,4,10,4,0,1,1,0.0,0.0,63.04351972833337,57.91860266435065,63.61567660408014,3.3333333333333335,53.56302427177942,2.0
2026-04-10T19:00:00+00:00,Karachi,24.8607,67.0011,openweathermap_historical,89.68486281013423,0.01,0.043013967354452134,43.8,0.39,94.01996869424211,141.02995304136317,0.5,3,26.0777154309074,53.95046803496151,10.116197739209953,237.41476321659536,1001,10000,Clouds,19,4,10,4,0,1,1,0.0,0.0,67.8375850347709,64.75703882834418,64.76884827866569,3.3333333333333335,74.58197808596948,3.0
2026-04-10T20:00:00+00:00,Karachi,24.8607,67.0011,openweathermap_historical,69.89097777569341,0.01,0.017201586350370435,43.8,0.39,82.5581827618459,123.83727414276885,0.5,3,22.101097311244644,43.382110691114775,8.42321601049803,227.26395466061547,1001,10000,Clouds,20,4,10,4,0,1,1,0.0,0.0,80.1903477576386,68.08016136412542,65.46457241901534,3.0,66.55872793329213,4.0
2026-04-10T21:00:00+00:00,Karachi,24.8607,67.0011,openweathermap_historical,86.78976199419562,0.01,0.01581842903656367,43.8,0.39,69.57451532308673,104.3617729846301,0.5,2,19.87462693471196,64.94981570809142,9.50231449511464,255.45503078678155,1001,10000,Clouds,21,4,10,4,0,0,1,0.0,0.0,82.0508889263916,72.54720432736246,63.698129122871514,2.6666666666666665,57.470160726160714,4.0
2026-04-10T22:00:00+00:00,Karachi,24.8607,67.0011,openweathermap_historical,66.798311991312,0.01,0.059081795591534036,43.8,0.39,82.1465381304479,123.21980719567185,0.5,3,19.658907361083788,72.35780523758999,8.859062889873323,226.70572273047844,1001,10000,Clouds,22,4,10,4,0,0,1,0.0,0.0,78.09307873846019,72.96533188661553,64.72453856903807,2.6666666666666665,66.27057669131354,3.0
2026-04-10T23:00:00+00:00,Karachi,24.8607,67.0011,openweathermap_historical,75.4582849827101,0.01,0.05171569607523461,43.8,0.39,37.44867555243262,56.17301332864893,0.5,3,34.80606093411645,56.52365869010471,6.353194448023736,242.90711522806836,1001,10000,Clouds,23,4,10,4,0,0,1,0.0,0.0,63.05657633532243,71.6234620464805,62.93153216731224,2.6666666666666665,34.98207288670284,3.0
2026-04-11T00:00:00+00:00,Karachi,24.8607,67.0011,openweathermap_historical,77.06773113060287,0.01,0.056502833734964064,43.8,0.39,44.07438570841474,66.1115785626221,0.5,2,17.83283959439865,75.01759846921942,9.263277125020053,241.13790289362194,1001,10000,Clouds,0,5,11,4,1,0,1,0.0,0.0,54.556533130431774,68.30371102841166,62.73287247402063,2.6666666666666665,39.62006999589031,4.0
2026-04-11T01:00:00+00:00,Karachi,24.8607,67.0011,openweathermap_historical,89.091541403766,0.01,0.07770230163053343,43.8,0.39,78.70541395268411,118.05812092902616,0.5,3,11.522455984545875,51.21461821257206,8.67107712129491,236.6311498064701,1001,10000,Clouds,1,5,11,4,1,0,1,0.0,0.0,53.40949173784384,65.751285238152,63.546195107877935,2.6666666666666665,63.86178976687888,3.0
2026-04-11T02:00:00+00:00,Karachi,24.8607,67.0011,openweathermap_historical,81.00367414685223,0.01,0.05060154716995713,43.8,0.39,65.61582523242375,98.42373784863562,0.5,2,26.713406920527596,69.56225068968418,5.125810101512722,240.86332246713505,1001,10000,Clouds,2,5,11,4,1,0,1,0.0,0.0,62.798541631174224,62.9275589832483,63.58915301520934,2.3333333333333335,54.699077662696624,3.0
2026-04-11T03:00:00+00:00,Karachi,24.8607,67.0011,openweathermap_historical,90.14630128320768,0.01,-0.00046555392876121426,43.8,0.39,68.46523681040556,102.69785521560834,0.5,3,35.954615505226,51.85723676043045,7.082181133004544,220.1707031130332,1001,10000,Clouds,3,5,11,4,1,0,1,0.0,0.0,70.92882533183781,62.74267923113479,63.968666510225894,2.6666666666666665,56.69366576728389,3.0
2026-04-11T04:00:00+00:00,Karachi,24.8607,67.0011,openweathermap_historical,89.28666230011196,0.01,0.028201814102535163,43.8,0.39,69.26119902458223,103.89179853687334,0.5,3,29.1162563575681,68.4138281774047,2.4347528320645715,196.27101462147593,1001,10000,Clouds,4,5,11,4,1,0,1,0.0,0.0,67.7807536891372,60.5951227134905,64.26337827849858,2.6666666666666665,57.250839317207564,3.0
2026-04-11T05:00:00+00:00,Karachi,24.8607,67.0011,openweathermap_historical,79.48540941003199,0.01,0.06655975858991711,43.8,0.39,24.218272563491794,36.32740884523769,0.5,3,27.187261645085314,66.51248639805101,6.84289343443014,252.83984089427378,1001,10000,Clouds,5,5,11,4,1,0,1,0.0,0.0,53.981569466159876,58.39005554866703,62.55707042283934,3.0,25.720790794444255,3.0
2026-04-11T06:00:00+00:00,Karachi,24.8607,67.0011,openweathermap_historical,81.41349456358388,0.01,-0.004830304182638939,43.8,0.39,44.5396396966592,66.8094595449888,0.5,4,23.07163972257591,59.57932279409997,7.829954933015007,220.21690657292416,1001,10000,Clouds,6,5,11,4,1,0,1,0.0,0.0,46.00637042824442,58.467597880041104,61.808740510864574,3.3333333333333335,39.94574778766144,5.0
2026-04-11T07:00:00+00:00,Karachi,24.8607,67.0011,openweathermap_historical,86.96808931140473,0.01,0.04439072719970458,43.8,0.39,98.12273594943576,147.18410392415365,0.5,4,26.63304823093004,64.23839652016636,3.634195096261134,243.58242813765096,1001,10000,Clouds,7,5,11,4,1,1,1,0.0,0.0,55.626882736528934,61.70381821283305,62.73809756622615,3.6666666666666665,77.45391516460504,5.0
2026-04-11T08:00:00+00:00,Karachi,24.8607,67.0011,openweathermap_historical,79.43023378954095,0.01,0.017448503586178648,43.8,0.39,66.14483908077136,99.21725862115704,0.5,3,27.180102188937372,63.63617591171924,6.586439897918597,242.75841404259543,1001,10000,Clouds,8,5,11,4,1,1,1,0.0,0.0,69.60240490895546,61.79198718755765,61.62377509551018,3.6666666666666665,55.06938735653996,3.0
2026-04-11T09:00:00+00:00,Karachi,24.8607,67.0011,openweathermap_historical,72.67527000154371,0.01,0.043254406622291304,43.8,0.39,70.55070290864964,105.82605436297446,0.5,3,27.406496156141163,62.81309807445807,5.808722864793257,232.91819227981685,1001,10000,Clouds,9,5,11,4,1,1,1,0.0,0.0,78.27275931295227,62.13956487059833,60.592977847687116,3.3333333333333335,58.15349203605476,3.0
2026-04-11T10:00:00+00:00,Karachi,24.8607,67.0011,openweathermap_historical,66.50902546612683,0.01,0.02191748515451119,43.8,0.39,62.59296424203029,93.88944636304544,0.5,3,25.63810830363915,64.55150366926829,7.539004374713861,241.57786893041043,1001,10000,Clouds,10,5,11,4,1,0,1,0.0,0.0,66.42950207715045,61.02819240683967,61.73039918174671,3.0,52.583074969421205,2.0
2026-04-11T11:00:00+00:00,Karachi,24.8607,67.0011,openweathermap_historical,61.60604177679857,0.01,0.025923042064771383,43.8,0.39,33.93973175597285,50.90959763395928,0.5,3,31.80801806423706,81.13613503247939,6.845028560628762,210.59397983087675,1001,10000,Clouds,11,5,11,4,1,0,1,0.0,0.0,55.69446630221761,62.64843560558652,61.53866776940958,3.0,32.525812229181,4.0
2026-04-11T12:00:00+00:00,Karachi,24.8607,67.0011,openweathermap_historical,77.60963789839523,0.01,0.06588955775865273,43.8,0.39,42.307208823262094,63.46081323489314,0.5,3,23.76715674031493,62.84728146482861,6.998323058376395,239.31706578191387,1001,10000,Clouds,12,5,11,4,1,0,1,0.0,0.0,46.279968273755095,62.276363793353674,61.74156884153928,3.0,38.383046176283464,3.0
2026-04-11T13:00:00+00:00,Karachi,24.8607,67.0011,openweathermap_historical,61.718594659369735,0.01,0.025492370101996824,43.8,0.39,61.698070490304815,92.54710573545722,0.5,3,20.673248269948974,47.59405096640299,10.325288306734672,225.96624582691638,1001,10000,Clouds,13,5,11,4,1,0,1,0.0,0.0,45.98167035651327,56.20558621683184,62.10443212404027,3.0,51.95664934321337,3.0
2026-04-11T14:00:00+00:00,Karachi,24.8607,67.0011,openweathermap_historical,72.04279787945688,0.01,0.030601564714118998,43.8,0.39,44.112612332536216,66.16891849880432,0.5,4,24.898864397558725,75.97603344065146,3.914725577741746,208.0945331431807,1001,10000,Clouds,14,5,11,4,1,0,1,0.0,0.0,49.37263054870107,52.533548425459315,61.33331399009768,3.3333333333333335,39.646828632775346,2.0
2026-04-11T15:00:00+00:00,Karachi,24.8607,67.0011,openweathermap_historical,83.85267694486181,0.01,0.023654887977701884,43.8,0.39,58.46397662086261,87.69596493129391,0.5,3,31.82792289783059,64.51330228538859,4.4912673326545205,237.26274534304676,1001,10000,Clouds,15,5,11,4,1,0,1,0.0,0.0,54.758219814567894,50.51909404416148,61.987135618314255,3.3333333333333335,49.69278363460383,3.0
2026-04-11T16:00:00+00:00,Karachi,24.8607,67.0011,openweathermap_historical,76.96790978332433,0.01,0.05137986869260768,43.8,0.39,64.46602978512021,96.69904467768032,0.5,2,26.873041577205758,47.0046478488853,7.925646970383755,225.2047377140302,1001,10000,Clouds,16,5,11,4,1,0,1,0.0,0.0,55.680872912839696,50.83127163467646,61.35497966040555,3.0,53.89422084958416,3.0
2026-04-11T17:00:00+00:00,Karachi,24.8607,67.0011,openweathermap_historical,82.91096530355601,0.01,0.03274394433960608,43.8,0.39,82.02688897698354,123.04033346547531,0.5,3,24.759389274959663,77.90377097215227,10.318849405191157,240.4734973698451,1001,10000,Clouds,17,5,11,4,1,1,1,0.0,0.0,68.31896512765547,58.84579783817825,62.876937759728065,2.6666666666666665,66.18682228388849,2.0
2026-04-11T18:00:00+00:00,Karachi,24.8607,67.0011,openweathermap_historical,69.29099917767385,0.01,-0.012242660478696904,43.8,0.39,82.71084994782605,124.06627492173908,0.5,2,20.872823207967933,71.04234722304729,7.8372784616113,266.01385138756143,1001,10000,Clouds,18,5,11,4,1,1,1,0.0,0.0,76.40125623664329,65.57973802560558,63.656852681852996,2.3333333333333335,66.66559496347824,2.0
2026-04-11T19:00:00+00:00,Karachi,24.8607,67.0011,openweathermap_historical,72.74981054791532,0.01,0.029924492137600803,43.8,0.39,89.11155327235451,133.66732990853177,0.5,3,17.886539095027945,48.63880833638062,7.42300306750317,216.98764094846877,1001,10000,Clouds,19,5,11,4,1,1,1,0.0,0.0,84.61643073238805,70.14865182261386,63.452335372607685,2.6666666666666665,71.14608729064817,3.0
2026-04-11T20:00:00+00:00,Karachi,24.8607,67.0011,openweathermap_historical,78.4701106498388,0.01,0.0463541148758533,43.8,0.39,85.7792488247426,128.6688732371139,0.5,4,28.26819331138487,56.02009652712538,5.787753274777639,250.35680823568634,1001,10000,Clouds,20,5,11,4,1,1,1,0.0,0.0,85.86721734830773,77.09309123798158,63.58654645856171,3.0,68.81347417731982,3.0
2026-04-11T21:00:00+00:00,Karachi,24.8607,67.0011,openweathermap_historical,80.62999078380298,0.01,0.014164137883350643,43.8,0.39,83.1520591981772,124.7280887972658,0.5,4,25.56985332391031,58.45895766740848,8.298274546659574,250.25134613733593,1001,10000,Clouds,21,5,11,4,1,0,1,0.0,0.0,86.0142870984248,81.20777166753402,64.15227745335714,3.6666666666666665,66.97444143872404,3.0
2026-04-11T22:00:00+00:00,Karachi,24.8607,67.0011,openweathermap_historical,78.90077884378775,0.01,0.04718243544811989,43.8,0.39,65.17844456675827,97.7676668501374,0.5,3,29.127399671588428,61.33449652661282,7.85173639445623,243.1092011351933,1001,10000,Clouds,22,5,11,4,1,0,1,0.0,0.0,78.03658419655937,81.32650746447369,63.445273554870084,3.6666666666666665,54.39291119673079,3.0
2026-04-11T23:00:00+00:00,Karachi,24.8607,67.0011,openweathermap_historical,80.51952276552781,0.01,0.043435452652541236,43.8,0.39,61.0870065767635,91.63050986514526,0.5,3,24.511958405593997,45.60953383252674,7.794991247256533,232.31102055414956,1001,10000,Clouds,23,5,11,4,1,0,1,0.0,0.0,69.80583678056634,77.83652706443702,64.4302040142172,3.3333333333333335,51.52890460373445,3.0
2026-04-12T00:00:00+00:00,Karachi,24.8607,67.0011,openweathermap_historical,72.43502812128887,0.01,0.04040624057699407,43.8,0.39,70.9780356481354,106.4670534722031,0.5,4,23.4641418033331,50.48267355317121,7.363935489457783,207.6878054734317,1001,10000,Clouds,0,6,12,4,1,0,1,0.0,0.0,65.74782893055242,75.88105801448857,65.55118942837224,3.3333333333333335,58.45262495369479,4.0
2026-04-12T01:00:00+00:00,Karachi,24.8607,67.0011,openweathermap_historical,53.10027443838243,0.01,0.005240770228973686,43.8,0.39,72.81408360670004,109.22112541005006,0.5,3,26.021022440378665,73.10013251831818,5.873943962265313,250.27746142832873,1001,10000,Clouds,1,6,12,4,1,0,1,0.0,0.0,68.29304194386633,73.16481307021284,65.3057173306229,3.3333333333333335,59.737858524690026,2.0
2026-04-12T02:00:00+00:00,Karachi,24.8607,67.0011,openweathermap_historical,77.42901134664967,0.01,0.05767396837988488,43.8,0.39,48.39832715766128,72.59749073649192,0.5,3,25.885339244055512,58.42417704447478,7.611957928166962,201.57358392438783,1001,10000,Clouds,2,6,12,4,1,0,1,0.0,0.0,64.06348213749892,66.93465945903262,64.5883215775078,3.3333333333333335,42.6468290103629,4.0
2026-04-12T03:00:00+00:00,Karachi,24.8607,67.0011,openweathermap_historical,76.14216677159484,0.01,0.03473709699724181,43.8,0.39,47.98389244820056,71.97583867230084,0.5,3,22.92903610827618,59.23214235206474,6.904955239364318,231.20236849639141,1001,10000,Clouds,3,6,12,4,1,0,1,0.0,0.0,56.39876773752064,61.07329833403651,63.73493222908258,3.0,42.35672471374039,3.0
2026-04-12T04:00:00+00:00,Karachi,24.8607,67.0011,openweathermap_historical,79.51724688468789,0.01,0.05061753782045947,43.8,0.39,64.59749412104992,96.89624118157488,0.5,3,32.948240082850035,73.79832479794499,5.8663122441540505,225.62097739684475,1001,10000,Clouds,4,6,12,4,1,0,1,0.0,0.0,53.65990457563728,60.97647325975178,63.54061119143541,3.0,53.98624588473495,2.0
2026-04-12T05:00:00+00:00,Karachi,24.8607,67.0011,openweathermap_historical,89.90973035690382,0.01,0.03916271269669771,43.8,0.39,83.28590094670737,124.92885142006105,0.5,3,20.08936696858789,75.74736082258383,6.425509995426895,227.8191556505445,1001,10000,Clouds,5,6,12,4,1,0,1,0.0,0.0,65.28909583865264,64.67628898807577,66.00176237406939,3.0,67.06813066269517,3.0
2026-04-12T06:00:00+00:00,Karachi,24.8607,67.0011,openweathermap_historical,61.66693053839938,0.01,0.027933029752743303,43.8,0.39,81.20127030844463,121.80190546266695,0.5,5,21.09581141627344,56.65361325940489,5.1826773854371595,212.87791987014108,1001,10000,Clouds,6,6,12,4,1,0,1,0.0,0.0,76.36155512540067,66.38016143146064,67.52933031622712,3.6666666666666665,65.60888921591125,5.0
2026-04-12T07:00:00+00:00,Karachi,24.8607,67.0011,openweathermap_historical,78.33201933017283,0.01,0.027849821413498885,43.8,0.39,72.00960007029046,108.0144001054357,0.5,5,21.06462520662027,46.57032166227059,7.4905494937268315,243.0613673922671,1001,10000,Clouds,7,6,12,4,1,1,1,0.0,0.0,78.83225710848085,66.24608084205904,66.4412829879294,4.333333333333333,59.17472004920333,4.0
2026-04-12T08:00:00+00:00,Karachi,24.8607,67.0011,openweathermap_historical,56.89277646421424,0.01,0.04331617704614431,43.8,0.39,116.43573951030987,174.6536092654648,0.5,3,17.488545583293245,55.03956528360811,11.344069873675746,228.49654606173422,1001,10000,Clouds,8,6,12,4,1,1,1,0.0,0.0,89.88220329634834,77.58564956750047,68.5367371724935,4.333333333333333,90.27301765721691,4.0
2026-04-12T09:00:00+00:00,Karachi,24.8607,67.0011,openweathermap_historical,75.0723982686162,0.01,-0.004293481101168839,43.8,0.39,77.86095587876245,116.79143381814367,0.5,3,30.98990927885718,48.18730358563931,7.858498345142131,258.10168215842765,1001,10000,Clouds,9,6,12,4,1,1,1,0.0,0.0,88.76876515312095,82.56516013926078,68.84133104624819,3.6666666666666665,63.27066911513372,4.0
2026-04-12T10:00:00+00:00,Karachi,24.8607,67.0011,openweathermap_historical,100.6478085293505,0.01,0.03356626135292208,43.8,0.39,60.60215849818997,90.90323774728496,0.5,2,21.67816522400388,69.17706437911771,6.434735106243516,227.53122474199918,1001,10000,Clouds,10,6,12,4,1,0,1,0.0,0.0,84.96628462908745,81.89927086878413,68.75838080692152,2.6666666666666665,51.18951094873299,3.0
2026-04-12T11:00:00+00:00,Karachi,24.8607,67.0011,openweathermap_historical,83.50422711448262,0.01,0.0241259724172343,43.8,0.39,70.14045443228088,105.21068164842131,0.5,4,20.06176499729529,57.314719274898714,8.871548214886792,262.9344543854566,1001,10000,Clouds,11,6,12,4,1,0,1,0.0,0.0,69.53452293641112,79.70836311637972,70.26674425176769,3.0,57.86631810259662,3.0
2026-04-12T12:00:00+00:00,Karachi,24.8607,67.0011,openweathermap_historical,102.97324014995583,0.01,0.029550777686509946,43.8,0.39,28.21119540505965,42.316793107589476,0.5,3,29.308347931483773,65.07605007320637,9.269854237132899,203.34426862424098,1001,10000,Clouds,12,6,12,4,1,0,1,0.0,0.0,52.98460277851018,70.87668396581554,69.67941035934258,3.0,28.515836783541758,3.0
2026-04-12T13:00:00+00:00,Karachi,24.8607,67.0011,openweathermap_historical,70.31702745673245,0.01,0.028720626615380603,43.8,0.39,38.90510063932675,58.35765095899012,0.5,3,24.62923407210037,70.77298989629577,6.508633271068021,233.6033794281704,1001,10000,Clouds,13,6,12,4,1,0,1,0.0,0.0,45.752250158889105,65.35926739398826,68.7297032822185,3.3333333333333335,36.00157044752873,4.0
2026-04-12T14:00:00+00:00,Karachi,24.8607,67.0011,openweathermap_historical,73.21404723121988,0.01,0.03239853090854966,43.8,0.39,56.53654642296442,84.80481963444663,0.5,2,26.0462576151157,70.93692399489754,6.7168242085126355,238.8604070881256,1001,10000,Clouds,14,6,12,4,1,0,1,0.0,0.0,41.21761415578363,55.37606854609735,69.247367202653,2.6666666666666665,48.3435824960751,3.0
2026-04-12T15:00:00+00:00,Karachi,24.8607,67.0011,openweathermap_historical,73.01387797703269,0.01,0.022916161315006317,43.8,0.39,73.28543205747333,109.92814808621,0.5,3,22.004316331981013,73.4830038901348,8.861304585428325,225.53054816568863,1001,10000,Clouds,15,6,12,4,1,0,1,0.0,0.0,56.24235970658818,54.61348124254916,69.86492784584512,2.6666666666666665,60.06780244023133,4.0
2026-04-12T16:00:00+00:00,Karachi,24.8607,67.0011,openweathermap_historical,58.92711984569033,0.01,0.07023087177243084,43.8,0.39,52.07827598712189,78.11741398068284,0.5,3,32.414053917366736,66.67595559389224,5.904663124569749,239.3278235992477,1001,10000,Clouds,16,6,12,4,1,0,1,0.0,0.0,60.633418155853235,53.19283415737115,69.34877143759519,2.6666666666666665,45.22279319098533,3.0
2026-04-12T17:00:00+00:00,Karachi,24.8607,67.0011,openweathermap_historical,68.28888236619726,0.01,0.038049430581445366,43.8,0.39,81.10778202370528,121.66167303555793,0.5,2,27.106627259283528,46.317454330369046,6.3633120470712194,218.87295763009942,1001,10000,Clouds,17,6,12,4,1,1,1,0.0,0.0,68.82383002276686,55.02072208927522,69.31047531454193,2.6666666666666665,65.54344741659371,3.0
2026-04-12T18:00:00+00:00,Karachi,24.8607,67.0011,openweathermap_historical,91.44514379316611,0.01,0.02561745703883793,43.8,0.39,75.02876456149895,112.54314684224842,0.5,2,33.77268680688262,66.23262332879042,4.333253604238683,212.67001069435798,1001,10000,Clouds,18,6,12,4,1,1,1,0.0,0.0,69.40494085744207,62.8236502820151,68.99038842344497,2.3333333333333335,61.28813519304927,3.0
2026-04-12T19:00:00+00:00,Karachi,24.8607,67.0011,openweathermap_historical,82.48960136373225,0.01,0.019600424464333712,43.8,0.39,54.41106925721557,81.61660388582337,0.5,3,22.775991763042754,56.163923209445464,8.211115497172052,251.0212590863141,1001,10000,Clouds,19,6,12,4,1,1,1,0.0,0.0,70.18253861413996,65.40797838499658,67.54453492281418,2.3333333333333335,46.855748480050906,3.0
2026-04-12T20:00:00+00:00,Karachi,24.8607,67.0011,openweathermap_historical,81.54938239853624,0.01,0.07782084268209201,43.8,0.39,44.11467117510273,66.17200676265409,0.5,3,30.39047763367682,73.73785108809426,9.350132504390082,247.2540035974837,1001,10000,Clouds,20,6,12,4,1,1,1,0.0,0.0,57.85150166460577,63.337665843686295,65.80851085407919,2.6666666666666665,39.64826982257191,2.0
2026-04-12T21:00:00+00:00,Karachi,24.8607,67.0011,openweathermap_historical,52.295922601461875,0.01,-0.0016310415144034432,43.8,0.39,31.7438166937415,47.61572504061225,0.5,3,22.037771667368332,62.59515611232181,6.21324130061983,226.47676424860583,1001,10000,Clouds,21,6,12,4,1,0,1,0.0,0.0,43.42318570868662,56.414063283064316,63.666500749727696,3.0,30.988671685619053,3.0
2026-04-12T22:00:00+00:00,Karachi,24.8607,67.0011,openweathermap_historical,56.56995193276661,0.01,0.052979367356356444,43.8,0.39,78.64593336397331,117.96890004595997,0.5,3,25.50896392184302,62.198040117944906,8.91461600834897,254.9904195832324,1001,10000,Clouds,22,6,12,4,1,0,1,0.0,0.0,51.50147374427254,60.842006179206216,64.22764611627832,3.0,63.820153354781326,2.0
2026-04-12T23:00:00+00:00,Karachi,24.8607,67.0011,openweathermap_historical,68.4122601949225,0.01,0.0530725311124873,43.8,0.39,58.93813494087055,88.40720241130582,0.5,3,29.887030863794706,80.53783976341347,9.848050861050943,180.46695642324326,1001,10000,Clouds,23,6,12,4,1,0,1,0.0,0.0,56.4426283328618,57.14706499873376,64.13810979811612,3.0,50.02469445860939,3.0
2026-04-13T00:00:00+00:00,Karachi,24.8607,67.0011,openweathermap_historical,77.5605774209154,0.01,0.01741207576982337,43.8,0.39,72.21334228039409,108.32001342059112,0.5,4,22.623463883764817,75.30016402592231,7.099840757715168,252.2851848403057,1001,10000,Clouds,0,0,13,4,0,0,1,0.0,0.0,69.93247019507933,56.67782795188296,64.18958090779356,3.3333333333333335,59.317339596275865,3.0
2026-04-13T01:00:00+00:00,Karachi,24.8607,67.0011,openweathermap_historical,70.50561780069756,0.01,0.016053593745081127,43.8,0.39,49.77430348617639,74.66145522926459,0.5,2,21.955953054978114,64.65034897417439,6.968200818038261,235.63528008359063,1001,10000,Clouds,1,0,13,4,0,0,1,0.0,0.0,60.30859356914703,55.905033656709755,63.22959006943841,3.0,43.61001244032348,2.0
2026-04-13T02:00:00+00:00,Karachi,24.8607,67.0011,openweathermap_historical,77.37752584272268,0.01,0.0014746190279219112,43.8,0.39,75.40557526627254,113.1083628994088,0.5,4,22.5240274253766,64.57777507846538,7.760571288412071,211.3173541185055,1001,10000,Clouds,2,0,13,4,0,0,1,0.0,0.0,65.79774034428102,61.12018433857139,64.35489207396388,3.3333333333333335,61.551902686390775,3.0
2026-04-13T03:00:00+00:00,Karachi,24.8607,67.0011,openweathermap_historical,82.63639501463628,0.01,0.050960896323971897,43.8,0.39,54.85838595697433,82.2875789354615,0.5,3,28.13409967514311,69.91283076420089,5.03915205217105,252.95823583481257,1001,10000,Clouds,3,0,13,4,0,0,1,0.0,0.0,60.01275490314111,64.9726125491102,64.64132930349611,3.0,47.16887016988204,3.0
2026-04-13T04:00:00+00:00,Karachi,24.8607,67.0011,openweathermap_historical,67.52112677415124,0.01,0.03889260600108081,43.8,0.39,62.87788214155881,94.3168232123382,0.5,2,14.616990671956803,68.66189605037324,10.629371003684799,203.20393740180106,1001,10000,Clouds,4,0,13,4,0,0,1,0.0,0.0,64.38061445493524,62.34460401204111,64.56967880435066,3.0,52.78251749909117,2.0
2026-04-13T05:00:00+00:00,Karachi,24.8607,67.0011,openweathermap_historical,70.09486332681585,0.01,0.02214467449958774,43.8,0.39,69.46673181725431,104.20009772588148,0.5,3,31.756921526199513,59.755076451415185,5.414318668641584,221.86449892244778,1001,10000,Clouds,5,0,13,4,0,0,1,0.0,0.0,62.40099997192917,64.09937015810509,63.99388009062344,2.6666666666666665,57.394712272078024,3.0
2026-04-13T06:00:00+00:00,Karachi,24.8607,67.0011,openweathermap_historical,70.86864636749021,0.01,0.006752438824274884,43.8,0.39,65.18281108460407,97.77421662690611,0.5,5,18.265649222776386,77.47303926748995,6.682313987876522,253.7188092182182,1001,10000,Clouds,6,0,13,4,0,0,1,0.0,0.0,65.84247501447241,62.92761495880674,63.32644428963008,3.3333333333333335,54.395967759222856,4.0
2026-04-13T07:00:00+00:00,Karachi,24.8607,67.0011,openweathermap_historical,69.67637405306233,0.01,0.052063625059767527,43.8,0.39,62.991836461155,94.4877546917325,0.5,4,24.602289769500285,69.01398168577792,5.752987578317147,235.62219074486865,1001,10000,Clouds,7,0,13,4,0,1,1,0.0,0.0,65.88045978767114,65.13053712130318,62.950704139249446,4.0,52.862285522808506,4.0
2026-04-13T08:00:00+00:00,Karachi,24.8607,67.0011,openweathermap_historical,73.02805650673353,0.01,0.012840787801276444,43.8,0.39,93.20118620986224,139.80177931479335,0.5,4,22.827515894351155,57.60811158510518,7.796780559624976,260.3048118011626,1001,10000,Clouds,8,0,13,4,0,1,1,0.0,0.0,73.79194458520713,68.09647227856813,61.98259775173079,4.333333333333333,74.00883034690358,5.0
2026-04-13T09:00:00+00:00,Karachi,24.8607,67.0011,openweathermap_historical,70.51360743721631,0.01,0.09610354041609495,43.8,0.39,83.7889303790343,125.68339556855145,0.5,4,31.551864123753276,51.12783485560658,8.697520762309287,230.4018280296584,1001,10000,Clouds,9,0,13,4,0,1,1,0.0,0.0,79.99398435001721,72.91822968224479,62.22959668924211,4.0,67.42025126532401,3.0
2026-04-13T10:00:00+00:00,Karachi,24.8607,67.0011,openweathermap_historical,97.656902281496,0.01,0.030123765480225703,43.8,0.39,17.5319551905436,26.297932785815398,0.5,3,30.76445947212335,66.98180954370865,7.2666303067654185,243.1268809165856,1001,10000,Clouds,10,0,13,4,0,0,1,0.0,0.0,64.84069059314673,65.36057519040892,60.43500488475684,3.6666666666666665,21.040368633380517,3.0
2026-04-13T11:00:00+00:00,Karachi,24.8607,67.0011,openweathermap_historical,87.7632501390655,0.01,0.05978284016972206,43.8,0.39,61.33424379070594,92.0013656860589,0.5,3,27.521494834028054,60.321300888175536,8.276470720569403,249.78430745870952,1001,10000,Clouds,11,0,13,4,0,0,1,0.0,0.0,54.218376453427965,64.00516051931753,60.0680794413579,3.3333333333333335,51.70197065349416,3.0
2026-04-13T12:00:00+00:00,Karachi,24.8607,67.0011,openweathermap_historical,64.05113518790708,0.01,0.0532023174677815,43.8,0.39,62.640771618283964,93.96115742742595,0.5,3,21.26517103909068,73.47555370101914,7.7594092779108745,250.10740663317756,1001,10000,Clouds,12,0,13,4,0,0,1,0.0,0.0,47.16899019984452,63.58148727493084,61.502645116908916,3.0,52.616540132798775,3.0
2026-04-13T13:00:00+00:00,Karachi,24.8607,67.0011,openweathermap_historical,69.10576076539144,0.01,0.0593916266321891,43.8,0.39,68.4767555923485,102.71513338852274,0.5,4,32.11113941067338,62.02920444396893,6.052705704440868,263.8901511991044,1001,10000,Clouds,13,0,13,4,0,0,1,0.0,0.0,64.15059033377948,64.49564046346309,62.734797406618156,3.3333333333333335,56.70172891464395,3.0
2026-04-13T14:00:00+00:00,Karachi,24.8607,67.0011,openweathermap_historical,87.47178464182609,0.01,0.05284929849498135,43.8,0.39,31.582724834491227,47.37408725173684,0.5,3,28.003298214484097,62.31774798099895,6.073892798204746,210.99463137785028,1001,10000,Clouds,14,0,13,4,0,0,1,0.0,0.0,54.23341734837458,54.225896900901255,61.695054840431766,3.3333333333333335,30.875907384143858,3.0
2026-04-13T15:00:00+00:00,Karachi,24.8607,67.0011,openweathermap_historical,69.25714744788222,0.01,0.014731252560560175,43.8,0.39,62.835730760557055,94.25359614083558,0.5,4,28.601756445700826,61.126058622304015,4.555687729904283,197.83137227956965,1001,10000,Clouds,15,0,13,4,0,0,1,0.0,0.0,54.29840372913228,50.73369696448839,61.259650619726926,3.6666666666666665,52.75301153238995,2.0
2026-04-13T16:00:00+00:00,Karachi,24.8607,67.0011,openweathermap_historical,80.76348833295393,0.01,0.07235238610299655,43.8,0.39,29.618014188257998,44.427021282386995,0.5,3,28.04763931529472,68.78675203572155,8.816163811838367,207.9651234231695,1001,10000,Clouds,16,0,13,4,0,0,1,0.0,0.0,41.34548992776878,52.748040130774115,60.323806378107584,3.3333333333333335,29.500609931780602,2.0
2026-04-13T17:00:00+00:00,Karachi,24.8607,67.0011,openweathermap_historical,74.19466714485611,0.01,0.03626189752232969,43.8,0.39,50.887507569727376,76.33126135459106,0.5,3,16.71604543475891,69.85872865573354,4.878636515256783,199.29676409943835,1001,10000,Clouds,17,0,13,4,0,1,1,0.0,0.0,47.78041750618083,51.00691742727768,59.0646282758585,3.3333333333333335,44.38925529880917,4.0
2026-04-13T18:00:00+00:00,Karachi,24.8607,67.0011,openweathermap_historical,74.1433877321841,0.01,0.011212376572798683,43.8,0.39,91.88794654967992,137.8319198245199,0.5,3,24.767042026730444,66.44598790515197,4.20432959602159,250.11407734894675,1001,10000,Clouds,18,0,13,4,0,1,1,0.0,0.0,57.46448943588845,55.88144658251034,59.76709419203272,3.0,73.08956258477595,4.0
2026-04-13T19:00:00+00:00,Karachi,24.8607,67.0011,openweathermap_historical,80.29088888917593,0.01,0.042039568634375704,43.8,0.39,64.84145417079843,97.26218125619764,0.5,3,31.695288424071485,66.88690653096738,5.021482761172008,246.4333684014634,1001,10000,Clouds,19,0,13,4,0,1,1,0.0,0.0,69.20563609673526,55.27556301225201,60.20169356343201,3.0,54.1570179195589,3.0
2026-04-13T20:00:00+00:00,Karachi,24.8607,67.0011,openweathermap_historical,74.18793437434577,0.01,0.015759925716732032,43.8,0.39,88.37002737952635,132.55504106928953,0.5,2,27.934903124489473,46.761989600237115,8.046540628233371,224.95753644706295,1001,10000,Clouds,20,0,13,4,0,1,1,0.0,0.0,81.69980936666825,64.74011343642452,62.045666738616326,2.6666666666666665,70.62701916566846,2.0
2026-04-13T21:00:00+00:00,Karachi,24.8607,67.0011,openweathermap_historical,78.85168078621001,0.01,0.04644142449151699,43.8,0.39,60.6196531318539,90.92947969778085,0.5,3,31.795070962340315,72.59277826163375,5.465188091644984,226.02719424484505,1001,10000,Clouds,21,0,13,4,0,0,1,0.0,0.0,71.27704489405959,64.370767164974,63.24882659020434,2.6666666666666665,51.201757192297734,3.0
2026-04-13T22:00:00+00:00,Karachi,24.8607,67.0011,openweathermap_historical,71.6396794533868,0.01,0.034029891141907576,43.8,0.39,65.69151450232548,98.53727175348821,0.5,2,32.238236772877016,52.562131890209244,9.26654871292564,297.34670779459793,1001,10000,Clouds,22,0,13,4,0,0,1,0.0,0.0,71.56039833790193,70.38301721731858,62.709059137635684,2.3333333333333335,54.75206015162784,3.0
2026-04-13T23:00:00+00:00,Karachi,24.8607,67.0011,openweathermap_historical,92.22251165355623,0.01,0.05200976705296064,43.8,0.39,54.37678816934843,81.56518225402264,0.5,3,19.099704099041876,72.99929940350907,7.913595926766404,239.51435181723298,1001,10000,Clouds,23,0,13,4,0,0,1,0.0,0.0,60.229318601175954,70.96456398392208,62.519003022155594,2.6666666666666665,46.8317517185439,3.0
2026-04-14T00:00:00+00:00,Karachi,24.8607,67.0011,openweathermap_historical,68.38384008278261,0.01,0.08297121698225929,43.8,0.39,58.095220027283254,87.14283004092488,0.5,3,34.92307412269907,41.19243605749798,9.274717109237468,237.11384770620933,1001,10000,Clouds,0,1,14,4,0,0,1,0.0,0.0,59.38784089965241,65.33244289685597,61.93074792827597,2.6666666666666665,49.434654019098275,4.0
2026-04-14T01:00:00+00:00,Karachi,24.8607,67.0011,openweathermap_historical,65.52256617879647,0.01,0.0743312984166676,43.8,0.39,67.5226491917935,101.28397378769026,0.5,2,29.159960288046207,46.63311066531955,10.215267852691786,200.09175212606232,1001,10000,Clouds,1,1,14,4,0,0,1,0.0,0.0,59.99821912947508,65.77930873368848,62.670262332676685,2.6666666666666665,56.03385443425546,3.0
2026-04-14T02:00:00+00:00,Karachi,24.8607,67.0011,openweathermap_historical,77.23882459201,0.01,0.0251259713664459,43.8,0.39,67.9904421512992,101.98566322694882,0.5,3,27.675024099682446,85.26393342029772,3.8501730853138874,213.58959038440986,1001,10000,Clouds,2,1,14,4,0,0,1,0.0,0.0,64.53610379012535,62.382711195650636,62.36129845288613,2.6666666666666665,56.361309505909446,2.0
2026-04-14T03:00:00+00:00,Karachi,24.8607,67.0011,openweathermap_historical,95.39609862587474,0.01,0.02065119152997093,43.8,0.39,63.4180022583948,95.1270033875922,0.5,3,21.111375301191853,75.8812319390679,4.337723747617672,228.04903722277106,1001,10000,Clouds,3,1,14,4,0,0,1,0.0,0.0,66.31036453382919,62.84910271674078,62.71794913211199,2.6666666666666665,53.16060158087636,3.0
2026-04-14T04:00:00+00:00,Karachi,24.8607,67.0011,openweathermap_historical,73.08805485017604,0.01,0.042111811372275536,43.8,0.39,63.48449373976867,95.226740609653,0.5,2,20.187610437408026,61.476813346017856,6.699264349048338,236.02479990519979,1001,10000,Clouds,4,1,14,4,0,0,1,0.0,0.0,64.96431271648758,62.48126592298132,62.74322461537073,2.6666666666666665,53.20714561783807,3.0
2026-04-14T05:00:00+00:00,Karachi,24.8607,67.0011,openweathermap_historical,83.0907943876579,0.01,0.04175815631892842,43.8,0.39,51.752010101194806,77.62801515179221,0.5,3,23.32004181885362,74.80788276384976,6.456437321924476,247.08925085538667,1001,10000,Clouds,5,1,14,4,0,0,1,0.0,0.0,59.55150203311945,62.04380291162238,62.00511121053492,2.6666666666666665,44.99440707083637,4.0
2026-04-14T06:00:00+00:00,Karachi,24.8607,67.0011,openweathermap_historical,86.54848539186683,0.01,0.0386394096941597,43.8,0.39,70.99831080397085,106.49746620595627,0.5,4,27.94644861303791,54.20437564415868,9.348811400842695,229.70161486935731,1001,10000,Clouds,6,1,14,4,0,0,1,0.0,0.0,62.078271548311456,64.1943180410703,62.247423698841864,3.0,58.466817562779596,4.0
2026-04-14T07:00:00+00:00,Karachi,24.8607,67.0011,openweathermap_historical,71.72860984292461,0.01,0.0075716930232588645,43.8,0.39,60.871652472426995,91.30747870864049,0.5,4,26.732473596575815,78.02107947829559,9.781722468749635,248.4079249970844,1001,10000,Clouds,7,1,14,4,0,1,1,0.0,0.0,61.207324459197565,63.085818587842546,62.15908269931153,3.6666666666666665,51.3781567306989,5.0
2026-04-14T08:00:00+00:00,Karachi,24.8607,67.0011,openweathermap_historical,65.88814432874119,0.01,0.037239431751537266,43.8,0.39,65.29427929788237,97.94141894682355,0.5,5,26.538856261791953,62.22399283005756,7.8685356483181055,221.01913436427773,1001,10000,Clouds,8,1,14,4,0,1,1,0.0,0.0,65.72141419142676,62.63645811227308,60.99629491131237,4.333333333333333,54.47399550851766,5.0
2026-04-14T09:00:00+00:00,Karachi,24.8607,67.0011,openweathermap_historical,91.7344785820358,0.01,0.077693423407567,43.8,0.39,64.2842523107186,96.42637846607789,0.5,3,38.97031938061349,69.01896936342628,7.953474952095311,249.3257779175777,1001,10000,Clouds,9,1,14,4,0,1,1,0.0,0.0,63.483394693676,62.78083312099372,60.18359999179922,4.0,53.76697661750302,4.0
2026-04-14T10:00:00+00:00,Karachi,24.8607,67.0011,openweathermap_historical,78.16506071914709,0.01,0.03028017661037971,43.8,0.39,43.03739527679319,64.5560929151898,0.5,3,16.89883642209312,70.7484682144082,7.4611838269117,251.71840974639014,1001,10000,Clouds,10,1,14,4,0,0,1,0.0,0.0,57.5386422951314,59.37298337716447,61.24632666205962,3.6666666666666665,38.894176693755234,4.0
2026-04-14T11:00:00+00:00,Karachi,24.8607,67.0011,openweathermap_historical,67.68545081682117,0.01,0.07650303261345798,43.8,0.39,47.96512154728259,71.94768232092389,0.5,3,13.512181115802681,64.70774867202766,5.212569431311356,216.7444653713489,1001,10000,Clouds,11,1,14,4,0,0,1,0.0,0.0,51.762256378264816,58.74183528484576,60.68927990191698,3.0,42.34358508309782,3.0
2026-04-14T12:00:00+00:00,Karachi,24.8607,67.0011,openweathermap_historical,86.05521034013402,0.01,0.0826485748564533,43.8,0.39,71.06317358622837,106.59476037934256,0.5,3,32.043600761856,62.358095896689186,7.792428390713849,247.44730624506724,1001,10000,Clouds,12,1,14,4,0,0,1,0.0,0.0,54.02189680343474,58.752645748555345,61.040213317247996,3.0,58.512221510359865,4.0
2026-04-14T13:00:00+00:00,Karachi,24.8607,67.0011,openweathermap_historical,79.14259009533113,0.01,0.03189285489334398,43.8,0.39,76.92356742410291,115.38535113615437,0.5,3,26.329720415523177,61.59588423694549,4.287572106484005,229.45510081913181,1001,10000,Clouds,13,1,14,4,0,0,1,0.0,0.0,65.31728751920464,61.42796490716801,61.392163810237754,3.0,62.614497196872044,3.0
2026-04-14T14:00:00+00:00,Karachi,24.8607,67.0011,openweathermap_historical,79.51946965296838,0.01,0.049182232653181494,43.8,0.39,62.790231728699574,94.18534759304936,0.5,3,30.723727605145925,75.22975911114011,8.318862939759413,207.0158745769322,1001,10000,Clouds,14,1,14,4,0,0,1,0.0,0.0,70.25899091301031,61.01062364563754,62.692476597496444,3.0,52.7211622100897,3.0
2026-04-14T15:00:00+00:00,Karachi,24.8607,67.0011,openweathermap_historical,80.271400202871,0.01,0.022356977960481205,43.8,0.39,77.89039591289571,116.83559386934357,0.5,2,33.26781608242963,65.31455987006893,7.365162539422428,226.38900449855973,1001,10000,Clouds,15,1,14,4,0,0,1,0.0,0.0,72.53473168856608,63.2783142460004,63.31975431217722,2.6666666666666665,63.291277139027,4.0
2026-04-14T16:00:00+00:00,Karachi,24.8607,67.0011,openweathermap_historical,80.26606381478977,0.01,0.02889590344549809,43.8,0.39,70.11927259437029,105.17890889155544,0.5,2,29.087487182042217,61.846757060905716,4.9667417920451165,263.9028436688269,1001,10000,Clouds,16,1,14,4,0,0,1,0.0,0.0,70.26663341198855,67.79196046559657,65.00730674576523,2.3333333333333335,57.85149081605921,3.0
2026-04-14T17:00:00+00:00,Karachi,24.8607,67.0011,openweathermap_historical,67.62358102535852,0.01,0.05132341779196345,43.8,0.39,83.47695786044022,125.21543679066033,0.5,4,17.262032183034314,83.48848681891783,3.21152623617024,266.3029530959808,1001,10000,Clouds,17,1,14,4,0,1,1,0.0,0.0,77.16220878923542,73.71059985112285,66.36520050787827,2.6666666666666665,67.20187050230817,2.0
2026-04-14T18:00:00+00:00,Karachi,24.8607,67.0011,openweathermap_historical,61.05309766480468,0.01,0.050016266878184834,43.8,0.39,80.66220566914028,120.99330850371041,0.5,4,21.38756557351056,68.9874089417367,6.847727674840685,210.10486576470754,1001,10000,Clouds,18,1,14,4,0,1,1,0.0,0.0,78.08614537465029,75.31043853160816,65.89746130452245,3.3333333333333335,65.2315439683982,3.0
2026-04-14T19:00:00+00:00,Karachi,24.8607,67.0011,openweathermap_historical,78.38775389393331,0.01,0.030184710596542538,43.8,0.39,72.7305799023602,109.09586985354031,0.5,3,27.0450177917306,41.838155875931136,10.149272790137427,236.72792097594026,1001,10000,Clouds,19,1,14,4,0,1,1,0.0,0.0,78.95658114398026,74.61160727798438,66.22617487667085,3.6666666666666665,59.67940593165215,3.0
2026-04-14T20:00:00+00:00,Karachi,24.8607,67.0011,openweathermap_historical,75.32772336080504,0.01,0.03736549639954231,43.8,0.39,72.25871005879927,108.3880650881989,0.5,2,20.958599688099387,57.32696108306186,2.99572268727347,206.8212161369791,1001,10000,Clouds,20,1,14,4,0,1,1,0.0,0.0,75.21716521009994,76.18968699966767,65.55486998830723,3.0,59.349097041159496,3.0
2026-04-14T21:00:00+00:00,Karachi,24.8607,67.0011,openweathermap_historical,84.17763455817465,0.01,0.040148400829535184,43.8,0.39,90.52040262827741,135.78060394241612,0.5,3,32.379415199672046,51.23106102633588,9.779544277685133,217.30333335592883,1001,10000,Clouds,21,1,14,4,0,0,1,0.0,0.0,78.50323086314565,78.29468811889794,66.80073455065822,2.6666666666666665,72.13228183979419,4.0
2026-04-14T22:00:00+00:00,Karachi,24.8607,67.0011,openweathermap_historical,82.88504793678652,0.01,0.032196839432399066,43.8,0.39,61.9387089260991,92.90806338914865,0.5,3,29.335983598345376,61.78511515774171,3.6352427974562334,240.2844130935641,1001,10000,Clouds,22,1,14,4,0,0,1,0.0,0.0,74.90594053772527,76.93126084085274,66.64436765164878,2.6666666666666665,52.12509624826937,4.0
2026-04-14T23:00:00+00:00,Karachi,24.8607,67.0011,openweathermap_historical,76.99550434798182,0.01,0.04310361547057569,43.8,0.39,54.11373263186329,81.17059894779494,0.5,3,18.871766174078246,71.57055574865277,12.268987698840448,237.76941758538908,1001,10000,Clouds,23,1,14,4,0,0,1,0.0,0.0,68.85761472874663,72.03738996942326,66.63340700425356,3.0,46.64761284230431,4.0
2026-04-15T00:00:00+00:00,Karachi,24.8607,67.0011,openweathermap_historical,71.59215869668323,0.01,0.04179248069477038,43.8,0.39,63.80787424722081,95.71181137083121,0.5,4,21.75229650940021,72.87654964366185,5.459519892861982,247.73672524383318,1001,10000,Clouds,0,2,15,4,0,0,1,0.0,0.0,59.953438601727754,69.22833473243669,66.87143426341763,3.3333333333333335,53.433511973054564,3.0
2026-04-15T01:00:00+00:00,Karachi,24.8607,67.0011,openweathermap_historical,83.92651815200631,0.01,0.016302507461217232,43.8,0.39,53.21365111427481,79.82047667141222,0.5,3,14.826741766645466,79.18207176632143,3.64915911008308,290.89146155511014,1001,10000,Clouds,1,2,15,4,0,0,1,0.0,0.0,57.045085997786316,65.97551326775577,66.27522601018768,3.3333333333333335,46.01755577999237,3.0
2026-04-15T02:00:00+00:00,Karachi,24.8607,67.0011,openweathermap_historical,59.713089384667754,0.01,0.06868595986169475,43.8,0.39,82.62673623510584,123.94010435265875,0.5,2,30.25189699479643,63.29721977962273,11.084438487520103,194.69427915690002,1001,10000,Clouds,2,2,15,4,0,0,1,0.0,0.0,66.5494205322005,67.70351763047354,66.88507159701295,3.0,66.6067153645741,2.0
2026-04-15T03:00:00+00:00,Karachi,24.8607,67.0011,openweathermap_historical,84.39264951941988,0.01,0.06482240004820189,43.8,0.39,48.71496041810442,73.07244062715662,0.5,3,26.400132530412154,78.45279557288332,5.1301250642623595,242.87950598180646,1001,10000,Clouds,3,2,15,4,0,0,1,0.0,0.0,61.51844925582838,60.73594392877805,66.27244485366752,2.6666666666666665,42.86847229267309,4.0
2026-04-15T04:00:00+00:00,Karachi,24.8607,67.0011,openweathermap_historical,72.35805417771404,0.01,0.03819326062346266,43.8,0.39,56.83310658185347,85.2496598727802,0.5,3,10.825513207156396,62.52164106862952,4.70606802495038,274.17818282039144,1001,10000,Clouds,4,2,15,4,0,0,1,0.0,0.0,62.72493441168792,59.88501020473711,65.99530372208773,2.6666666666666665,48.55117460729743,3.0
2026-04-15T05:00:00+00:00,Karachi,24.8607,67.0011,openweathermap_historical,74.61103741674789,0.01,0.022302351095074346,43.8,0.39,70.38929223375821,105.58393835063731,0.5,4,33.93112890287229,74.36804540585955,9.26855143370059,261.0710326891285,1001,10000,Clouds,5,2,15,4,0,0,1,0.0,0.0,58.645786411238724,62.597603471719594,66.77185714427786,3.3333333333333335,58.04050456363075,2.0
2026-04-15T06:00:00+00:00,Karachi,24.8607,67.0011,openweathermap_historical,64.87592274278882,0.01,0.0071830644407841135,43.8,0.39,66.00006802607443,99.00010203911165,0.5,4,25.503464412798927,70.41481676693977,6.361600034805549,261.7389327011646,1001,10000,Clouds,6,2,15,4,0,0,1,0.0,0.0,64.40748894722873,62.96296910152853,66.56359702853219,3.6666666666666665,54.9680476182521,3.0
2026-04-15T07:00:00+00:00,Karachi,24.8607,67.0011,openweathermap_historical,74.44955571160612,0.01,0.019885060737465703,43.8,0.39,69.72334399114277,104.58501598671415,0.5,5,27.90627433763494,51.67739576259352,5.248117129290212,258.5354423142241,1001,10000,Clouds,7,2,15,4,0,1,1,0.0,0.0,68.70423475032516,65.71458458100652,66.93241750847868,4.333333333333333,57.57434079379995,4.0
2026-04-15T08:00:00+00:00,Karachi,24.8607,67.0011,openweathermap_historical,70.40567684996836,0.01,0.05047246477994578,43.8,0.39,79.92987353925169,119.89481030887754,0.5,5,24.866536735108536,66.8467157337367,6.270443077738047,237.49921002638268,1001,10000,Clouds,8,2,15,4,0,1,1,0.0,0.0,71.88442851882299,65.26510746503082,67.54223393520239,4.666666666666667,64.71891147747618,3.0
2026-04-15T09:00:00+00:00,Karachi,24.8607,67.0011,openweathermap_historical,52.283105806674456,0.01,0.05606306998109288,43.8,0.39,86.90800201379521,130.3620030206928,0.5,4,26.761192922128835,60.26999233974193,7.658180000341152,184.91067085283757,1001,10000,Clouds,9,2,15,4,0,1,1,0.0,0.0,78.85373984806324,71.63061439764597,68.48489017283059,4.666666666666667,69.60360140965666,3.0
2026-04-15T10:00:00+00:00,Karachi,24.8607,67.0011,openweathermap_historical,79.31010383825718,0.01,0.04094706610443282,43.8,0.39,61.90649006038753,92.8597350905813,0.5,4,30.022685761304103,91.59553607530762,5.864624826654075,261.1911295083027,1001,10000,Clouds,10,2,15,4,0,0,1,0.0,0.0,76.24812187114482,72.47617831073497,69.27110245548035,4.333333333333333,52.10254304227128,3.0
2026-04-15T11:00:00+00:00,Karachi,24.8607,67.0011,openweathermap_historical,65.7140787650875,0.01,0.03229470763738457,43.8,0.39,51.068000968248775,76.60200145237316,0.5,3,27.101760880376272,60.062364742572385,7.086483031566704,210.86737578974672,1001,10000,Clouds,11,2,15,4,0,0,1,0.0,0.0,66.62749768081052,69.25596309981674,69.4003890980206,3.6666666666666665,44.515600677774145,3.0
2026-04-15T12:00:00+00:00,Karachi,24.8607,67.0011,openweathermap_historical,69.4279438583209,0.01,0.02927371015492166,43.8,0.39,55.932867198856385,83.89930079828457,0.5,4,30.470301659273424,48.52962100460546,5.750769800826019,226.789518312236,1001,10000,Clouds,12,2,15,4,0,0,1,0.0,0.0,56.302452742497586,67.57809629528039,68.76995966521345,3.6666666666666665,47.92100703919947,3.0
2026-04-15T13:00:00+00:00,Karachi,24.8607,67.0011,openweathermap_historical,60.598816955543384,0.01,0.034329607363189074,43.8,0.39,70.60453759973137,105.90680639959706,0.5,3,30.88376786562838,69.76489075343984,9.078870132478944,268.6614279575939,1001,10000,Clouds,13,2,15,4,0,0,1,0.0,0.0,59.20180192227886,67.72496189671183,68.50666675586463,3.3333333333333335,58.191176319811966,4.0
2026-04-15T14:00:00+00:00,Karachi,24.8607,67.0011,openweathermap_historical,53.78327047881914,0.01,0.09557015596220422,43.8,0.39,51.4363958323291,77.15459374849365,0.5,3,26.433402772922168,71.99850913650174,6.740986272881069,253.43315681095478,1001,10000,Clouds,14,2,15,4,0,0,1,0.0,0.0,59.32460021030564,62.97604894555806,68.03359026018252,3.3333333333333335,44.77347708263037,4.0
2026-04-15T15:00:00+00:00,Karachi,24.8607,67.0011,openweathermap_historical,69.85846900410779,0.01,0.029934656304056312,43.8,0.39,49.08552706348347,73.6282905952252,0.5,4,18.92927665569266,79.36191793151531,7.813616235623398,215.4784347454071,1001,10000,Clouds,15,2,15,4,0,0,1,0.0,0.0,57.042153498514665,56.67230312050611,66.83338739145701,3.3333333333333335,43.12786894443843,3.0
2026-04-15T16:00:00+00:00,Karachi,24.8607,67.0011,openweathermap_historical,83.1513002303393,0.01,0.03842788807623423,43.8,0.39,78.14204855098598,117.21307282647896,0.5,3,15.379673738675804,58.854600951758364,5.252167561664395,245.17536434702197,1001,10000,Clouds,16,2,15,4,0,0,1,0.0,0.0,59.55465714893287,59.37822953560585,67.16766972298267,3.3333333333333335,63.46743398569019,2.0
2026-04-15T17:00:00+00:00,Karachi,24.8607,67.0011,openweathermap_historical,74.66480844669661,0.01,0.013279901460089626,43.8,0.39,63.38206258540035,95.07309387810052,0.5,2,23.540474786656524,69.19749536540482,8.253383170799056,252.9727188625656,1001,10000,Clouds,17,2,15,4,0,1,1,0.0,0.0,63.53654606662328,61.43057313846444,66.33038241985601,3.0,53.13544380978024,3.0
2026-04-15T18:00:00+00:00,Karachi,24.8607,67.0011,openweathermap_historical,86.87315831282196,0.01,0.04306649572480493,43.8,0.39,66.40659706693506,99.6098956004026,0.5,3,24.887812628641647,75.31769404535574,7.026015692737362,262.71502881138315,1001,10000,Clouds,18,2,15,4,0,1,1,0.0,0.0,69.31023606777381,63.17619478314422,65.73639872809746,2.6666666666666665,55.25261794685455,3.0
2026-04-15T19:00:00+00:00,Karachi,24.8607,67.0011,openweathermap_historical,73.22650427393108,0.01,0.0264690975474948,43.8,0.39,66.65009185142432,99.97513777713648,0.5,3,17.269852862242786,61.9886045692209,8.514871746882465,256.7797123741122,1001,10000,Clouds,19,2,15,4,0,1,1,0.0,0.0,65.47958383458659,62.517120491759705,65.48304505930847,2.6666666666666665,55.42306429599703,3.0
2026-04-15T20:00:00+00:00,Karachi,24.8607,67.0011,openweathermap_historical,75.14820069437671,0.01,0.030656861689172508,43.8,0.39,92.56369009424171,138.84553514136257,0.5,3,27.29864598143605,43.84376024291623,5.542252817046374,228.42334104854456,1001,10000,Clouds,20,2,15,4,0,1,1,0.0,0.0,75.20679300420039,69.37166953541181,66.32908589411856,3.0,73.56258306596919,3.0
2026-04-15T21:00:00+00:00,Karachi,24.8607,67.0011,openweathermap_historical,87.71939467255378,0.01,0.06198983826071666,43.8,0.39,90.2925370376354,135.4388055564531,0.5,4,25.587325270838548,59.48415512185869,6.288601581767945,213.76828723636507,1001,10000,Clouds,21,2,15,4,0,0,1,0.0,0.0,83.16877299443382,76.2395045311038,66.31959149450847,3.3333333333333335,71.97277592634478,3.0
2026-04-15T22:00:00+00:00,Karachi,24.8607,67.0011,openweathermap_historical,81.62242724149026,0.01,0.003331281857410294,43.8,0.39,31.375570263567624,47.06335539535144,0.5,4,33.84617564407788,58.009212150175514,9.408843734950718,226.05616077936523,1001,10000,Clouds,22,2,15,4,0,0,1,0.0,0.0,71.41059913181493,68.44509148320074,65.04612738356967,3.6666666666666665,30.73089918449734,3.0
2026-04-15T23:00:00+00:00,Karachi,24.8607,67.0011,openweathermap_historical,70.22988595609868,0.01,0.0470807211740702,43.8,0.39,50.864915963173964,76.29737394476095,0.5,4,18.065844605069987,50.94828664585338,6.7476776358109385,235.74966143193538,1001,10000,Clouds,23,2,15,4,0,0,1,0.0,0.0,57.51100775479235,66.35890037949635,64.91076002237428,4.0,44.37344117422178,3.0
2026-04-16T00:00:00+00:00,Karachi,24.8607,67.0011,openweathermap_historical,73.43960942199324,0.01,0.04473164372319695,43.8,0.39,75.39540720389205,113.09311080583808,0.5,3,30.15806367190674,65.19700608502681,5.379367156278245,234.6343220223736,1001,10000,Clouds,0,3,16,4,0,0,1,0.0,0.0,52.54529781021123,67.85703540232251,65.39357389556892,3.6666666666666665,61.54478504272444,3.0
2026-04-16T01:00:00+00:00,Karachi,24.8607,67.0011,openweathermap_historical,81.6541610206668,0.01,0.04916605348402932,43.8,0.39,49.869934367320695,74.80490155098104,0.5,3,26.238351317047442,63.924708474904016,7.541622056748086,220.06279943121962,1001,10000,Clouds,1,3,16,4,0,0,1,0.0,0.0,58.71008584479559,65.06034248830524,65.25425236444583,3.3333333333333335,43.67695405712449,2.0
2026-04-16T02:00:00+00:00,Karachi,24.8607,67.0011,openweathermap_historical,72.08375056434332,0.01,0.02272241551144606,43.8,0.39,57.68414515388348,86.52621773082521,0.5,2,11.36063612561095,60.14512096842352,4.57993752589676,220.08892683050374,1001,10000,Clouds,2,3,16,4,0,0,1,0.0,0.0,60.98316224169876,59.24708499824553,64.21497773606156,2.6666666666666665,49.14690160771843,3.0
2026-04-16T03:00:00+00:00,Karachi,24.8607,67.0011,openweathermap_historical,93.71345952825612,0.01,0.04341476307750577,43.8,0.39,28.040082294600445,42.06012344190067,0.5,4,22.382729166864642,86.25559709670057,6.967061676874471,252.99431413243968,1001,10000,Clouds,3,3,16,4,0,0,1,0.0,0.0,45.198053938601554,48.87167587440638,63.35352448091555,3.0,28.39605760622031,3.0
2026-04-16T04:00:00+00:00,Karachi,24.8607,67.0011,openweathermap_historical,79.46937584508903,0.01,0.04245323920122909,43.8,0.39,55.171958282822246,82.75793742423338,0.5,3,28.782177537770973,86.299855987983,9.052532652651378,229.6435007751618,1001,10000,Clouds,4,3,16,4,0,0,1,0.0,0.0,46.96539524376874,52.83774054428215,63.28430996845592,3.0,47.388370797975575,3.0
2026-04-16T05:00:00+00:00,Karachi,24.8607,67.0011,openweathermap_historical,78.21655739929146,0.01,0.03097788733868713,43.8,0.39,65.99440875328222,98.99161312992332,0.5,2,30.274709556175114,78.45150466108096,5.860084186844541,258.5185997748453,1001,10000,Clouds,5,3,16,4,0,0,1,0.0,0.0,49.73548311023499,55.35932267596686,63.101189823436094,3.0,54.964086127297556,3.0
2026-04-16T06:00:00+00:00,Karachi,24.8607,67.0011,openweathermap_historical,68.63150556957503,0.01,0.047343987598464116,43.8,0.39,62.372475533726785,93.55871330059017,0.5,3,25.696404231837707,77.17068057359342,11.431609502365676,244.20880720199787,1001,10000,Clouds,6,3,16,4,0,0,1,0.0,0.0,61.17961418994377,53.18883406427264,62.95004013625495,2.6666666666666665,52.42873287360875,4.0
2026-04-16T07:00:00+00:00,Karachi,24.8607,67.0011,openweathermap_historical,69.95818328853588,0.01,0.03233559711554456,43.8,0.39,63.50641070209583,95.25961605314374,0.5,4,32.78726503255476,70.85850697712193,5.265134558565357,256.705307881556,1001,10000,Clouds,7,3,16,4,0,1,1,0.0,0.0,63.95776499636829,55.4615801200685,62.69100124921132,3.0,53.222487491467085,4.0
2026-04-16T08:00:00+00:00,Karachi,24.8607,67.0011,openweathermap_historical,79.93858385537229,0.01,0.013269365897549405,43.8,0.39,52.19991998546849,78.29987997820274,0.5,3,25.81704543355994,77.09733746490005,9.735704781952439,228.46925173206196,1001,10000,Clouds,8,3,16,4,0,1,1,0.0,0.0,59.35960207376371,54.54754259199933,61.53558651780369,3.3333333333333335,45.30794398982795,4.0
2026-04-16T09:00:00+00:00,Karachi,24.8607,67.0011,openweathermap_historical,82.61684528700835,0.01,-1.0423714575671927e-05,43.8,0.39,47.608371663874834,71.41255749581225,0.5,3,31.470037096398286,57.137807625800455,8.314584822929904,262.5565018516821,1001,10000,Clouds,9,3,16,4,0,1,1,0.0,0.0,54.4382341171464,57.808924153545064,59.89810191989034,3.3333333333333335,42.09386016471239,2.0
2026-04-16T10:00:00+00:00,Karachi,24.8607,67.0011,openweathermap_historical,71.43031798715678,0.01,0.03800364859847364,43.8,0.39,53.62668730353503,80.44003095530255,0.5,3,24.235495191978554,54.65486920321136,6.209548951473357,220.92203699255546,1001,10000,Clouds,10,3,16,4,0,0,1,0.0,0.0,51.1449929842928,57.551378990330534,59.55311013835482,3.0,46.30668111247452,3.0
2026-04-16T11:00:00+00:00,Karachi,24.8607,67.0011,openweathermap_historical,87.25858639116747,0.01,0.04998942596388617,43.8,0.39,65.50079975641707,98.2511996346256,0.5,3,34.44696995279314,67.90177309241999,5.291329386911469,254.3336444595432,1001,10000,Clouds,11,3,16,4,0,0,1,0.0,0.0,55.578619574609,57.469110824186345,60.1544767545285,3.0,54.61855982949196,2.0
2026-04-16T12:00:00+00:00,Karachi,24.8607,67.0011,openweathermap_historical,86.85470333085023,0.01,0.043303266542775345,43.8,0.39,54.23395817600337,81.35093726400505,0.5,3,25.921918643959614,61.587754700377616,7.9760999509074635,234.9532400174101,1001,10000,Clouds,12,3,16,4,0,0,1,0.0,0.0,57.787148411985164,56.112691264565775,60.08368887857628,3.0,46.73177072320236,2.0
2026-04-16T13:00:00+00:00,Karachi,24.8607,67.0011,openweathermap_historical,72.8724560361018,0.01,0.08494752490377394,43.8,0.39,53.238193610503174,79.85729041575476,0.5,4,19.696750669632237,78.66237735868737,3.602732023675543,236.75304163784077,1001,10000,Clouds,13,3,16,4,0,0,1,0.0,0.0,57.657650514307896,54.40132174930034,59.36009121235844,3.3333333333333335,46.034735527352225,2.0
2026-04-16T14:00:00+00:00,Karachi,24.8607,67.0011,openweathermap_historical,56.24394382271821,0.01,0.04775385077007634,43.8,0.39,71.44728670592662,107.17093005888992,0.5,4,34.23945520508168,45.129348433152046,8.65217131379286,263.46065725734485,1001,10000,Clouds,14,3,16,4,0,0,1,0.0,0.0,59.63981283081106,57.60921620271002,60.19387833209168,3.6666666666666665,58.781100694148634,3.0
2026-04-16T15:00:00+00:00,Karachi,24.8607,67.0011,openweathermap_historical,70.08479624924453,0.01,0.012519361134945024,43.8,0.39,60.01391540782504,90.02087311173756,0.5,3,15.722553835576642,50.942835695619664,9.436206483365623,261.79900357433485,1001,10000,Clouds,15,3,16,4,0,0,1,0.0,0.0,61.56646524141829,59.676806826701714,60.64922784643924,3.6666666666666665,50.77774078547753,3.0
2026-04-16T16:00:00+00:00,Karachi,24.8607,67.0011,openweathermap_historical,64.09175153234014,0.01,0.04474526920532076,43.8,0.39,64.50141806522417,96.75212709783625,0.5,2,22.164671096380893,64.81584308587685,8.597475957679974,207.51848266074091,1001,10000,Clouds,16,3,16,4,0,0,1,0.0,0.0,65.32087339299196,61.4892619536499,60.080868242865826,3.0,53.91899264565692,2.0
2026-04-16T17:00:00+00:00,Karachi,24.8607,67.0011,openweathermap_historical,79.30561793078849,0.01,0.04802784528476742,43.8,0.39,66.62853289917409,99.94279934876113,0.5,3,24.057642968824844,74.05401598871101,6.827790381413649,212.75748941371864,1001,10000,Clouds,17,3,16,4,0,1,1,0.0,0.0,63.714622124074445,61.677217477442746,60.216137839273074,2.6666666666666665,55.40797302942187,3.0
2026-04-16T18:00:00+00:00,Karachi,24.8607,67.0011,openweathermap_historical,69.05634716526212,0.01,0.03424454624231326,43.8,0.39,83.59048263524545,125.38572395286818,0.5,3,19.783319688116222,46.01916152694948,5.75498853812831,253.20930613208418,1001,10000,Clouds,18,3,16,4,0,1,1,0.0,0.0,71.57347786654792,66.5699715539831,60.93213307128601,2.6666666666666665,67.28133784467182,2.0
2026-04-16T19:00:00+00:00,Karachi,24.8607,67.0011,openweathermap_historical,85.95455794638283,0.01,-0.013360207431343245,43.8,0.39,54.01940263402567,81.02910395103851,0.5,3,30.28745351232643,65.49229071719424,8.454918103362889,227.46875597875382,1001,10000,Clouds,19,3,16,4,0,1,1,0.0,0.0,68.07947272281508,66.70017305790351,60.40585435389439,3.0,46.58158184381797,4.0
2026-04-16T20:00:00+00:00,Karachi,24.8607,67.0011,openweathermap_historical,85.86239877173743,0.01,0.05531347383381197,43.8,0.39,54.225435112800795,81.3381526692012,0.5,3,31.278376360655415,72.73855520167434,5.309593073526239,269.41283550524,1001,10000,Clouds,20,3,16,4,0,1,1,0.0,0.0,63.945106794023985,63.82986445904921,58.80842706300103,3.0,46.72580457896056,3.0
2026-04-16T21:00:00+00:00,Karachi,24.8607,67.0011,openweathermap_historical,76.44862186148764,0.01,0.05660634552708961,43.8,0.39,35.0386427984446,52.5579641976669,0.5,3,35.96372990923704,47.26189993832179,7.674497121938586,205.72521515638311,1001,10000,Clouds,21,3,16,4,0,0,1,0.0,0.0,47.76116018175704,59.66731902415247,56.50618146970141,3.0,33.29504995891122,2.0
2026-04-16T22:00:00+00:00,Karachi,24.8607,67.0011,openweathermap_historical,95.1323748773078,0.01,0.08245592522126738,43.8,0.39,78.9243347833444,118.3865021750166,0.5,3,28.247599866575378,44.804251651155354,8.6560967154264,248.44697203930866,1001,10000,Clouds,22,3,16,4,0,0,1,0.0,0.0,56.062804231529945,62.071138477172504,58.48737999135877,3.0,64.01503434834109,3.0
2026-04-16T23:00:00+00:00,Karachi,24.8607,67.0011,openweathermap_historical,95.33219094567232,0.01,0.05966157709253431,43.8,0.39,28.135238736863343,42.202858105295014,0.5,3,8.44918441119595,59.39299423653557,8.147499484991958,217.37436202827803,1001,10000,Clouds,23,3,16,4,0,0,1,0.0,0.0,47.366072106217466,55.655589450120715,57.54031010692916,3.0,28.462667115804344,3.0
2026-04-17T00:00:00+00:00,Karachi,24.8607,67.0011,openweathermap_historical,79.00344598441748,0.01,0.01688800525111402,43.8,0.39,65.52485411158189,98.28728116737284,0.5,3,30.545120250341775,66.61772606189365,9.008564060372668,241.75261432253006,1001,10000,Clouds,0,4,17,4,0,0,1,0.0,0.0,57.528142543929896,52.644651362843454,57.129037061416234,3.0,54.63539787810733,2.0
2026-04-17T01:00:00+00:00,Karachi,24.8607,67.0011,openweathermap_historical,65.94947590657756,0.01,0.05456980930669584,43.8,0.39,51.63456808865973,77.45185213298959,0.5,2,19.33777329111492,70.80223603772743,6.5792595170137025,237.68914518970968,1001,10000,Clouds,1,4,17,4,0,0,1,0.0,0.0,48.43155364570166,52.2471789386158,57.202563466472036,2.6666666666666665,44.912197662061814,3.0
2026-04-17T02:00:00+00:00,Karachi,24.8607,67.0011,openweathermap_historical,69.64617139835732,0.01,0.032708456025004204,43.8,0.39,74.79452771495097,112.19179157242647,0.5,3,19.965883365150173,63.68609293640284,8.530705987734395,257.24283436602104,1001,10000,Clouds,2,4,17,4,0,0,1,0.0,0.0,63.98464997173088,55.67536103897415,57.91549607318317,2.6666666666666665,61.12416940046569,4.0
2026-04-17T03:00:00+00:00,Karachi,24.8607,67.0011,openweathermap_historical,77.52414894810138,0.01,0.03365278829422762,43.8,0.39,62.751299653229964,94.12694947984494,0.5,3,15.791639166645266,64.13541314099527,8.070856611725697,218.71588175927573,1001,10000,Clouds,3,4,17,4,0,0,1,0.0,0.0,63.0601318189469,60.29413718143838,59.36179679645941,2.6666666666666665,52.693909757260975,2.0
2026-04-17T04:00:00+00:00,Karachi,24.8607,67.0011,openweathermap_historical,74.32506269883137,0.01,0.03268773620401497,43.8,0.39,76.7857180502421,115.17857707536314,0.5,3,22.722256228344897,63.17566504702443,7.783650586608426,197.12068562959496,1001,10000,Clouds,4,4,17,4,0,0,1,0.0,0.0,71.44384847280769,59.937701059254664,60.262370120101906,3.0,62.518002635169466,3.0
2026-04-17T05:00:00+00:00,Karachi,24.8607,67.0011,openweathermap_historical,97.48474043622464,0.01,0.031660174407805206,43.8,0.39,39.509765548078136,59.2646483221172,0.5,3,30.567815261464638,60.34345773663305,8.125645046904513,224.34960955522877,1001,10000,Clouds,5,4,17,4,0,0,1,0.0,0.0,59.682261083850086,61.833455527790456,59.15884331988507,3.0,36.424835883654694,3.0
2026-04-17T06:00:00+00:00,Karachi,24.8607,67.0011,openweathermap_historical,83.05876134214608,0.01,0.04821531413479243,43.8,0.39,57.028278609826835,85.54241791474026,0.5,4,17.051987033865636,80.32744765320648,5.046264255424518,231.7190522237783,1001,10000,Clouds,6,4,17,4,0,0,1,0.0,0.0,57.7745874027157,60.417359610831284,58.9361684480559,3.3333333333333335,48.68779502687879,4.0
2026-04-17T07:00:00+00:00,Karachi,24.8607,67.0011,openweathermap_historical,62.03843349924918,0.01,0.04415534749298828,43.8,0.39,73.99956745586934,110.99935118380401,0.5,4,23.449151529440297,55.25309956712389,7.621921160479537,228.92541207514753,1001,10000,Clouds,7,4,17,4,0,1,1,0.0,0.0,56.84587053792478,64.14485950536623,59.37338331279647,3.6666666666666665,60.56769721910854,4.0
2026-04-17T08:00:00+00:00,Karachi,24.8607,67.0011,openweathermap_historical,80.06736280815065,0.01,0.03467432484923655,43.8,0.39,54.20528219042214,81.30792328563321,0.5,4,21.03669391736466,90.40988381291707,6.673202810050804,226.8475125011895,1001,10000,Clouds,8,4,17,4,0,1,1,0.0,0.0,61.7443760853728,60.71331858461142,59.4569400713362,4.0,46.711697533295506,3.0
2026-04-17T09:00:00+00:00,Karachi,24.8607,67.0011,openweathermap_historical,70.31765077668635,0.01,0.023842594419547537,43.8,0.39,100.58988818804964,150.88483228207446,0.5,2,28.726500862849743,69.61779509563746,9.88839750630947,245.17288084885058,1001,10000,Clouds,9,4,17,4,0,1,1,0.0,0.0,76.26491261144706,67.01975000708137,61.664503259843485,3.3333333333333335,79.18092173163475,3.0
2026-04-17T10:00:00+00:00,Karachi,24.8607,67.0011,openweathermap_historical,78.38296911951473,0.01,0.04926960017668679,43.8,0.39,78.34532713499782,117.51799070249672,0.5,3,18.63502008673276,53.179434312080176,4.346842867312294,237.30290932094886,1001,10000,Clouds,10,4,17,4,0,0,1,0.0,0.0,77.71349917115656,67.27968485454066,62.694446586154434,3.0,63.609728994498475,3.0
2026-04-17T11:00:00+00:00,Karachi,24.8607,67.0011,openweathermap_historical,74.67954452501496,0.01,0.035983457979784556,43.8,0.39,68.93535314447384,103.40302971671076,0.5,2,16.723776772233688,63.809339066819916,10.896876215809064,245.69171834060873,1001,10000,Clouds,11,4,17,4,0,0,1,0.0,0.0,82.62352282250711,72.18394945393995,62.83755297732346,2.3333333333333335,57.02274720113169,3.0
2026-04-17T12:00:00+00:00,Karachi,24.8607,67.0011,openweathermap_historical,70.31951917223041,0.01,0.040253297960636154,43.8,0.39,28.937126595093726,43.40568989264059,0.5,2,27.87829485449089,70.41962998388979,6.152251181124954,263.62645865777375,1001,10000,Clouds,12,4,17,4,0,0,1,0.0,0.0,58.73926895818848,67.50209078481775,61.7835183281189,2.3333333333333335,29.02398861656561,2.0
2026-04-17T13:00:00+00:00,Karachi,24.8607,67.0011,openweathermap_historical,71.64921345812151,0.01,0.021194001423250865,43.8,0.39,51.78085639271268,77.67128458906902,0.5,2,27.284667396275765,53.16942162921525,5.836452446149048,205.12680928814785,1001,10000,Clouds,13,4,17,4,0,0,1,0.0,0.0,49.884445377426765,63.79897227429165,61.72279594404429,2.0,45.01459947489888,3.0
2026-04-17T14:00:00+00:00,Karachi,24.8607,67.0011,openweathermap_historical,74.37221427730327,0.01,0.05500663473750225,43.8,0.39,41.61977856615039,62.42966784922558,0.5,3,16.526997089369807,90.0808256448612,8.294450126916155,221.57894823438224,1001,10000,Clouds,14,4,17,4,0,0,1,0.0,0.0,40.77925385131895,61.70138833691302,60.47998310488695,2.3333333333333335,37.90184499630527,3.0
2026-04-17T15:00:00+00:00,Karachi,24.8607,67.0011,openweathermap_historical,95.65048599173016,0.01,0.06506798430744284,43.8,0.39,42.37749893585253,63.56624840377879,0.5,3,29.208195798330536,74.80480008482243,6.7717505999681356,252.1409908583135,1001,10000,Clouds,15,4,17,4,0,0,1,0.0,0.0,45.25937796490521,51.99932346154683,59.74513241855476,2.6666666666666665,38.43224925509677,3.0
2026-04-17T16:00:00+00:00,Karachi,24.8607,67.0011,openweathermap_historical,73.98623571896586,0.01,0.0418265874598478,43.8,0.39,62.33807474349983,93.50711211524975,0.5,2,31.9911113356595,81.17611633510315,8.288722736786026,251.97640742386565,1001,10000,Clouds,16,4,17,4,0,0,1,0.0,0.0,48.77845074850094,49.33144806296383,59.65499311348291,2.6666666666666665,52.404652320449884,2.0
2026-04-17T17:00:00+00:00,Karachi,24.8607,67.0011,openweathermap_historical,69.08881171615813,0.01,0.04381218086054824,43.8,0.39,47.44186034678401,71.16279052017602,0.5,3,21.095693860096056,63.92862680909044,8.888074431311095,238.78736071256552,1001,10000,Clouds,17,4,17,4,0,1,1,0.0,0.0,50.7191446753788,45.749199263348864,58.855548423799995,2.6666666666666665,41.97730224274881,3.0
2026-04-17T18:00:00+00:00,Karachi,24.8607,67.0011,openweathermap_historical,82.50006094563838,0.01,0.07746835657128107,43.8,0.39,76.81568015331972,115.22352022997958,0.5,2,25.719674365312912,65.95897080673839,6.278672669037243,206.1691373513131,1001,10000,Clouds,18,4,17,4,0,1,1,0.0,0.0,62.19853841453454,53.72895818971986,58.573264987053086,2.3333333333333335,62.538976107323805,3.0
2026-04-17T19:00:00+00:00,Karachi,24.8607,67.0011,openweathermap_historical,75.17693012159856,0.01,0.08395410812925051,43.8,0.39,75.97995792500095,113.96993688750142,0.5,4,23.162048893769477,60.36975296977565,8.07351581820112,218.1765888425747,1001,10000,Clouds,19,4,17,4,0,1,1,0.0,0.0,66.74583280836823,57.76214177843457,59.48828812417705,3.0,61.95397054750067,4.0
2026-04-17T20:00:00+00:00,Karachi,24.8607,67.0011,openweathermap_historical,71.74525664306321,0.01,-0.007482780506810435,43.8,0.39,58.70775520763716,88.06163281145575,0.5,3,30.255924338940886,80.20914767258154,8.564085770923395,256.3531882250366,1001,10000,Clouds,20,4,17,4,0,1,1,0.0,0.0,70.5011310953193,60.61013788534904,59.67505146146191,3.0,49.86342864534602,3.0
2026-04-17T21:00:00+00:00,Karachi,24.8607,67.0011,openweathermap_historical,85.97024010511451,0.01,0.041228259904122835,43.8,0.39,55.511050025764895,83.26657503864735,0.5,2,28.216113421113874,61.504951676445536,5.889818034978509,232.01733455044672,1001,10000,Clouds,21,4,17,4,0,0,1,0.0,0.0,63.39958771946769,62.79906306700109,60.528068429266916,3.0,47.62573501803543,3.0
2026-04-17T22:00:00+00:00,Karachi,24.8607,67.0011,openweathermap_historical,78.72041996328616,0.01,0.04947398914007231,43.8,0.39,74.52146738719512,111.78220108079267,0.5,3,36.8362376486823,74.70828980210379,8.974331727578885,222.42876853820914,1001,10000,Clouds,22,4,17,4,0,0,1,0.0,0.0,62.91342420686575,64.82962850761697,60.34461562109403,2.6666666666666665,60.933027171036585,3.0
2026-04-17T23:00:00+00:00,Karachi,24.8607,67.0011,openweathermap_historical,73.8426766748179,0.01,0.04360495391704912,43.8,0.39,40.97469219896044,61.46203829844066,0.5,3,28.04277246386599,53.06166614554232,7.407761051722661,202.27364225961236,1001,10000,Clouds,23,4,17,4,0,0,1,0.0,0.0,57.00240320397351,63.751767149646376,60.879592848681405,2.6666666666666665,37.45028453927231,2.0
2026-04-18T00:00:00+00:00,Karachi,24.8607,67.0011,openweathermap_historical,69.06143655479082,0.01,0.04660859318565877,43.8,0.39,53.4394997551492,80.1592496327238,0.5,2,23.18278932787933,64.28004684537413,4.960662920062932,215.53672961198518,1001,10000,Clouds,0,5,18,4,1,0,1,0.0,0.0,56.31188644710161,59.85573708328462,60.376036417163384,2.6666666666666665,46.17564982860445,2.0
2026-04-18T01:00:00+00:00,Karachi,24.8607,67.0011,openweathermap_historical,67.14164545015298,0.01,0.04660013957893642,43.8,0.39,64.80147225869806,97.20220838804708,0.5,3,21.301186127950153,68.22401632226402,5.536508301666509,219.86322808398666,1001,10000,Clouds,1,5,18,4,1,0,1,0.0,0.0,53.071888070935906,57.99265613890082,60.924657424248316,2.6666666666666665,54.12903058108864,4.0
2026-04-18T02:00:00+00:00,Karachi,24.8607,67.0011,openweathermap_historical,77.81176616597918,0.01,0.053395745665967505,43.8,0.39,60.603337101521575,90.90500565228237,0.5,4,18.331008604062216,75.56271400962612,8.98579810774514,243.04146138587578,1001,10000,Clouds,2,5,18,4,1,0,1,0.0,0.0,59.61476970512296,58.30858645454821,60.33335781535542,3.0,51.19033597106511,2.0
2026-04-18T03:00:00+00:00,Karachi,24.8607,67.0011,openweathermap_historical,79.52090783433013,0.01,0.03708544383225931,43.8,0.39,34.59493866826348,51.89240800239522,0.5,2,16.797667493734835,68.14352614803028,5.399953376858174,222.90147587099844,1001,10000,Clouds,3,5,18,4,1,0,1,0.0,0.0,53.33324934282772,54.82256789496464,59.16017610764848,3.0,32.98445706778444,4.0
2026-04-18T04:00:00+00:00,Karachi,24.8607,67.0011,openweathermap_historical,64.8306426144958,0.01,0.053077709272243055,43.8,0.39,56.60954256378878,84.91431384568317,0.5,3,21.173419013834692,66.53396942397116,8.138143687211686,226.81206970592586,1001,10000,Clouds,4,5,18,4,1,0,1,0.0,0.0,50.6026061111913,51.83724709106358,58.31950212904626,3.0,48.39467979465215,3.0
2026-04-18T05:00:00+00:00,Karachi,24.8607,67.0011,openweathermap_historical,81.42169858166618,0.01,0.03549074189461247,43.8,0.39,69.32905454293635,103.99358181440452,0.5,3,28.385057557113747,66.12766834818038,11.817747512082526,204.12097982954808,1001,10000,Clouds,5,5,18,4,1,0,1,0.0,0.0,53.51117859166288,56.562974148392904,59.56197250383202,2.6666666666666665,57.29833818005545,2.0
2026-04-18T06:00:00+00:00,Karachi,24.8607,67.0011,openweathermap_historical,89.43323282401819,0.01,0.031587727640836165,43.8,0.39,56.96658709003679,85.44988063505518,0.5,4,30.793497103575923,75.31288785874774,6.817339863810069,202.64618139281242,1001,10000,Clouds,6,5,18,4,1,0,1,0.0,0.0,60.968394732253984,57.15082203754084,59.55940202384076,3.3333333333333335,48.644610963025755,4.0
2026-04-18T07:00:00+00:00,Karachi,24.8607,67.0011,openweathermap_historical,73.37939539771172,0.01,0.015999543148261516,43.8,0.39,78.61102771347961,117.91654157021942,0.5,4,25.66996759502449,72.02930881753569,6.921347264195298,246.73655604882487,1001,10000,Clouds,7,5,18,4,1,1,1,0.0,0.0,68.30222311548427,59.45241461333777,59.75154620124119,3.6666666666666665,63.79571939943574,3.0
2026-04-18T08:00:00+00:00,Karachi,24.8607,67.0011,openweathermap_historical,79.08303462672195,0.01,0.030209118053352683,43.8,0.39,78.87824391509255,118.31736587263883,0.5,3,20.44231883369421,61.06391082356763,5.4461838062994,223.03504631383487,1001,10000,Clouds,8,5,18,4,1,1,1,0.0,0.0,71.48528623953634,62.498232415599595,60.77958627310246,3.6666666666666665,63.98277074056479,4.0
2026-04-18T09:00:00+00:00,Karachi,24.8607,67.0011,openweathermap_historical,66.91879187905124,0.01,0.023163741920513667,43.8,0.39,85.55888024456718,128.33832036685078,0.5,3,27.66086568464904,62.10391435259715,6.057464150507673,244.43754817368384,1001,10000,Clouds,9,5,18,4,1,1,1,0.0,0.0,81.01605062437979,70.99222267831688,60.15329427545736,3.3333333333333335,68.65921617119703,3.0
2026-04-18T10:00:00+00:00,Karachi,24.8607,67.0011,openweathermap_historical,77.95467536925544,0.01,0.021751941545511477,43.8,0.39,40.15417734954076,60.23126602431114,0.5,3,28.29377973991985,64.02550506959213,8.030257478362719,235.35604694439098,1001,10000,Clouds,10,5,18,4,1,0,1,0.0,0.0,68.19710050306684,68.24966180927555,58.56199636772998,3.0,36.875924144678535,2.0
2026-04-18T11:00:00+00:00,Karachi,24.8607,67.0011,openweathermap_historical,51.28390073832918,0.01,0.06834024212091241,43.8,0.39,53.980995440843515,80.97149316126527,0.5,3,16.729728498315176,61.745685325719066,8.347637185849596,252.1187512306214,1001,10000,Clouds,11,5,18,4,1,0,1,0.0,0.0,59.89801767831716,65.69165195892674,57.93889813007872,3.0,46.554696808590464,3.0
2026-04-18T12:00:00+00:00,Karachi,24.8607,67.0011,openweathermap_historical,86.20563156199572,0.01,0.023607521971316645,43.8,0.39,63.34058967931481,95.01088451897222,0.5,2,22.951442570491192,58.446765362228604,6.996353700357743,251.60825261829186,1001,10000,Clouds,12,5,18,4,1,0,1,0.0,0.0,52.49192082323304,66.75398572380641,59.37237575858793,2.6666666666666665,53.10641277552037,2.0
2026-04-18T13:00:00+00:00,Karachi,24.8607,67.0011,openweathermap_historical,82.58545917599682,0.01,0.06215088926484906,43.8,0.39,47.72676002834862,71.59014004252293,0.5,3,27.314275675585666,77.48672842398838,8.668566887620354,251.2912095435488,1001,10000,Clouds,13,5,18,4,1,0,1,0.0,0.0,55.016115049502325,61.60660777628457,59.20345507673943,2.6666666666666665,42.17673201984404,3.0
2026-04-18T14:00:00+00:00,Karachi,24.8607,67.0011,openweathermap_historical,77.35623501754594,0.01,0.0739181418843256,43.8,0.39,60.14377355251413,90.21566032877121,0.5,3,33.22766036295628,53.89026348573148,7.740285568318688,204.50555508698048,1001,10000,Clouds,14,5,18,4,1,0,1,0.0,0.0,57.0703744200592,58.48419604918817,59.97528820117125,2.6666666666666665,50.8686414867599,4.0
2026-04-18T15:00:00+00:00,Karachi,24.8607,67.0011,openweathermap_historical,86.87213382442937,0.01,0.08163013327054476,43.8,0.39,68.0625087168857,102.09376307532855,0.5,3,25.239440542201994,70.19379980144818,8.126665038045516,244.07610701615758,1001,10000,Clouds,15,5,18,4,1,0,1,0.0,0.0,58.64434743258283,55.56813412790792,61.045496942047635,3.0,56.411756101819996,3.0
2026-04-18T16:00:00+00:00,Karachi,24.8607,67.0011,openweathermap_historical,69.79732849235039,0.01,0.06839889653434686,43.8,0.39,59.00493604294807,88.5074040644221,0.5,2,21.408430503755874,80.2335468484436,9.256781969248562,249.1619987597102,1001,10000,Clouds,16,5,18,4,1,0,1,0.0,0.0,62.40373943744931,58.70992724347582,60.90661616285798,2.6666666666666665,50.07145523006365,3.0
2026-04-18T17:00:00+00:00,Karachi,24.8607,67.0011,openweathermap_historical,78.81416434866696,0.01,0.05676313941397508,43.8,0.39,61.8877403015303,92.83161045229545,0.5,3,25.34178053141335,68.3068843415229,6.224187028316642,232.8555577371106,1001,10000,Clouds,17,5,18,4,1,1,1,0.0,0.0,62.985061687121366,60.02771805359027,61.50852782763908,2.6666666666666665,52.08941821107122,3.0
2026-04-18T18:00:00+00:00,Karachi,24.8607,67.0011,openweathermap_historical,71.34746756335979,0.01,0.03198587297572458,43.8,0.39,52.532163251523826,78.79824487728574,0.5,3,22.78718975130741,68.21711760897227,8.405035021522922,228.86912951217772,1001,10000,Clouds,18,5,18,4,1,1,1,0.0,0.0,57.80827986533407,58.22631364895844,60.49671462339759,2.6666666666666665,45.54051427606668,3.0
2026-04-18T19:00:00+00:00,Karachi,24.8607,67.0011,openweathermap_historical,66.15001942340065,0.01,0.03409955497902444,43.8,0.39,77.19961249253814,115.7994187388072,0.5,4,27.589569787428736,84.44941793137588,4.459894068741467,241.75351958632956,1001,10000,Clouds,19,5,18,4,1,1,1,0.0,0.0,63.87317201519743,63.138455726323365,60.547533563711625,3.3333333333333335,62.807728744776696,3.0
2026-04-18T20:00:00+00:00,Karachi,24.8607,67.0011,openweathermap_historical,83.17390158159448,0.01,0.03710301932705496,43.8,0.39,73.9427588988669,110.91413834830036,0.5,3,27.945191390811484,66.02303937058193,8.342919712882116,249.0574648607967,1001,10000,Clouds,20,5,18,4,1,1,1,0.0,0.0,67.89151154764296,65.43828661738216,61.182325384179535,3.3333333333333335,60.52793122920683,3.0
2026-04-18T21:00:00+00:00,Karachi,24.8607,67.0011,openweathermap_historical,81.46237600109572,0.01,0.06384039015779557,43.8,0.39,81.71043001391809,122.56564502087713,0.5,3,25.203587357248033,63.91616244671512,10.83019133591902,228.61903839826977,1001,10000,Clouds,21,5,18,4,1,0,1,0.0,0.0,77.61760046844104,67.71294016688755,62.27396621701925,3.3333333333333335,65.96530100974266,3.0
2026-04-18T22:00:00+00:00,Karachi,24.8607,67.0011,openweathermap_historical,81.44135363547416,0.01,0.059317648241382546,43.8,0.39,39.593095413264436,59.389643119896654,0.5,3,28.43839397445005,72.36718742159907,4.748864374160005,259.4753801176434,1001,10000,Clouds,22,5,18,4,1,0,1,0.0,0.0,65.08209477534982,64.4776333952736,60.81861738477213,3.0,36.48316678928511,3.0
2026-04-18T23:00:00+00:00,Karachi,24.8607,67.0011,openweathermap_historical,72.81820189133947,0.01,0.054396317182464585,43.8,0.39,53.473289483552165,80.20993422532825,0.5,2,28.924226930010285,53.90182922356337,5.3493079082644,190.67221411999645,1001,10000,Clouds,23,5,18,4,1,0,1,0.0,0.0,58.25893830357824,63.07522492561059,61.339392271630125,2.6666666666666665,46.199302638486515,2.0
2026-04-19T00:00:00+00:00,Karachi,24.8607,67.0011,openweathermap_historical,84.37867780702392,0.01,0.06993057091040919,43.8,0.39,59.409756443014146,89.11463466452122,0.5,2,34.3370048738711,78.12693815625116,7.545383679163184,242.1969225057514,1001,10000,Clouds,0,6,19,4,1,0,1,0.0,0.0,50.82538044661026,64.22149045752565,61.588152966957836,2.3333333333333335,50.35482951010991,3.0
2026-04-19T01:00:00+00:00,Karachi,24.8607,67.0011,openweathermap_historical,75.13028543407928,0.01,-0.00856945022440421,43.8,0.39,61.10524251312449,91.65786376968673,0.5,4,28.987471532835286,80.52004059709549,7.209001536717999,243.21007678463124,1001,10000,Clouds,1,6,19,4,1,0,1,0.0,0.0,57.99609614656361,61.53909546095671,61.4341433942256,2.6666666666666665,51.541669759187144,3.0
2026-04-19T02:00:00+00:00,Karachi,24.8607,67.0011,openweathermap_historical,82.11882589271745,0.01,0.03454107298485561,43.8,0.39,53.23451744203002,79.85177616304503,0.5,2,22.595307842933654,50.00400637479135,4.8563370589730095,265.5769396100818,1001,10000,Clouds,2,6,19,4,1,0,1,0.0,0.0,57.91650546605623,58.08772188481722,61.12710924174679,2.6666666666666665,46.03216220942102,3.0
2026-04-19T03:00:00+00:00,Karachi,24.8607,67.0011,openweathermap_historical,70.61616972060048,0.01,0.03171268234010907,43.8,0.39,58.46063690547223,87.69095535820834,0.5,4,29.170609157387986,60.873226693729315,11.003954257629697,221.6347363331905,1001,10000,Clouds,3,6,19,4,1,0,1,0.0,0.0,57.600132286875585,54.212756366742916,62.12151333496382,3.3333333333333335,49.690445833830566,2.0
2026-04-19T04:00:00+00:00,Karachi,24.8607,67.0011,openweathermap_historical,70.34698792543877,0.01,0.03920537611943021,43.8,0.39,78.08304954921607,117.1245743238241,0.5,3,29.44739175394176,57.1709326215531,3.9561768617864272,270.33965142925933,1001,10000,Clouds,4,6,19,4,1,0,1,0.0,0.0,63.25940129890611,60.62774872273485,63.01624279268995,3.0,63.426134684451256,2.0
2026-04-19T05:00:00+00:00,Karachi,24.8607,67.0011,openweathermap_historical,74.26837643463142,0.01,0.04840796445373779,43.8,0.39,69.84368018467852,104.76552027701777,0.5,2,26.44535655891293,79.21894410281814,7.465513726075647,198.42450833139833,1001,10000,Clouds,5,6,19,4,1,0,1,0.0,0.0,68.79578887978896,63.35614717292257,63.03768552776254,3.0,57.65857612927496,3.0
2026-04-19T06:00:00+00:00,Karachi,24.8607,67.0011,openweathermap_historical,86.2455881818842,0.01,-0.01582499866738348,43.8,0.39,39.38623639224015,59.079354588360225,0.5,4,17.860432615408506,66.35235158961859,10.199012929742972,231.21777561239273,1001,10000,Clouds,6,6,19,4,1,0,1,0.0,0.0,62.437655375378256,60.01889383112691,62.30517091535435,3.0,36.33836547456811,4.0
2026-04-19T07:00:00+00:00,Karachi,24.8607,67.0011,openweathermap_historical,76.6166361049408,0.01,0.04889088945983476,43.8,0.39,21.120426906386577,31.680640359579865,0.5,3,29.1731690940006,49.027758409403475,8.655055453218056,271.5947157514511,1001,10000,Clouds,7,6,19,4,1,1,1,0.0,0.0,43.45011449443509,53.354757896670584,59.90972921505881,3.0,23.552298834470605,5.0
2026-04-19T08:00:00+00:00,Karachi,24.8607,67.0011,openweathermap_historical,76.85177007577438,0.01,0.04243966194285653,43.8,0.39,106.16616052124674,159.2492407818701,0.5,4,30.02164078590258,94.52454684098463,8.50745450078929,217.2251155953432,1001,10000,Clouds,8,6,19,4,1,1,1,0.0,0.0,55.557607939957826,62.17669840987338,61.04672574031523,3.6666666666666665,83.08431236487272,4.0
2026-04-19T09:00:00+00:00,Karachi,24.8607,67.0011,openweathermap_historical,83.62419886103838,0.01,0.012338647465311894,43.8,0.39,77.85232165135376,116.77848247703065,0.5,3,27.912458067710737,61.240806018173856,7.636386011162976,249.30339398924087,1001,10000,Clouds,9,6,19,4,1,1,1,0.0,0.0,68.37963635966237,65.40864586752029,60.725619132264676,3.3333333333333335,63.26462515594764,3.0
2026-04-19T10:00:00+00:00,Karachi,24.8607,67.0011,openweathermap_historical,86.16884947434922,0.01,0.022325056732915714,43.8,0.39,77.89719769658302,116.84579654487453,0.5,2,29.82875972727111,66.91765935787221,8.413426771728266,243.97335534883612,1001,10000,Clouds,10,6,19,4,1,0,1,0.0,0.0,87.30522662306119,65.37767055874812,62.29824498005811,3.0,63.29603838760812,3.0
2026-04-19T11:00:00+00:00,Karachi,24.8607,67.0011,openweathermap_historical,100.9698328461259,0.01,0.08009543608729675,43.8,0.39,51.126359339215895,76.68953900882384,0.5,3,24.083164341150013,66.4662679886103,5.394807644659103,249.19464197890153,1001,10000,Clouds,11,6,19,4,1,0,1,0.0,0.0,68.95862622905089,62.25811708450436,62.17930180915695,2.6666666666666665,44.55645153745113,3.0
2026-04-19T12:00:00+00:00,Karachi,24.8607,67.0011,openweathermap_historical,72.48867518676019,0.01,0.039287987900010785,43.8,0.39,57.81858688519178,86.72788032778766,0.5,2,14.424360470799552,72.18159427036747,7.080829328169761,224.78567665189814,1001,10000,Clouds,12,6,19,4,1,0,1,0.0,0.0,62.280714640330245,65.3301754999963,61.94921835940183,2.3333333333333335,49.24101081963425,4.0
2026-04-19T13:00:00+00:00,Karachi,24.8607,67.0011,openweathermap_historical,75.75249681630793,0.01,0.04464171088694796,43.8,0.39,53.169272815076084,79.75390922261413,0.5,3,25.385966908953314,50.65114839738289,5.84256350789914,250.09615150009554,1001,10000,Clouds,13,6,19,4,1,0,1,0.0,0.0,54.03807301316126,70.67164981811122,62.17598972551547,2.6666666666666665,45.98649097055326,3.0
2026-04-19T14:00:00+00:00,Karachi,24.8607,67.0011,openweathermap_historical,70.83241668023626,0.01,0.01807037804616379,43.8,0.39,69.97707171639114,104.9656075745867,0.5,4,17.2205999531391,68.09015921098579,8.80142929947362,191.2369805167857,1001,10000,Clouds,14,6,19,4,1,0,1,0.0,0.0,60.32164380555301,64.64013501730194,62.58571048234367,3.0,57.7519502014738,3.0
2026-04-19T15:00:00+00:00,Karachi,24.8607,67.0011,openweathermap_historical,84.41888771701954,0.01,0.06572817711588827,43.8,0.39,53.18095405121621,79.77143107682431,0.5,3,16.87619203681141,75.1904480293114,6.456993672425917,208.04378068765092,1001,10000,Clouds,15,6,19,4,1,0,1,0.0,0.0,58.77576619422782,60.52824041727902,61.96564570460745,3.3333333333333335,45.994667835851345,3.0
2026-04-19T16:00:00+00:00,Karachi,24.8607,67.0011,openweathermap_historical,80.53486854412019,0.01,0.024636146636116442,43.8,0.39,73.60912316325098,110.41368474487648,0.5,3,27.158863619289548,82.27415587831763,7.533805586971647,234.4852505421107,1001,10000,Clouds,16,6,19,4,1,0,1,0.0,0.0,65.58904964361945,59.81356132839036,62.57415350128673,3.3333333333333335,60.29438621427569,2.0
2026-04-19T17:00:00+00:00,Karachi,24.8607,67.0011,openweathermap_historical,64.43649811281459,0.01,0.04490360584903131,43.8,0.39,70.8451256343886,106.2676884515829,0.5,3,38.32966893099247,49.95076366374701,6.522251946459045,229.07189908021326,1001,10000,Clouds,17,6,19,4,1,1,1,0.0,0.0,65.87840094961861,63.100022377585795,62.94737789015583,3.0,58.35958794407202,3.0
2026-04-19T18:00:00+00:00,Karachi,24.8607,67.0011,openweathermap_historical,77.54873783678943,0.01,0.04002424374401514,43.8,0.39,55.74561350708836,83.61842026063253,0.5,3,19.070678556947886,56.29414933974548,5.643265814990832,219.53006114937804,1001,10000,Clouds,18,6,19,4,1,1,1,0.0,0.0,66.73328743490931,62.75452681456856,63.081271650804354,3.0,47.78992945496185,3.0
2026-04-19T19:00:00+00:00,Karachi,24.8607,67.0011,openweathermap_historical,75.43068299374848,0.01,0.034120531635962716,43.8,0.39,78.14263557980553,117.21395336970829,0.5,3,26.32248076453098,53.24450972324115,8.788608092499894,250.25931716372244,1001,10000,Clouds,19,6,19,4,1,1,1,0.0,0.0,68.2444582404275,66.91675394202348,63.120564279440494,3.0,63.46784490586387,3.0
2026-04-19T20:00:00+00:00,Karachi,24.8607,67.0011,openweathermap_historical,79.03584200477876,0.01,0.03139028625386932,43.8,0.39,60.14231268676783,90.21346903015174,0.5,3,32.20301553860934,66.72043887815967,10.01820173175169,208.44423030418272,1001,10000,Clouds,20,6,19,4,1,1,1,0.0,0.0,64.67685392455391,65.27762743708625,62.5455456872697,3.0,50.86761888073748,4.0
2026-04-19T21:00:00+00:00,Karachi,24.8607,67.0011,openweathermap_historical,79.075257258201,0.01,0.047976323768367066,43.8,0.39,77.3702060774075,116.05530911611126,0.5,3,21.412021622418177,79.80870643766093,9.905641904494825,262.072303271424,1001,10000,Clouds,21,6,19,4,1,0,1,0.0,0.0,71.88505144799363,69.30916944145146,62.36470302324842,3.0,62.92714425418525,4.0
2026-04-19T22:00:00+00:00,Karachi,24.8607,67.0011,openweathermap_historical,77.89707603713148,0.01,0.01996850107513729,43.8,0.39,53.81234349304196,80.71851523956293,0.5,3,23.525081396383126,79.29553803610666,7.448965711827939,230.35264403921656,1001,10000,Clouds,22,6,19,4,1,0,1,0.0,0.0,63.774954085739104,66.0097061630833,62.957171693239154,3.0,46.43664044512937,3.0
2026-04-19T23:00:00+00:00,Karachi,24.8607,67.0011,openweathermap_historical,73.87364492411626,0.01,0.03990032947143639,43.8,0.39,77.90858590889947,116.86287886334921,0.5,2,19.563288170460407,72.22178654542772,9.051974462571788,246.57958198045682,1001,10000,Clouds,23,6,19,4,1,0,1,0.0,0.0,69.69704515978297,67.18694954216843,63.975309044295294,2.6666666666666665,63.304010136229635,3.0
2026-04-20T00:00:00+00:00,Karachi,24.8607,67.0011,openweathermap_historical,67.40451357409592,0.01,0.08810363410592661,43.8,0.39,31.32450132520422,46.98675198780633,0.5,3,24.054100848567924,77.86512930758215,6.757800720913738,275.66677923637525,1001,10000,Clouds,0,0,20,4,0,0,1,0.0,0.0,54.34847690904855,63.11676417852107,62.80509008105321,2.6666666666666665,30.695150927642956,3.0
2026-04-20T01:00:00+00:00,Karachi,24.8607,67.0011,openweathermap_historical,64.34764079803233,0.01,0.0678829952373935,43.8,0.39,74.59321512539198,111.88982268808797,0.5,3,17.747091917722578,79.67122473212424,8.28239616581459,239.48570956460995,1001,10000,Clouds,1,0,20,4,0,0,1,0.0,0.0,61.27543411983189,62.5251941027855,63.367088939897684,2.6666666666666665,60.98325058777439,3.0
2026-04-20T02:00:00+00:00,Karachi,24.8607,67.0011,openweathermap_historical,73.13542283132598,0.01,0.035281050893446006,43.8,0.39,45.75151566455384,68.62727349683077,0.5,3,25.39510159088993,51.234619631466806,7.9491980558789095,258.02750156795395,1001,10000,Clouds,2,0,20,4,0,0,1,0.0,0.0,50.55641070505002,60.12672793241649,63.05529719916951,3.0,40.7940609651877,4.0
2026-04-20T03:00:00+00:00,Karachi,24.8607,67.0011,openweathermap_historical,78.67003610418818,0.01,0.008054355523046564,43.8,0.39,47.23420175617605,70.85130263426407,0.5,2,11.982407965061357,62.057191620865844,7.020152705122458,245.41737605643266,1001,10000,Clouds,3,0,20,4,0,0,1,0.0,0.0,55.85964418204063,55.10406054554459,62.58752906794884,2.6666666666666665,41.831941229323235,3.0
2026-04-20T04:00:00+00:00,Karachi,24.8607,67.0011,openweathermap_historical,88.00953280150844,0.01,0.021629770337087503,43.8,0.39,38.03096793665004,57.046451904975065,0.5,2,24.953148878330786,66.44680814694985,6.094419531245755,255.43866373845287,1001,10000,Clouds,4,0,20,4,0,0,1,0.0,0.0,43.67222845245999,52.47383128614593,60.91869233409193,2.3333333333333335,35.389677555655034,3.0
2026-04-20T05:00:00+00:00,Karachi,24.8607,67.0011,openweathermap_historical,77.94680230467577,0.01,0.011670770415659688,43.8,0.39,82.89831174176337,124.34746761264505,0.5,3,19.655061610917684,71.31204381383218,9.014322069090873,219.45060749824017,1001,10000,Clouds,5,0,20,4,0,0,1,0.0,0.0,56.05449381152983,53.305452258289925,61.46263531563713,2.3333333333333335,66.79681821923437,3.0
2026-04-20T06:00:00+00:00,Karachi,24.8607,67.0011,openweathermap_historical,58.352000369827245,0.01,0.026451522492515714,43.8,0.39,83.46025140795936,125.19037711193904,0.5,4,30.748691094346796,77.87152742085277,7.206309317848232,199.28001063913442,1001,10000,Clouds,6,0,20,4,0,0,1,0.0,0.0,68.12984369545761,61.99474393874911,63.299052607958764,3.0,67.19017598557156,4.0
2026-04-20T07:00:00+00:00,Karachi,24.8607,67.0011,openweathermap_historical,87.90697401784803,0.01,0.04636888461039173,43.8,0.39,65.66039450352928,98.4905917552939,0.5,5,24.89078776541887,47.63986944650185,5.761058447619282,256.6329733805041,1001,10000,Clouds,7,0,20,4,0,1,1,0.0,0.0,77.339652551084,60.505940501771995,65.15488459117303,4.0,54.730276152470495,4.0
2026-04-20T08:00:00+00:00,Karachi,24.8607,67.0011,openweathermap_historical,72.6727626282278,0.01,0.054578642148005806,43.8,0.39,78.17689803655487,117.26534705483232,0.5,4,25.77185656781054,59.29974267854405,8.043885804939714,263.3796459207436,1001,10000,Clouds,8,0,20,4,0,1,1,0.0,0.0,75.76584798268118,65.91017089710549,63.98866532097755,4.333333333333333,63.49182862558841,4.0
2026-04-20T09:00:00+00:00,Karachi,24.8607,67.0011,openweathermap_historical,88.74465368175792,0.01,0.04528716739416629,43.8,0.39,56.586514176311816,84.87977126446772,0.5,3,19.45239405598953,62.736355829743374,8.874149442839485,230.3333451048348,1001,10000,Clouds,9,0,20,4,0,1,1,0.0,0.0,66.807935572132,67.46888963379479,63.10259000951746,4.0,48.37855992341827,3.0
2026-04-20T10:00:00+00:00,Karachi,24.8607,67.0011,openweathermap_historical,78.25148085775056,0.01,0.07202067531867562,43.8,0.39,74.09497398182555,111.14246097273832,0.5,3,19.959370514025416,63.05037920168071,4.218723591799208,246.4966729206594,1001,10000,Clouds,10,0,20,4,0,0,1,0.0,0.0,69.61946206489743,73.4795573079907,62.94416402140257,3.3333333333333335,60.63448178727789,2.0
2026-04-20T11:00:00+00:00,Karachi,24.8607,67.0011,openweathermap_historical,72.89490672799079,0.01,0.040133126330637175,43.8,0.39,58.58229394994865,87.87344092492297,0.5,3,31.78767549140952,66.7003509953052,5.823439774656685,238.83914249188174,1001,10000,Clouds,11,0,20,4,0,0,1,0.0,0.0,63.08792736936201,69.42688767602158,63.25482796351644,3.0,49.775605764964055,2.0
2026-04-20T12:00:00+00:00,Karachi,24.8607,67.0011,openweathermap_historical,73.16005122206283,0.01,0.021787129792390125,43.8,0.39,42.77645935008631,64.16468902512946,0.5,4,29.465382484864186,60.362984091785684,9.235563195622941,204.892978717476,1001,10000,Clouds,12,0,20,4,0,0,1,0.0,0.0,58.48457576062018,62.64625566637608,62.6280726495537,3.3333333333333335,38.711521545060414,3.0
2026-04-20T13:00:00+00:00,Karachi,24.8607,67.0011,openweathermap_historical,86.467364615846,0.01,0.019207272270945354,43.8,0.39,63.125975147443285,94.68896272116493,0.5,3,27.494007034502406,71.22260471883627,8.822872698708503,207.61864905012214,1001,10000,Clouds,13,0,20,4,0,0,1,0.0,0.0,54.828242815826094,62.223852440361746,63.042935246735674,3.3333333333333335,52.95618260321031,3.0
2026-04-20T14:00:00+00:00,Karachi,24.8607,67.0011,openweathermap_historical,70.96857069925981,0.01,0.03069427314448981,43.8,0.39,65.46194999920998,98.19292499881496,0.5,3,15.24952761574622,69.71852444675196,5.375981381290293,233.1860558517066,1001,10000,Clouds,14,0,20,4,0,0,1,0.0,0.0,57.1214614989132,60.1046944341376,62.85480517518646,3.3333333333333335,54.59136499944699,3.0
2026-04-20T15:00:00+00:00,Karachi,24.8607,67.0011,openweathermap_historical,74.14397634411976,0.01,0.03271617414624736,43.8,0.39,76.13462005914235,114.20193008871352,0.5,3,29.924703106782182,61.374454058374475,7.045173194736348,232.2659001873684,1001,10000,Clouds,15,0,20,4,0,0,1,0.0,0.0,68.24084840193187,63.362712081276015,63.81120792551672,3.0,62.06223404139965,3.0
2026-04-20T16:00:00+00:00,Karachi,24.8607,67.0011,openweathermap_historical,66.64908246033613,0.01,0.03537780537811937,43.8,0.39,70.20526055825738,105.30789083738607,0.5,2,18.131300811318795,53.56094173308802,4.977694072070728,249.33402325910288,1001,10000,Clouds,16,0,20,4,0,0,1,0.0,0.0,70.60061020553658,62.71442651068133,63.66938031697532,2.6666666666666665,57.91168239078017,3.0
2026-04-20T17:00:00+00:00,Karachi,24.8607,67.0011,openweathermap_historical,90.93330126587051,0.01,0.05852902365907624,43.8,0.39,90.47469559890682,135.71204339836024,0.5,3,24.445260397340082,76.57289485284875,8.08752368506158,227.62962122886344,1001,10000,Clouds,17,0,20,4,0,1,1,0.0,0.0,78.9381920721022,68.02982678550768,64.4872790654969,2.6666666666666665,72.10028691923478,2.0
2026-04-20T18:00:00+00:00,Karachi,24.8607,67.0011,openweathermap_historical,70.10596706433817,0.01,0.07085201626808785,43.8,0.39,66.64452736132998,99.96679104199497,0.5,3,32.466874080599425,65.82734012353772,5.504964961251655,244.6651408318602,1001,10000,Clouds,18,0,20,4,0,1,1,0.0,0.0,75.77482783949807,72.00783812071496,64.94140047609031,2.6666666666666665,55.41916915293099,3.0
2026-04-20T19:00:00+00:00,Karachi,24.8607,67.0011,openweathermap_historical,61.02947378257839,0.01,0.03344622058425995,43.8,0.39,62.98931282544842,94.48396923817263,0.5,3,26.87256826489047,59.81875678537762,4.160688981367306,237.41569042931965,1001,10000,Clouds,19,0,20,4,0,1,1,0.0,0.0,73.36951192856175,71.98506106704916,64.3100120279921,3.0,52.860518977813896,2.0
2026-04-20T20:00:00+00:00,Karachi,24.8607,67.0011,openweathermap_historical,80.0737675748086,0.01,0.03148077778201846,43.8,0.39,93.6067702860977,140.41015542914656,0.5,4,29.54489195533685,71.2677815563997,5.365334893246832,205.0020838245038,1001,10000,Clouds,20,0,20,4,0,1,1,0.0,0.0,74.41353682429205,76.6758644481971,65.70436442796417,3.3333333333333335,74.29273920026839,3.0
2026-04-20T21:00:00+00:00,Karachi,24.8607,67.0011,openweathermap_historical,88.26011502543525,0.01,0.06564669888597496,43.8,0.39,51.142388391057544,76.71358258658631,0.5,4,30.08080266874577,68.4863797349382,5.982170299314898,240.6469049460368,1001,10000,Clouds,21,0,20,4,0,0,1,0.0,0.0,69.24615716753456,72.51049250351632,64.61153869103292,3.6666666666666665,44.56767187374028,2.0
2026-04-20T22:00:00+00:00,Karachi,24.8607,67.0011,openweathermap_historical,72.72923866796047,0.01,0.04287048688726819,43.8,0.39,57.502691585449014,86.25403737817352,0.5,3,20.062607219841766,58.4217623328776,3.6729400070779272,201.65507144438817,1001,10000,Clouds,22,0,20,4,0,0,1,0.0,0.0,67.41728342086809,70.3933976747149,64.76530319488323,3.6666666666666665,49.01988410981431,3.0
2026-04-20T23:00:00+00:00,Karachi,24.8607,67.0011,openweathermap_historical,66.66635641284607,0.01,0.06275545403565924,43.8,0.39,58.496808838789875,87.7452132581848,0.5,3,14.642246335599047,76.58687150382498,3.843059759389987,223.48302901094326,1001,10000,Clouds,23,0,20,4,0,0,1,0.0,0.0,55.713962938432154,65.06374988136209,63.956479150295316,3.3333333333333335,49.715766187152916,3.0
2026-04-21T00:00:00+00:00,Karachi,24.8607,67.0011,openweathermap_historical,78.85848839048242,0.01,0.05153680340665197,43.8,0.39,61.548602556606696,92.32290383491005,0.5,3,14.96178669150736,72.2932545181721,5.568360246712639,240.56908140611418,1001,10000,Clouds,0,1,21,4,0,0,1,0.0,0.0,59.18270099361521,64.21442908057487,65.21581670160376,3.0,51.852021789624686,3.0
2026-04-21T01:00:00+00:00,Karachi,24.8607,67.0011,openweathermap_historical,66.58928531722876,0.01,0.05524818588354144,43.8,0.39,41.055740175748866,61.5836102636233,0.5,3,31.809196485144625,59.29094559609766,7.433528860520972,220.09860045701976,1001,10000,Clouds,1,1,21,4,0,0,1,0.0,0.0,53.700383857048486,60.55883363895828,63.8184219120353,3.0,37.50701812302421,3.0
2026-04-21T02:00:00+00:00,Karachi,24.8607,67.0011,openweathermap_historical,88.9417159570529,0.01,0.02779332908770655,43.8,0.39,81.5440448259283,122.31606723889244,0.5,4,28.395838739868037,71.9678303912886,9.475932264580052,206.65574100642917,1001,10000,Clouds,2,1,21,4,0,0,1,0.0,0.0,61.3827958527613,58.548379395596704,65.30977729375924,3.3333333333333335,65.84883137814981,2.0
2026-04-21T03:00:00+00:00,Karachi,24.8607,67.0011,openweathermap_historical,64.92184918451547,0.01,0.07207522351626452,43.8,0.39,69.77660784370158,104.66491176555238,0.5,3,23.806605903457683,66.31410898602172,6.936427622640944,242.64648013075762,1001,10000,Clouds,3,1,21,4,0,0,1,0.0,0.0,64.12546428179293,61.65408263770405,66.2490442140728,3.3333333333333335,57.61162549059111,3.0
2026-04-21T04:00:00+00:00,Karachi,24.8607,67.0011,openweathermap_historical,64.62722255460537,0.01,0.025754209622816156,43.8,0.39,61.810938408888134,92.7164076133322,0.5,3,26.967979508393796,62.06164806707665,9.343883252482929,200.09924830527768,1001,10000,Clouds,4,1,21,4,0,0,1,0.0,0.0,71.04386369283935,62.37212377494391,67.2398763170827,3.3333333333333335,52.035656886221695,3.0
2026-04-21T05:00:00+00:00,Karachi,24.8607,67.0011,openweathermap_historical,68.2222239189645,0.01,0.028999850762589423,43.8,0.39,58.03841154240033,87.0576173136005,0.5,3,32.8083985846619,77.15762324453276,7.4887516583285105,256.30475108556385,1001,10000,Clouds,5,1,21,4,0,0,1,0.0,0.0,63.208652598330026,62.295724225545655,66.20404714210925,3.0,49.394888079680236,3.0
2026-04-21T06:00:00+00:00,Karachi,24.8607,67.0011,openweathermap_historical,68.60581490548367,0.01,0.03973983950368656,43.8,0.39,77.7065767440836,116.55986511612541,0.5,4,30.20902949993067,61.653637187116075,5.543052471597177,210.78374410380434,1001,10000,Clouds,6,1,21,4,0,0,1,0.0,0.0,65.85197556512404,64.98871992345848,65.9643106977811,3.3333333333333335,63.16260372085853,4.0
2026-04-21T07:00:00+00:00,Karachi,24.8607,67.0011,openweathermap_historical,63.91337906528674,0.01,0.01674677051217147,43.8,0.39,107.51738662112017,161.27607993168024,0.5,4,26.97395242240603,68.09037317819032,9.094155893498906,248.799718749241,1001,10000,Clouds,7,1,21,4,0,1,1,0.0,0.0,81.08745830253473,76.06566099768702,67.70835203601406,3.6666666666666665,84.03017063478413,4.0
2026-04-21T08:00:00+00:00,Karachi,24.8607,67.0011,openweathermap_historical,73.86673485307655,0.01,0.037149948275805804,43.8,0.39,57.295171967049875,85.94275795057482,0.5,4,30.399649794021634,68.87821556700304,5.166404931384453,208.17390124963075,1001,10000,Clouds,8,1,21,4,0,1,1,0.0,0.0,80.83971177741789,72.02418218787396,66.83828011645134,4.0,48.874620376934914,5.0
2026-04-21T09:00:00+00:00,Karachi,24.8607,67.0011,openweathermap_historical,86.26395515366893,0.01,0.03401032356920694,43.8,0.39,69.20386086893707,103.80579130340561,0.5,3,24.149434896671423,57.50644804661542,8.399923437589006,200.28730563471117,1001,10000,Clouds,9,1,21,4,0,1,1,0.0,0.0,78.00547315236905,71.92872435874652,67.36400289531072,3.6666666666666665,57.21070260825596,4.0
2026-04-21T10:00:00+00:00,Karachi,24.8607,67.0011,openweathermap_historical,61.491521853536426,0.01,0.08463328065219017,43.8,0.39,51.680081531855336,77.520122297783,0.5,2,22.823158572272664,68.69756593115191,7.96283873654456,245.57723383792552,1001,10000,Clouds,10,1,21,4,0,0,1,0.0,0.0,59.39303812261411,70.2402482125744,66.43004904322864,3.0,44.94405707229874,3.0
2026-04-21T11:00:00+00:00,Karachi,24.8607,67.0011,openweathermap_historical,81.01496919523805,0.01,0.022306950662452796,43.8,0.39,59.61730316626792,89.42595474940188,0.5,2,28.015089614026984,64.76461193109057,5.34929969176903,237.95674553982886,1001,10000,Clouds,11,1,21,4,0,0,1,0.0,0.0,60.16708185568678,70.50339681655232,66.47317442724194,2.3333333333333335,50.50011221638755,2.0
2026-04-21T12:00:00+00:00,Karachi,24.8607,67.0011,openweathermap_historical,77.77535209905032,0.01,0.043422576207577925,43.8,0.39,62.656982986003605,93.9854744790054,0.5,3,22.201577665286653,57.58583603587586,7.337346687248619,204.5955807347032,1001,10000,Clouds,12,1,21,4,0,0,1,0.0,0.0,57.984789228042295,67.99513119020567,67.3015295787385,2.3333333333333335,52.627888090202525,3.0
2026-04-21T13:00:00+00:00,Karachi,24.8607,67.0011,openweathermap_historical,54.262942975369555,0.01,0.02378956169493737,43.8,0.39,68.81093252734229,103.21639879101343,0.5,3,19.579674845000383,71.66411757756342,3.457631578120545,254.17921400220433,1001,10000,Clouds,13,1,21,4,0,0,1,0.0,0.0,63.69507289320461,61.54405550790935,67.53840280290096,2.6666666666666665,56.93565276913961,2.0
2026-04-21T14:00:00+00:00,Karachi,24.8607,67.0011,openweathermap_historical,78.61328161906391,0.01,0.03618328677305488,43.8,0.39,60.311374481317685,90.46706172197653,0.5,3,20.275186589276068,53.406667339697144,7.859318682182469,191.94888526824644,1001,10000,Clouds,14,1,21,4,0,0,1,0.0,0.0,63.9264299982212,62.04675592695398,67.32379548965544,3.0,50.98596213692238,4.0
2026-04-21T15:00:00+00:00,Karachi,24.8607,67.0011,openweathermap_historical,80.85096303986755,0.01,0.06382257968486879,43.8,0.39,99.86594174725761,149.79891262088643,0.5,3,28.537540158144374,65.66948346803478,7.099395046537446,245.83825777280143,1001,10000,Clouds,15,1,21,4,0,0,1,0.0,0.0,76.32941625197253,67.1571027400074,68.31260055999357,3.0,78.67415922308032,3.0
2026-04-21T16:00:00+00:00,Karachi,24.8607,67.0011,openweathermap_historical,58.933187727128995,0.01,0.02314294333468651,43.8,0.39,56.233243730275674,84.34986559541352,0.5,3,31.890406985553895,66.16983634566573,9.05345080774157,226.4571744964146,1001,10000,Clouds,16,1,21,4,0,0,1,0.0,0.0,72.136853319617,67.91596310641079,67.730433192161,3.0,48.131270611192974,4.0
2026-04-21T17:00:00+00:00,Karachi,24.8607,67.0011,openweathermap_historical,76.86149962423767,0.01,0.029641751511803267,43.8,0.39,69.29657883460928,103.94486825191392,0.5,2,25.90447930536458,71.28697223897858,3.6488912763152697,255.13441888302475,1001,10000,Clouds,17,1,21,4,0,1,1,0.0,0.0,75.13192143738085,69.52917571780102,66.84801166031528,2.6666666666666665,57.2756051842265,3.0
2026-04-21T18:00:00+00:00,Karachi,24.8607,67.0011,openweathermap_historical,74.5955277913332,0.01,0.02531086255735697,43.8,0.39,80.1359141651679,120.20387124775186,0.5,3,28.95525873743341,77.57889881644213,7.630100793187445,214.2743258154097,1001,10000,Clouds,18,1,21,4,0,1,1,0.0,0.0,68.5552455766843,72.44233091432841,67.41015277714185,2.6666666666666665,64.86313991561754,2.0
2026-04-21T19:00:00+00:00,Karachi,24.8607,67.0011,openweathermap_historical,67.20392056780062,0.01,0.0636698731291877,43.8,0.39,82.74841473030413,124.1226220954562,0.5,2,24.967138360675474,64.52215763526425,7.770363565598007,244.18153840213878,1001,10000,Clouds,19,1,21,4,0,1,1,0.0,0.0,77.39363591002711,74.76524461482205,68.23344868984417,2.3333333333333335,66.6918903112129,4.0
2026-04-21T20:00:00+00:00,Karachi,24.8607,67.0011,openweathermap_historical,75.64438573110813,0.01,0.0498713047894752,43.8,0.39,83.52719966708936,125.29079950063405,0.5,3,23.499833807250287,61.43151292100926,7.870570976185007,236.03232088030364,1001,10000,Clouds,20,1,21,4,0,1,1,0.0,0.0,82.13717618752048,78.63454881245066,67.81346658071882,2.6666666666666665,67.23703976696257,3.0
2026-04-21T21:00:00+00:00,Karachi,24.8607,67.0011,openweathermap_historical,62.830806840127366,0.01,0.00012053303214410588,43.8,0.39,78.52285388839783,117.78428083259675,0.5,2,28.802695340711747,59.728835122929254,6.207354009049813,248.07885799345786,1001,10000,Clouds,21,1,21,4,0,0,1,0.0,0.0,81.59948942859712,75.0773675026407,68.95431930977468,2.3333333333333335,63.73399772187849,3.0
2026-04-21T22:00:00+00:00,Karachi,24.8607,67.0011,openweathermap_historical,64.18489794828989,0.01,0.03707690819650715,43.8,0.39,45.87773918760484,68.81660878140725,0.5,3,27.78426082765298,69.49594559284897,11.199501162433561,215.185729565528,1001,10000,Clouds,22,1,21,4,0,0,1,0.0,0.0,69.30926424769736,73.35145007886223,68.46994629319782,2.6666666666666665,40.88241743132339,3.0
2026-04-21T23:00:00+00:00,Karachi,24.8607,67.0011,openweathermap_historical,63.00486570274027,0.01,0.056061260287595574,43.8,0.39,81.75032719581239,122.62549079371858,0.5,3,30.08005223574102,88.32237496967082,6.711945672651604,244.4168804916007,1001,10000,Clouds,23,1,21,4,0,0,1,0.0,0.0,68.71697342393837,75.42707480572942,69.4388428914071,2.6666666666666665,65.99322903706867,3.0
2026-04-22T00:00:00+00:00,Karachi,24.8607,67.0011,openweathermap_historical,72.12573532382318,0.01,0.040087633935663426,43.8,0.39,75.84023307584572,113.76034961376857,0.5,3,24.442803399755455,71.6983957743014,6.639741052198642,203.202073757605,1001,10000,Clouds,0,2,22,4,0,0,1,0.0,0.0,67.822766486421,74.71112795750905,70.0343274963754,3.0,61.856163153092005,3.0
2026-04-22T01:00:00+00:00,Karachi,24.8607,67.0011,openweathermap_historical,82.76224005407151,0.01,0.015934129965598946,43.8,0.39,50.265692322679946,75.39853848401992,0.5,3,22.527496599406007,75.67175614423101,8.34443334356585,228.1902877477461,1001,10000,Clouds,1,2,22,4,0,0,1,0.0,0.0,69.28541753144603,69.29734088957167,70.41807550249753,3.0,43.95398462587597,3.0
2026-04-22T02:00:00+00:00,Karachi,24.8607,67.0011,openweathermap_historical,85.43239729891735,0.01,0.01973056332229708,43.8,0.39,35.73219092749649,53.598286391244734,0.5,2,19.154982244617177,61.19310480252103,5.182090403759124,233.31082422914582,1001,10000,Clouds,2,2,22,4,0,0,1,0.0,0.0,53.946038775340725,61.33150609963953,68.50924825672953,2.6666666666666665,33.780533649247545,2.0
2026-04-22T03:00:00+00:00,Karachi,24.8607,67.0011,openweathermap_historical,54.16800613186286,0.01,0.013913238934303955,43.8,0.39,67.91030244658319,101.86545366987478,0.5,3,31.759863257361467,53.112035105703534,5.462685791070047,188.3145619594297,1001,10000,Clouds,3,2,22,4,0,0,1,0.0,0.0,51.30272856558654,59.56274752600376,68.43148553184959,2.6666666666666665,56.30521171260824,3.0
2026-04-22T04:00:00+00:00,Karachi,24.8607,67.0011,openweathermap_historical,50.12544501654003,0.01,0.009756012651200983,43.8,0.39,34.83726263091597,52.25589394637396,0.5,3,29.350891128321848,74.8790702714058,10.990479782980016,253.39118565154186,1001,10000,Clouds,4,2,22,4,0,0,1,0.0,0.0,46.1599186683319,57.72266809988895,67.30758237443409,2.6666666666666665,33.15408384164118,4.0
2026-04-22T05:00:00+00:00,Karachi,24.8607,67.0011,openweathermap_historical,66.90435382887867,0.01,0.03128087733098508,43.8,0.39,48.326381674751836,72.48957251212775,0.5,3,31.898089674826462,58.744628474007776,7.599175567666134,233.47640997892876,1001,10000,Clouds,5,2,22,4,0,0,1,0.0,0.0,50.35798225075033,52.152010513045525,66.90291446328207,3.0,42.596467172326285,3.0
2026-04-22T06:00:00+00:00,Karachi,24.8607,67.0011,openweathermap_historical,77.47567749006564,0.01,0.051868768809171864,43.8,0.39,40.70996349095719,61.06494523643579,0.5,4,20.940485269369567,62.80843757233387,6.188403982049264,240.27462179590486,1001,10000,Clouds,6,2,22,4,0,0,1,0.0,0.0,41.291202598875,46.29696558223077,65.36138891106847,3.3333333333333335,37.264974443670035,4.0
2026-04-22T07:00:00+00:00,Karachi,24.8607,67.0011,openweathermap_historical,70.24138994042225,0.01,0.061458286340520356,43.8,0.39,65.0222665059237,97.53339975888554,0.5,4,32.91790474430056,69.21165152369991,1.006777972139635,203.583318002457,1001,10000,Clouds,7,2,22,4,0,1,1,0.0,0.0,51.35287055721091,48.756394612771395,63.59075890626861,3.6666666666666665,54.28358655414659,5.0
2026-04-22T08:00:00+00:00,Karachi,24.8607,67.0011,openweathermap_historical,77.41436627355769,0.01,0.03829582982677561,43.8,0.39,19.68876901185866,29.53315351778799,0.5,5,19.761713536019535,64.76675101819875,3.585403517439486,232.36204317813983,1001,10000,Clouds,8,2,22,4,0,1,1,0.0,0.0,41.80699966957985,46.08249096016508,62.023825449802324,4.333333333333333,22.550138308301065,4.0
2026-04-22T09:00:00+00:00,Karachi,24.8607,67.0011,openweathermap_historical,86.42901423367171,0.01,0.030918138424707323,43.8,0.39,59.124412497977474,88.68661874696622,0.5,4,21.57968916660095,61.56547401925917,4.0814945885875265,205.49424692468781,1001,10000,Clouds,9,2,22,4,0,1,1,0.0,0.0,47.94514933858662,44.6181759687308,61.60384843434566,4.333333333333333,50.155088748584234,3.0
2026-04-22T10:00:00+00:00,Karachi,24.8607,67.0011,openweathermap_historical,83.48567024400803,0.01,0.031868183623276564,43.8,0.39,49.86493419379292,74.79740129068938,0.5,3,22.18070890600705,86.25948901337242,11.726375479232605,230.2006081789761,1001,10000,Clouds,10,2,22,4,0,0,1,0.0,0.0,42.89270523454303,47.12278789587696,61.528217295259736,4.0,43.67345393565505,2.0
2026-04-22T11:00:00+00:00,Karachi,24.8607,67.0011,openweathermap_historical,82.2720306364991,0.01,0.02487150622075189,43.8,0.39,77.16752878373032,115.75129317559548,0.5,2,28.9413217971333,73.11687888226166,7.00720030818655,279.9099446589673,1001,10000,Clouds,11,2,22,4,0,0,1,0.0,0.0,62.05229182516692,51.92964574737338,62.25947669598733,3.0,62.78527014861123,2.0
2026-04-22T12:00:00+00:00,Karachi,24.8607,67.0011,openweathermap_historical,68.09003485902349,0.01,0.05923895182491552,43.8,0.39,43.46259484068537,65.19389226102805,0.5,3,27.73202493235296,47.83594931601549,8.070034951514412,235.73253598603807,1001,10000,Clouds,12,2,22,4,0,0,1,0.0,0.0,56.83168593940288,52.388417638994746,61.459710523265734,2.6666666666666665,39.19181638847976,4.0
2026-04-22T13:00:00+00:00,Karachi,24.8607,67.0011,openweathermap_historical,77.77750694228988,0.01,0.06580764927445482,43.8,0.39,54.163438696517275,81.2451580447759,0.5,2,27.64534617384615,65.93325451404189,8.13535955136806,191.171572383319,1001,10000,Clouds,13,2,22,4,0,0,1,0.0,0.0,58.264520773644335,50.578613004093675,60.84939828031471,2.3333333333333335,46.6824070875621,3.0
2026-04-22T14:00:00+00:00,Karachi,24.8607,67.0011,openweathermap_historical,69.25071708668452,0.01,0.07659296017020256,43.8,0.39,59.17060792636285,88.75591188954428,0.5,4,26.352957199582548,44.64015784277318,10.303966696660023,221.70852350281342,1001,10000,Clouds,14,2,22,4,0,0,1,0.0,0.0,52.26554715452184,57.15891948984437,60.8018663405249,3.0,50.187425548454,3.0
2026-04-22T15:00:00+00:00,Karachi,24.8607,67.0011,openweathermap_historical,70.44124354394839,0.01,0.030597670424659426,43.8,0.39,42.29085293074686,63.436279396120284,0.5,3,27.421862959358396,69.26805586259889,5.977674365548675,233.83581714914854,1001,10000,Clouds,15,2,22,4,0,0,1,0.0,0.0,51.87496651787567,54.35332622863927,58.402904306503636,3.0,38.3715970515228,3.0
2026-04-22T16:00:00+00:00,Karachi,24.8607,67.0011,openweathermap_historical,60.27680746322107,0.01,0.035417117862358564,43.8,0.39,86.6065798396356,129.9098697594534,0.5,4,23.909923398375504,61.98472497445522,5.042067728970265,201.64072591873966,1001,10000,Clouds,16,2,22,4,0,0,1,0.0,0.0,62.68934689891512,60.47693383627972,59.66845997772696,3.6666666666666665,69.39260588774492,4.0
2026-04-22T17:00:00+00:00,Karachi,24.8607,67.0011,openweathermap_historical,94.19578320318669,0.01,0.042101580109060455,43.8,0.39,74.34997736534794,111.52496604802191,0.5,3,35.75176681571904,63.13225249103075,8.277446334800125,238.49469603736856,1001,10000,Clouds,17,2,22,4,0,1,1,0.0,0.0,67.74913671191014,60.00734193321599,59.87901824984107,3.3333333333333335,60.812984155743564,2.0
2026-04-22T18:00:00+00:00,Karachi,24.8607,67.0011,openweathermap_historical,60.0912906324848,0.01,0.02578327130641178,43.8,0.39,33.95707935531963,50.935619032979446,0.5,2,28.9216231217789,53.32002077305474,7.484324832412072,244.1038248879002,1001,10000,Clouds,18,2,22,4,0,1,1,0.0,0.0,64.97121218676774,58.42308935232169,57.95490013276406,3.0,32.537955548723744,3.0
2026-04-22T19:00:00+00:00,Karachi,24.8607,67.0011,openweathermap_historical,83.18942718523338,0.01,0.08420890852796395,43.8,0.39,75.59591120630624,113.39386680945935,0.5,4,21.281749639442012,54.428542343184915,10.24199100652713,261.65851736719884,1001,10000,Clouds,19,2,22,4,0,1,1,0.0,0.0,61.300989308991284,61.99516810395318,57.656879152597476,3.0,61.68513784441437,2.0
2026-04-22T20:00:00+00:00,Karachi,24.8607,67.0011,openweathermap_historical,76.13487787791026,0.01,0.024931950121139933,43.8,0.39,67.67566617298667,101.51349925948,0.5,3,18.11880673466478,56.72785041403576,8.247990950435886,231.13676828239775,1001,10000,Clouds,20,2,22,4,0,1,1,0.0,0.0,59.076218911537524,63.412677811723825,56.996398590343205,3.0,56.14096632109067,3.0
2026-04-22T21:00:00+00:00,Karachi,24.8607,67.0011,openweathermap_historical,79.47382941855382,0.01,0.04370473975147935,43.8,0.39,61.4025546089641,92.10383191344616,0.5,3,20.459410720760786,69.89521884714347,5.3263356629299174,236.62243210204915,1001,10000,Clouds,21,2,22,4,0,0,1,0.0,0.0,68.22471066275234,66.59796142476004,56.28305278703346,3.3333333333333335,51.74978822627487,2.0
2026-04-22T22:00:00+00:00,Karachi,24.8607,67.0011,openweathermap_historical,70.39341909109972,0.01,0.0341883797044384,43.8,0.39,60.21384243565412,90.32076365348118,0.5,3,31.142138740431392,70.09054276629638,6.484898703756361,242.5694985543983,1001,10000,Clouds,22,2,22,4,0,0,1,0.0,0.0,63.09735440586831,62.19917185742978,56.880390422368855,3.0,50.91768970495789,2.0
2026-04-22T23:00:00+00:00,Karachi,24.8607,67.0011,openweathermap_historical,83.13927189313081,0.01,0.028986530370818258,43.8,0.39,62.22091380100697,93.33137070151045,0.5,3,18.770246018009317,57.18179505656162,6.972326075489659,202.30515146404488,1001,10000,Clouds,23,2,22,4,0,0,1,0.0,0.0,61.279103615208406,60.177661263372954,56.06666486425197,3.0,52.32263966070488,3.0
2026-04-23T00:00:00+00:00,Karachi,24.8607,67.0011,openweathermap_historical,73.69928858184579,0.01,0.015586061010235741,43.8,0.39,64.36835504933535,96.55253257400302,0.5,3,15.612553557548228,79.02672565851107,5.862261683577174,251.62104242772776,1001,10000,Clouds,0,3,23,4,0,0,1,0.0,0.0,62.267703761998824,65.24620721237558,55.5886699464807,3.0,53.82584853453475,3.0
2026-04-23T01:00:00+00:00,Karachi,24.8607,67.0011,openweathermap_historical,67.13192803066283,0.01,0.038290516946235906,43.8,0.39,59.71413486273287,89.57120229409931,0.5,3,14.529140751002556,62.27981286705946,8.131528004903277,226.88060038457357,1001,10000,Clouds,1,3,23,4,0,0,1,0.0,0.0,62.10113457102508,62.59924448844668,55.98235505231623,3.0,50.567894403913016,3.0
2026-04-23T02:00:00+00:00,Karachi,24.8607,67.0011,openweathermap_historical,67.0036790507173,0.01,0.016932642199003266,43.8,0.39,68.19700003672884,102.29550005509326,0.5,2,24.922790226015575,88.33113488749403,8.430738854542687,216.38240188351293,1001,10000,Clouds,2,3,23,4,0,0,1,0.0,0.0,64.0931633162657,62.68613346573704,57.33505543186757,2.6666666666666665,56.50590002571019,3.0
2026-04-23T03:00:00+00:00,Karachi,24.8607,67.0011,openweathermap_historical,83.58014172597913,0.01,0.02726480389286661,43.8,0.39,79.56505971254387,119.3475895688158,0.5,3,24.376125993099258,84.73230720125925,8.104746334103293,209.7664789153682,1001,10000,Clouds,3,3,23,4,0,0,1,0.0,0.0,69.1587315373352,65.713217649667,57.82067031794927,2.6666666666666665,64.46354179878071,2.0
2026-04-23T04:00:00+00:00,Karachi,24.8607,67.0011,openweathermap_historical,68.38059324817094,0.01,0.0399540489807785,43.8,0.39,65.77316672544124,98.65975008816187,0.5,4,29.78879935281585,71.09723323338824,8.522478372194753,207.67720841978192,1001,10000,Clouds,4,3,23,4,0,0,1,0.0,0.0,71.17840882490466,66.63977169796486,59.10966632188783,3.0,54.80921670780887,4.0
2026-04-23T05:00:00+00:00,Karachi,24.8607,67.0011,openweathermap_historical,79.77493159298717,0.01,0.03834336002269369,43.8,0.39,63.98082501656402,95.97123752484603,0.5,3,34.45142060947538,78.25270437171183,8.258079252475333,190.3028555001521,1001,10000,Clouds,5,3,23,4,0,0,1,0.0,0.0,69.77301715151638,66.93309023389104,59.76193479446334,3.3333333333333335,53.554577511594815,3.0
2026-04-23T06:00:00+00:00,Karachi,24.8607,67.0011,openweathermap_historical,82.09132998589911,0.01,0.05051555303431954,43.8,0.39,50.08647680616516,75.12971520924773,0.5,4,17.654851926562756,75.0763634548,6.291561115319746,230.20834696920247,1001,10000,Clouds,6,3,23,4,0,0,1,0.0,0.0,59.94682284939015,64.55277719336267,60.15262284926367,3.6666666666666665,43.82853376431561,5.0
2026-04-23T07:00:00+00:00,Karachi,24.8607,67.0011,openweathermap_historical,69.4526854592463,0.01,0.02624409548819751,43.8,0.39,113.09698569216384,169.64547853824575,0.5,5,21.586431147770213,77.52270351522758,5.242133272753378,261.15008338236476,1001,10000,Clouds,7,3,23,4,0,1,1,0.0,0.0,75.72142917163102,73.44991899826783,62.155736148690345,4.0,87.93588998451469,4.0
2026-04-23T08:00:00+00:00,Karachi,24.8607,67.0011,openweathermap_historical,95.03155581561391,0.01,0.05567428990112465,43.8,0.39,82.46372031235927,123.6955804685389,0.5,4,27.565291692460658,66.90432628786694,3.8157120878400343,232.4412709639028,1001,10000,Clouds,8,3,23,4,0,1,1,0.0,0.0,81.88239427022944,75.8277057108729,64.77135911954453,4.333333333333333,66.4926042186515,4.0
2026-04-23T09:00:00+00:00,Karachi,24.8607,67.0011,openweathermap_historical,81.35101254920518,0.01,0.03687490426421586,43.8,0.39,85.39361513478967,128.0904227021845,0.5,3,14.52456956635482,68.81246690834254,5.682716403298546,232.24834145027586,1001,10000,Clouds,9,3,23,4,0,1,1,0.0,0.0,93.65144037977093,76.79913161458053,65.86590922941171,4.0,68.54353059435277,3.0
2026-04-23T10:00:00+00:00,Karachi,24.8607,67.0011,openweathermap_historical,70.1089501051483,0.01,0.008478715262956862,43.8,0.39,58.99256049316085,88.48884073974128,0.5,2,23.03059775030716,65.97160843612974,5.469172921223137,274.822695067147,1001,10000,Clouds,10,3,23,4,0,0,1,0.0,0.0,75.61663198010326,75.66903057586714,66.24622699188537,3.0,50.0627923452126,4.0
2026-04-23T11:00:00+00:00,Karachi,24.8607,67.0011,openweathermap_historical,82.24358566193811,0.01,0.050080201611613084,43.8,0.39,84.64006377736153,126.96009566604229,0.5,2,27.387890895329384,61.25909849872085,9.228376261814484,240.72006842535563,1001,10000,Clouds,11,3,23,4,0,0,1,0.0,0.0,76.3420798017707,79.11223703600005,66.55758261662001,2.3333333333333335,68.01604464415307,4.0
2026-04-23T12:00:00+00:00,Karachi,24.8607,67.0011,openweathermap_historical,73.23824736935742,0.01,0.04880494539400042,43.8,0.39,42.35044132872922,63.52566199309383,0.5,4,23.94875300005939,63.22226685445153,6.824339123370423,246.01790003222996,1001,10000,Clouds,12,3,23,4,0,0,1,0.0,0.0,61.994355199750544,77.82289778976073,66.51124288695517,2.6666666666666665,38.41330893011045,3.0
2026-04-23T13:00:00+00:00,Karachi,24.8607,67.0011,openweathermap_historical,71.65815131597807,0.01,0.03744915024881134,43.8,0.39,42.18971126674336,63.28456690011504,0.5,3,20.32273990292712,61.573379171195036,9.187305635228876,202.36192332045138,1001,10000,Clouds,13,3,23,4,0,0,1,0.0,0.0,56.39340545761138,66.00501871885731,66.01233757738125,3.0,38.30079788672035,2.0
2026-04-23T14:00:00+00:00,Karachi,24.8607,67.0011,openweathermap_historical,86.32822411727128,0.01,0.03369983948738322,43.8,0.39,72.91767817086314,109.3765172562947,0.5,3,21.44113650784032,87.99277508874314,5.5963275617682955,229.70168796913083,1001,10000,Clouds,14,3,23,4,0,0,1,0.0,0.0,52.48594358877858,64.41401169527462,66.5851321709021,3.3333333333333335,59.8103747196042,4.0
2026-04-23T15:00:00+00:00,Karachi,24.8607,67.0011,openweathermap_historical,75.21360317891212,0.01,0.041567036536797615,43.8,0.39,82.52167114710797,123.78250672066196,0.5,3,28.191660993754642,63.586777877265796,9.243998684386376,234.9287862312222,1001,10000,Clouds,15,3,23,4,0,0,1,0.0,0.0,65.87635352823817,63.93535436399434,68.26141626325048,3.0,66.53316980297558,4.0
2026-04-23T16:00:00+00:00,Karachi,24.8607,67.0011,openweathermap_historical,69.09521316159831,0.01,0.027385588173609983,43.8,0.39,92.57179666745779,138.8576950011867,0.5,4,24.82861151976419,47.84876467174858,8.29766491137365,229.20858869976715,1001,10000,Clouds,16,3,23,4,0,0,1,0.0,0.0,82.67038199514298,69.53189372637716,68.50996696440974,3.3333333333333335,73.56825766722045,3.0
2026-04-23T17:00:00+00:00,Karachi,24.8607,67.0011,openweathermap_historical,82.54407176698642,0.01,0.06875051098655013,43.8,0.39,61.065441568068685,91.59816235210303,0.5,2,15.159786041418851,49.92650247756623,9.795718895814538,241.1678535331264,1001,10000,Clouds,17,3,23,4,0,1,1,0.0,0.0,78.71963646087816,65.60279002482837,67.9564446395231,3.0,51.513809097648085,2.0
2026-04-23T18:00:00+00:00,Karachi,24.8607,67.0011,openweathermap_historical,74.99970617995531,0.01,0.05724918698143659,43.8,0.39,94.06895322342471,141.10342983513706,0.5,3,23.78623686969189,58.76755447927215,3.899206651983039,201.5304639091903,1001,10000,Clouds,18,3,23,4,0,1,1,0.0,0.0,82.56873048631708,74.22254200727761,70.46110605069414,3.0,74.6162672563973,3.0
2026-04-23T19:00:00+00:00,Karachi,24.8607,67.0011,openweathermap_historical,74.03307218039565,0.01,0.02538047130465915,43.8,0.39,35.69049787354726,53.53574681032089,0.5,2,28.924510424656795,53.899516093806135,7.446884724731771,259.11833358076257,1001,10000,Clouds,19,3,23,4,0,1,1,0.0,0.0,63.608297555013564,73.13933977507826,68.79838049516253,2.3333333333333335,33.75134851148308,4.0
2026-04-23T20:00:00+00:00,Karachi,24.8607,67.0011,openweathermap_historical,62.256268134422,0.01,0.019327202068897157,43.8,0.39,98.67628237544214,148.0144235631632,0.5,3,21.001368386460474,54.855459364241085,6.181621513585398,234.66025587302514,1001,10000,Clouds,20,3,23,4,0,1,1,0.0,0.0,76.14524449080471,77.43244047584143,70.0900728369315,2.6666666666666665,77.8413976628095,3.0
2026-04-23T21:00:00+00:00,Karachi,24.8607,67.0011,openweathermap_historical,95.96426219988476,0.01,0.08128774906776566,43.8,0.39,31.443656555205283,47.16548483280793,0.5,2,33.95577531773026,64.93509207397587,6.429427205729768,203.19286168270418,1001,10000,Clouds,21,3,23,4,0,0,1,0.0,0.0,55.27014560139824,68.91943804385765,68.84178541802488,2.3333333333333335,30.778559588643702,3.0
2026-04-23T22:00:00+00:00,Karachi,24.8607,67.0011,openweathermap_historical,91.43801936310955,0.01,0.02850907101245065,43.8,0.39,32.86628598037847,49.2994289705677,0.5,2,23.555707283570737,58.616254258669535,9.967963640563111,223.44010121041057,1001,10000,Clouds,22,3,23,4,0,0,1,0.0,0.0,54.32874163700865,58.968519596011085,67.70230389905507,2.3333333333333335,31.774400186264927,2.0
2026-04-23T23:00:00+00:00,Karachi,24.8607,67.0011,openweathermap_historical,76.8750640365075,0.01,0.005880242639268847,43.8,0.39,65.84959977692944,98.77439966539416,0.5,3,29.275342195640935,73.77514738493662,4.869841307147063,223.87821126236253,1001,10000,Clouds,23,3,23,4,0,0,1,0.0,0.0,43.38651410417108,59.765879297487885,67.85349914805182,2.3333333333333335,54.86271984385061,2.0
2026-04-24T00:00:00+00:00,Karachi,24.8607,67.0011,openweathermap_historical,86.05738627460022,0.01,0.05231496042759759,43.8,0.39,57.87516627939389,86.81274941909084,0.5,3,29.522612064888406,54.596121140517525,5.511662345153763,233.4784159591799,1001,10000,Clouds,0,4,24,4,0,0,1,0.0,0.0,52.197017345567275,53.73358147348275,67.58294961597093,2.6666666666666665,49.28061639557573,2.0
2026-04-24T01:00:00+00:00,Karachi,24.8607,67.0011,openweathermap_historical,80.07294180165462,0.01,0.023675384054129285,43.8,0.39,51.48270030980429,77.22405046470644,0.5,3,24.411506476632322,75.84518553946832,8.059824318221859,221.04942130847144,1001,10000,Clouds,1,4,24,4,0,0,1,0.0,0.0,58.40248878870921,56.36561521285892,67.23997317626558,3.0,44.805890216863006,3.0
2026-04-24T02:00:00+00:00,Karachi,24.8607,67.0011,openweathermap_historical,81.55263671101545,0.01,0.04631000142781914,43.8,0.39,54.6954649589029,82.04319743835435,0.5,3,27.760410378189842,70.32263472749716,9.237629482754398,231.53922216079064,1001,10000,Clouds,2,4,24,4,0,0,1,0.0,0.0,54.684443849367035,49.03547897676904,66.6774092146895,3.0,47.054825471232036,3.0
2026-04-24T03:00:00+00:00,Karachi,24.8607,67.0011,openweathermap_historical,62.112322802757404,0.01,0.028622841155115215,43.8,0.39,64.56224647483985,96.84336971225977,0.5,2,28.573568380734876,60.56732784836391,8.13634877054606,206.20125319178106,1001,10000,Clouds,3,4,24,4,0,0,1,0.0,0.0,56.91347058118236,54.55524396337481,66.05229199645184,2.6666666666666665,53.9615725323879,3.0
2026-04-24T04:00:00+00:00,Karachi,24.8607,67.0011,openweathermap_historical,83.05290335074551,0.01,0.025129321117440387,43.8,0.39,50.31062654140704,75.46593981211056,0.5,4,24.68653377407774,77.77538803622325,4.034523223113344,290.5983232137569,1001,10000,Clouds,4,4,24,4,0,0,1,0.0,0.0,56.52277932504993,57.46263405687957,65.40801948878374,3.0,43.98543857898493,2.0
2026-04-24T05:00:00+00:00,Karachi,24.8607,67.0011,openweathermap_historical,57.0078976910163,0.01,0.06221133010158398,43.8,0.39,40.21891136033799,60.32836704050699,0.5,3,24.768886003349543,46.979269804920435,6.396324102671693,248.44383129467997,1001,10000,Clouds,5,4,24,4,0,0,1,0.0,0.0,51.697261458861625,53.19085265411433,64.41793975310766,3.0,36.921237952236595,3.0
2026-04-24T06:00:00+00:00,Karachi,24.8607,67.0011,openweathermap_historical,75.31607459100452,0.01,0.06607772845298053,43.8,0.39,76.2914622343915,114.43719335158725,0.5,5,12.624055509603673,55.97120911152936,4.424557173529426,229.922904791553,1001,10000,Clouds,6,4,24,4,0,0,1,0.0,0.0,55.60700004537885,56.260235313280596,65.50981414595041,4.0,62.17202356407405,5.0
2026-04-24T07:00:00+00:00,Karachi,24.8607,67.0011,openweathermap_historical,83.96410713956375,0.01,0.046731942080001594,43.8,0.39,59.03128453973169,88.54692680959754,0.5,4,27.629314870082595,73.67310271637743,7.145549679025192,246.68462828766948,1001,10000,Clouds,7,4,24,4,0,1,1,0.0,0.0,58.5138860448204,57.51833268493517,63.25707659793242,4.0,50.089899177812185,5.0
2026-04-24T08:00:00+00:00,Karachi,24.8607,67.0011,openweathermap_historical,61.96936933468847,0.01,0.04723892413027732,43.8,0.39,74.28555065711134,111.42832598566702,0.5,4,24.280834406179775,56.11009483003366,7.6791359210066625,213.38796816748197,1001,10000,Clouds,8,4,24,4,0,1,1,0.0,0.0,69.86943247707819,60.7833469679699,62.916319528963754,4.333333333333333,60.76788545997795,4.0
2026-04-24T09:00:00+00:00,Karachi,24.8607,67.0011,openweathermap_historical,74.21119319856817,0.01,0.010702761261679704,43.8,0.39,55.29317981774028,82.93976972661042,0.5,3,22.943447584200342,48.47791800561789,5.638814546254816,224.38878156381887,1001,10000,Clouds,9,4,24,4,0,1,1,0.0,0.0,62.870005004861106,59.238502525119976,61.66213472408669,3.6666666666666665,47.4732258724182,2.0
2026-04-24T10:00:00+00:00,Karachi,24.8607,67.0011,openweathermap_historical,72.43294370885226,0.01,0.04573972846376721,43.8,0.39,48.814838155712295,73.22225723356844,0.5,4,20.05286740123924,68.37751844757658,3.834256402941086,226.1830155251757,1001,10000,Clouds,10,4,24,4,0,0,1,0.0,0.0,59.46452287685465,58.98920446083752,61.23806296002633,3.6666666666666665,42.93838670899861,2.0
2026-04-24T11:00:00+00:00,Karachi,24.8607,67.0011,openweathermap_historical,79.09224798226063,0.01,0.01657718265000571,43.8,0.39,45.55406277969716,68.33109416954574,0.5,4,36.730646837198314,59.03934473786603,5.064805297102547,216.51861009645253,1001,10000,Clouds,11,4,24,4,0,0,1,0.0,0.0,49.88736025104993,59.87839636406405,59.60947958512366,3.6666666666666665,40.655843945788014,4.0
2026-04-24T12:00:00+00:00,Karachi,24.8607,67.0011,openweathermap_historical,82.36187123368336,0.01,0.058030894740210406,43.8,0.39,68.48894078295464,102.73341117443196,0.5,3,15.556088475419545,61.68728466972969,6.212213896118479,263.04571556670936,1001,10000,Clouds,12,4,24,4,0,0,1,0.0,0.0,54.28594723945471,58.5779761221579,60.698583729049716,3.6666666666666665,56.71025854806825,3.0
2026-04-24T13:00:00+00:00,Karachi,24.8607,67.0011,openweathermap_historical,69.57423626395291,0.01,0.05747987981158929,43.8,0.39,50.58155066068824,75.87232599103235,0.5,2,24.94617524145098,47.57355637644773,8.369066207669462,241.27170463367452,1001,10000,Clouds,13,4,24,4,0,0,1,0.0,0.0,54.87485140778002,57.16968714231732,61.04824370379742,3.0,44.17508546248177,3.0
2026-04-24T14:00:00+00:00,Karachi,24.8607,67.0011,openweathermap_historical,84.33037152298412,0.01,0.028213774162934975,43.8,0.39,24.178171211054305,36.26725681658146,0.5,4,28.75473126446863,61.80246301087018,3.156483355310358,219.36722347185676,1001,10000,Clouds,14,4,24,4,0,0,1,0.0,0.0,47.74955421823241,48.81845723464115,59.017430913805384,3.0,25.69271984773801,3.0
2026-04-24T15:00:00+00:00,Karachi,24.8607,67.0011,openweathermap_historical,70.04785589318313,0.01,0.0458224030400149,43.8,0.39,43.16855392864804,64.75283089297206,0.5,4,24.34950801899739,67.61471761665887,6.507263018892441,221.59000570572232,1001,10000,Clouds,15,4,24,4,0,0,1,0.0,0.0,39.30942526679687,46.79768625312578,57.37771769636955,3.3333333333333335,38.98598775005363,2.0
2026-04-24T16:00:00+00:00,Karachi,24.8607,67.0011,openweathermap_historical,84.87750846098493,0.01,0.06900950244596087,43.8,0.39,53.65396374297866,80.480945614468,0.5,3,29.955043098984532,73.18154376095863,10.173282752172586,219.77040900807995,1001,10000,Clouds,16,4,24,4,0,0,1,0.0,0.0,40.33356296089368,47.60420718433684,55.75614132451626,3.6666666666666665,46.32577462008507,2.0
2026-04-24T17:00:00+00:00,Karachi,24.8607,67.0011,openweathermap_historical,76.40883680054637,0.01,0.055855317633520404,43.8,0.39,87.0922450677889,130.63836760168334,0.5,2,29.45957702720047,66.26175844459193,8.023573474772,237.38513116772933,1001,10000,Clouds,17,4,24,4,0,1,1,0.0,0.0,61.30492091313854,54.52723756568546,56.84059147033793,3.0,69.73257154745224,3.0
2026-04-24T18:00:00+00:00,Karachi,24.8607,67.0011,openweathermap_historical,86.07638735690236,0.01,0.06189456468945022,43.8,0.39,67.77539908634948,101.66309862952423,0.5,3,21.870757975020705,44.826688611483846,6.185480606014505,208.1899245759164,1001,10000,Clouds,18,4,24,4,0,1,1,0.0,0.0,69.50720263237235,54.4083139495846,55.74502671462647,2.6666666666666665,56.21077936044465,3.0
2026-04-24T19:00:00+00:00,Karachi,24.8607,67.0011,openweathermap_historical,73.18131572905834,0.01,0.02842567177458277,43.8,0.39,68.2275495335413,102.34132430031195,0.5,4,15.136508418369562,77.27059721736175,7.324306807549705,244.4964612022797,1001,10000,Clouds,19,4,24,4,0,1,1,0.0,0.0,74.36506456255991,57.34931376172678,57.10073720045955,3.0,56.52728467347892,4.0
2026-04-24T20:00:00+00:00,Karachi,24.8607,67.0011,openweathermap_historical,75.26769331693914,0.01,0.02458143243276112,43.8,0.39,101.53852205730192,152.30778308595288,0.5,3,32.62452103186646,74.80245410792288,7.4223728312239095,241.96993592682296,1001,10000,Clouds,20,4,24,4,0,1,1,0.0,0.0,79.18049022573092,70.24270556943472,57.21999718720371,3.3333333333333335,79.84496544011135,3.0
2026-04-24T21:00:00+00:00,Karachi,24.8607,67.0011,openweathermap_historical,81.9370263529293,0.01,0.04759395115741731,43.8,0.39,90.22831515530385,135.34247273295577,0.5,3,27.995042662554162,62.208288086916376,6.379926861075376,236.36087754500943,1001,10000,Clouds,21,4,24,4,0,0,1,0.0,0.0,86.66479558204902,78.0859991072107,59.66935796220781,3.3333333333333335,71.9278206087127,3.0
2026-04-24T22:00:00+00:00,Karachi,24.8607,67.0011,openweathermap_historical,76.55448961367986,0.01,0.02354398316831721,43.8,0.39,23.394508996742303,35.091763495113454,0.5,2,21.35030509915325,68.71654572295327,6.435322048879253,201.385912534539,1001,10000,Clouds,22,4,24,4,0,0,1,0.0,0.0,71.72044873644937,73.04275664950462,59.27470058788964,2.6666666666666665,25.14415629771961,3.0
2026-04-24T23:00:00+00:00,Karachi,24.8607,67.0011,openweathermap_historical,76.76313056514283,0.01,0.0064690577387502765,43.8,0.39,39.61037746632327,59.41556619948491,0.5,2,30.160711553664154,76.48025081676865,5.6414368698133055,185.5440686374095,1001,10000,Clouds,23,4,24,4,0,0,1,0.0,0.0,51.077733872789814,65.12911204926036,58.181399658281045,2.3333333333333335,36.49526422642629,4.0
2026-04-25T00:00:00+00:00,Karachi,24.8607,67.0011,openweathermap_historical,83.05863646592258,0.01,0.04856080742679869,43.8,0.39,42.223190843253974,63.33478626488096,0.5,2,17.624092663397906,54.26578115422673,6.490163311888563,217.49758468616494,1001,10000,Clouds,0,5,25,4,1,0,1,0.0,0.0,35.07602576877319,60.87041067541111,57.52923401510856,2.0,38.324233590277785,3.0
2026-04-25T01:00:00+00:00,Karachi,24.8607,67.0011,openweathermap_historical,79.33801689900781,0.01,0.0258310764580803,43.8,0.39,41.45439214086662,62.181588211299925,0.5,3,28.57612256390259,85.0972320618484,9.719369004542404,221.335890324869,1001,10000,Clouds,1,5,25,4,1,0,1,0.0,0.0,41.09598681681463,56.40821777663198,57.11138784140281,2.3333333333333335,37.78607449860663,3.0
2026-04-25T02:00:00+00:00,Karachi,24.8607,67.0011,openweathermap_historical,77.17732877382716,0.01,0.031491888024854864,43.8,0.39,49.13080162900637,73.69620244350955,0.5,3,32.15485111267627,59.51939006037975,5.974068369741644,300.3767066128505,1001,10000,Clouds,2,5,25,4,1,0,1,0.0,0.0,44.26946153770899,47.67359770524939,56.87952686932379,2.6666666666666665,43.15956114030446,3.0
2026-04-25T03:00:00+00:00,Karachi,24.8607,67.0011,openweathermap_historical,91.91973269497481,0.01,0.05193146940727328,43.8,0.39,80.18249440378597,120.27374160567895,0.5,3,22.366776719760225,60.921061078467375,6.312388864040895,265.13086010927327,1001,10000,Clouds,3,5,25,4,1,0,1,0.0,0.0,56.922562724552996,45.999294246663084,57.530370533029874,3.0,64.89574608265018,2.0
2026-04-25T04:00:00+00:00,Karachi,24.8607,67.0011,openweathermap_historical,78.33879947592877,0.01,0.034803317454282584,43.8,0.39,25.21666284766726,37.824994271500884,0.5,2,25.04359472495119,72.99773693799499,8.46160027825034,220.03918324183158,1001,10000,Clouds,4,5,25,4,1,0,1,0.0,0.0,51.50998629348654,46.302986555150575,56.484788712457394,2.6666666666666665,26.41966399336708,2.0
2026-04-25T05:00:00+00:00,Karachi,24.8607,67.0011,openweathermap_historical,75.98333016167894,0.01,0.021022858915803688,43.8,0.39,70.6087521909577,105.91312828643655,0.5,3,37.49241775795589,60.5809691076125,9.395641900287758,244.79990220137034,1001,10000,Clouds,5,5,25,4,1,0,1,0.0,0.0,58.669303147470316,51.469382342589654,57.75103208039988,2.6666666666666665,58.19412653367039,3.0
2026-04-25T06:00:00+00:00,Karachi,24.8607,67.0011,openweathermap_historical,70.12812016646124,0.01,0.03762333598381329,43.8,0.39,64.16135468918552,96.24203203377827,0.5,5,16.70954276244293,60.321374917623956,7.319406952798185,187.08297783701013,1001,10000,Clouds,6,5,25,4,1,0,1,0.0,0.0,53.3289232426035,55.12574298357824,57.24561093268296,3.3333333333333335,53.68094828242987,4.0
2026-04-25T07:00:00+00:00,Karachi,24.8607,67.0011,openweathermap_historical,65.73431592065306,0.01,0.05844491138745334,43.8,0.39,90.10950779133525,135.16426168700286,0.5,5,24.364253411939675,70.85063271652521,7.033086062940262,219.32093361939255,1001,10000,Clouds,7,5,25,4,1,1,1,0.0,0.0,74.9598715571595,63.23492892532301,58.54053690149977,4.333333333333333,71.84465545393468,4.0
2026-04-25T08:00:00+00:00,Karachi,24.8607,67.0011,openweathermap_historical,74.25478891918375,0.01,0.04895266790501522,43.8,0.39,54.36339234957662,81.54508852436493,0.5,4,27.530925344800007,72.78734340511267,9.702339602605818,232.43189452243513,1001,10000,Clouds,8,5,25,4,1,1,1,0.0,0.0,69.54475161003248,64.10702737875138,57.71044697201916,4.666666666666667,46.822374644703636,4.0
2026-04-25T09:00:00+00:00,Karachi,24.8607,67.0011,openweathermap_historical,84.43966383179539,0.01,0.051368577090297365,43.8,0.39,49.42732512739926,74.14098769109889,0.5,2,31.90189597482662,72.58241675155168,9.17277594778893,255.5144325907034,1001,10000,Clouds,9,5,25,4,1,1,1,0.0,0.0,64.63340842277039,58.98116583268694,57.466036359921624,3.6666666666666665,43.36712758917948,3.0
2026-04-25T10:00:00+00:00,Karachi,24.8607,67.0011,openweathermap_historical,74.70720441365299,0.01,0.02800717464347695,43.8,0.39,50.053098664741704,75.07964799711256,0.5,2,30.304875245087537,70.24031974533425,9.515773619971661,258.035411671154,1001,10000,Clouds,10,5,25,4,1,0,1,0.0,0.0,51.28127204723921,63.12057180219934,57.51763054779784,2.6666666666666665,43.8051690653192,2.0
2026-04-25T11:00:00+00:00,Karachi,24.8607,67.0011,openweathermap_historical,80.17627081140063,0.01,0.02812807382218751,43.8,0.39,57.757462108171865,86.6361931622578,0.5,4,21.75128348771417,61.014514860753486,7.2160342967915065,232.3011895636351,1001,10000,Clouds,11,5,25,4,1,0,1,0.0,0.0,52.41262863343761,60.978690121735035,58.02610551981763,2.6666666666666665,49.19822347572031,2.0
2026-04-25T12:00:00+00:00,Karachi,24.8607,67.0011,openweathermap_historical,91.21617708586629,0.01,0.008617752873890251,43.8,0.39,49.45622051547984,74.18433077321976,0.5,3,19.52976543451177,59.569887810529394,9.16535699073862,259.4047525778904,1001,10000,Clouds,12,5,25,4,1,0,1,0.0,0.0,52.42226042946448,58.52783442611743,57.23307550867284,3.0,43.38735436083589,3.0
2026-04-25T13:00:00+00:00,Karachi,24.8607,67.0011,openweathermap_historical,76.81009779309598,0.01,0.02125903117552769,43.8,0.39,52.807006326246,79.210509489369,0.5,3,23.050955159504817,60.058410070493245,7.275709497629531,255.5188906988211,1001,10000,Clouds,13,5,25,4,1,0,1,0.0,0.0,53.34022964996592,52.310750848602545,57.32580282807108,3.3333333333333335,45.7329044283722,4.0
2026-04-25T14:00:00+00:00,Karachi,24.8607,67.0011,openweathermap_historical,77.72353188402701,0.01,0.018100385076591247,43.8,0.39,51.5026745394215,77.25401180913225,0.5,3,23.11237846957415,63.7728060275601,7.497944181128749,244.10928157106156,1001,10000,Clouds,14,5,25,4,1,0,1,0.0,0.0,51.255300460382465,51.83396454691003,58.46432380008638,3.0,44.81987217759505,3.0
2026-04-25T15:00:00+00:00,Karachi,24.8607,67.0011,openweathermap_historical,55.34191617362594,0.01,0.056073258274031326,43.8,0.39,70.27307915285067,105.409618729276,0.5,2,17.821688072492456,56.03293011836286,7.1117437313930045,215.43318123743904,1001,10000,Clouds,15,5,25,4,1,0,1,0.0,0.0,58.194253339506076,55.30825688448525,59.593679017761495,2.6666666666666665,57.95915540699548,3.0
2026-04-25T16:00:00+00:00,Karachi,24.8607,67.0011,openweathermap_historical,98.48016079390517,0.01,0.018184351144841387,43.8,0.39,72.45674825691141,108.68512238536712,0.5,2,23.985034933708654,86.58063904607546,6.742588924275648,210.80447850694068,1001,10000,Clouds,16,5,25,4,1,0,1,0.0,0.0,64.74416731639455,59.042198483180215,60.377128372508686,2.3333333333333335,59.48772377983799,4.0
2026-04-25T17:00:00+00:00,Karachi,24.8607,67.0011,openweathermap_historical,67.26308197514619,0.01,0.013714156952287553,43.8,0.39,86.90438203430219,130.35657305145327,0.5,3,30.206119781940863,83.79817331861311,8.804154200484717,218.86003824964595,1001,10000,Clouds,17,5,25,4,1,1,1,0.0,0.0,76.54473648135478,63.900018470868595,60.36930074611342,2.3333333333333335,69.60106742401153,2.0
2026-04-25T18:00:00+00:00,Karachi,24.8607,67.0011,openweathermap_historical,62.369475598899385,0.01,0.056171373857056776,43.8,0.39,67.27520038275472,100.91280057413208,0.5,3,20.879993375948086,64.89116095876113,4.736521956981621,198.81224619181265,1001,10000,Clouds,18,5,25,4,1,1,1,0.0,0.0,75.54544355798946,66.86984844874775,60.34845913346363,2.6666666666666665,55.860640267928304,3.0
2026-04-25T19:00:00+00:00,Karachi,24.8607,67.0011,openweathermap_historical,73.76779359794057,0.01,0.03159196844883988,43.8,0.39,64.61779851102233,96.9266977665335,0.5,4,28.901457078625377,53.19600996175503,5.123541909657598,258.4241437078915,1001,10000,Clouds,19,5,25,4,1,1,1,0.0,0.0,72.93246030935977,68.83831381287713,60.19805284085867,3.3333333333333335,54.00045895771564,3.0
2026-04-25T20:00:00+00:00,Karachi,24.8607,67.0011,openweathermap_historical,69.2068563905377,0.01,0.06731134798897648,43.8,0.39,69.6047213297351,104.40708199460265,0.5,3,26.6797875558575,55.72231456951413,7.097327579485791,229.2368651764226,1001,10000,Clouds,20,5,25,4,1,1,1,0.0,0.0,67.16590674117073,71.85532161126274,58.867477810543384,3.3333333333333335,57.49130493081458,3.0
2026-04-25T21:00:00+00:00,Karachi,24.8607,67.0011,openweathermap_historical,70.16745849634505,0.01,0.037192387656513996,43.8,0.39,52.247081520318666,78.370622280478,0.5,3,22.943638970324244,73.2566119298204,11.481901366957118,222.97209507228916,1001,10000,Clouds,21,5,25,4,1,0,1,0.0,0.0,62.15653378702539,68.8509886725074,57.28492640908567,3.3333333333333335,45.34095706422307,4.0
2026-04-25T22:00:00+00:00,Karachi,24.8607,67.0011,openweathermap_historical,78.91850688259917,0.01,0.01658742001055431,43.8,0.39,80.42029521895878,120.63044282843818,0.5,3,21.684462652226763,67.28793115434478,6.8900926945046645,208.62410688672574,1001,10000,Clouds,22,5,25,4,1,0,1,0.0,0.0,67.42403268967087,70.1782464995153,59.66100083501135,3.0,65.06220665327116,3.0
2026-04-25T23:00:00+00:00,Karachi,24.8607,67.0011,openweathermap_historical,89.30587783839931,0.01,0.037710830552951775,43.8,0.39,46.46483433144415,69.69725149716623,0.5,4,27.58171174049618,77.35629829295722,5.8870155471090815,215.7845053086526,1001,10000,Clouds,23,5,25,4,1,0,1,0.0,0.0,59.71073702357389,63.43832188237229,59.9466032043914,3.3333333333333335,41.293384032010906,3.0
2026-04-26T00:00:00+00:00,Karachi,24.8607,67.0011,openweathermap_historical,66.02722189219607,0.01,0.04184575173786616,43.8,0.39,64.73604214106167,97.10406321159252,0.5,3,30.041178732649154,67.37457680649597,5.263817472013086,242.71139225846346,1001,10000,Clouds,0,6,26,4,1,0,1,0.0,0.0,63.87372389715489,63.01512884209012,60.88463867513338,3.3333333333333335,54.08322949874318,3.0
2026-04-26T01:00:00+00:00,Karachi,24.8607,67.0011,openweathermap_historical,68.82700440884557,0.01,0.034678828264796235,43.8,0.39,39.51839600595788,59.27759400893682,0.5,3,21.365272147065816,59.0314728594164,7.724738244757134,221.20503447068077,1001,10000,Clouds,1,6,26,4,1,0,1,0.0,0.0,50.23975749282126,58.83189509124605,60.803972169512186,3.3333333333333335,36.43087720417052,2.0
2026-04-26T02:00:00+00:00,Karachi,24.8607,67.0011,openweathermap_historical,87.58522223995972,0.01,0.021411399816628346,43.8,0.39,81.08200323425794,121.62300485138691,0.5,3,20.641406758705976,66.55371103881576,8.185800641362441,257.96860651507427,1001,10000,Clouds,2,6,26,4,1,0,1,0.0,0.0,61.778813793759184,60.74477540866652,62.13527223639767,3.0,65.52540226398057,4.0
2026-04-26T03:00:00+00:00,Karachi,24.8607,67.0011,openweathermap_historical,64.6497484290569,0.01,0.054655347436811205,43.8,0.39,64.86450384799745,97.29675577199617,0.5,2,20.378322654399604,60.264794542747,2.2482647499469843,227.82554989878508,1001,10000,Clouds,3,6,26,4,1,0,1,0.0,0.0,61.82163436273779,62.84767912994632,61.497022629906475,2.6666666666666665,54.17315269359822,3.0
2026-04-26T04:00:00+00:00,Karachi,24.8607,67.0011,openweathermap_historical,75.87639270810831,0.01,0.04324175203639989,43.8,0.39,64.04277182574288,96.06415773861431,0.5,2,24.994436370998567,82.42817055162641,10.716893602946872,214.42284469348945,1001,10000,Clouds,4,6,26,4,1,0,1,0.0,0.0,69.99642630266612,60.11809189774366,63.114777170659636,2.3333333333333335,53.59794027802002,3.0
2026-04-26T05:00:00+00:00,Karachi,24.8607,67.0011,openweathermap_historical,60.17059232044317,0.01,0.035664992242888806,43.8,0.39,36.13452167090099,54.20178250635148,0.5,3,26.47254461178472,65.78309044147682,5.535890870508478,240.64960377978454,1001,10000,Clouds,5,6,26,4,1,0,1,0.0,0.0,55.01393244821379,58.396373120986475,61.678350898990594,2.3333333333333335,34.06216516963069,4.0
2026-04-26T06:00:00+00:00,Karachi,24.8607,67.0011,openweathermap_historical,76.04700781792597,0.01,0.044124173762877326,43.8,0.39,56.93585010759626,85.40377516139439,0.5,4,23.137260755138026,78.87059675035407,5.690581296554222,205.7611417093002,1001,10000,Clouds,6,6,26,4,1,0,1,0.0,0.0,52.37104786808006,57.096341115408904,61.377288208091045,3.0,48.62309507531739,3.0
2026-04-26T07:00:00+00:00,Karachi,24.8607,67.0011,openweathermap_historical,73.68346155903477,0.01,0.03374049412292283,43.8,0.39,52.843440305047395,79.26516045757108,0.5,4,28.562206750068476,66.67169315518757,7.103575784155191,230.55242161999408,1001,10000,Clouds,7,6,26,4,1,1,1,0.0,0.0,48.63793736118157,59.31718183192382,59.82453539616239,3.6666666666666665,45.75840821353318,4.0
2026-04-26T08:00:00+00:00,Karachi,24.8607,67.0011,openweathermap_historical,87.99900602130268,0.01,0.05969447273776541,43.8,0.39,61.775436864206036,92.66315529630906,0.5,4,17.980645008145004,76.84482674999343,3.4898565519968585,240.74502209009148,1001,10000,Clouds,8,6,26,4,1,1,1,0.0,0.0,57.18490909228325,56.09942077024851,60.133370584271944,4.0,52.010805804944226,3.0
2026-04-26T09:00:00+00:00,Karachi,24.8607,67.0011,openweathermap_historical,77.17359625552032,0.01,0.07847473880346434,43.8,0.39,72.27211785003857,108.40817677505785,0.5,3,24.916881899933212,74.57464501925492,7.012640523623657,197.31325882833764,1001,10000,Clouds,9,6,26,4,1,1,1,0.0,0.0,62.29699833976402,57.33402310392202,61.08523694771525,3.6666666666666665,59.358482495027005,4.0
2026-04-26T10:00:00+00:00,Karachi,24.8607,67.0011,openweathermap_historical,89.32767401874767,0.01,0.059028397579414,43.8,0.39,68.42018574945659,102.63027862418488,0.5,2,36.37626720376499,77.77700535117674,10.301865735775703,216.72847002586252,1001,10000,Clouds,10,6,26,4,1,0,1,0.0,0.0,67.48924682123375,58.063592091207646,61.850532242911704,3.0,56.662130024619614,3.0
2026-04-26T11:00:00+00:00,Karachi,24.8607,67.0011,openweathermap_historical,65.04169969786936,0.01,0.045154820422015254,43.8,0.39,37.133470419515675,55.70020562927351,0.5,2,15.29754784999896,57.97009027261668,4.546453540285972,206.38799763537864,1001,10000,Clouds,11,6,26,4,1,0,1,0.0,0.0,59.27525800633697,58.23008354931009,60.99119925588436,2.3333333333333335,34.761429293660974,3.0
2026-04-26T12:00:00+00:00,Karachi,24.8607,67.0011,openweathermap_historical,72.77785649880414,0.01,0.05113461320808122,43.8,0.39,55.47800208311151,83.21700312466727,0.5,3,22.07979667028818,68.54962860999109,5.510177703080653,244.36157040815482,1001,10000,Clouds,12,6,26,4,1,0,1,0.0,0.0,53.67721941736128,57.98710887856263,61.24210682120235,2.3333333333333335,47.602601458178064,3.0
2026-04-26T13:00:00+00:00,Karachi,24.8607,67.0011,openweathermap_historical,61.265090097034964,0.01,0.04733772983503713,43.8,0.39,50.53390228329404,75.80085342494107,0.5,4,16.648219231066403,65.18387469123824,5.587927716467996,260.50969398481084,1001,10000,Clouds,13,6,26,4,1,0,1,0.0,0.0,47.71512492864043,57.60218587493707,61.14739415274602,3.0,44.14173159830583,3.0
2026-04-26T14:00:00+00:00,Karachi,24.8607,67.0011,openweathermap_historical,92.24503937476234,0.01,0.01013952969163245,43.8,0.39,43.86473058126795,65.79709587190192,0.5,3,18.4371542632642,57.40737853387606,2.1802855887773758,223.43317650909214,1001,10000,Clouds,14,6,26,4,1,0,1,0.0,0.0,49.958878315891184,54.617068161114055,60.82914648782295,3.3333333333333335,39.47331140688757,3.0
2026-04-26T15:00:00+00:00,Karachi,24.8607,67.0011,openweathermap_historical,88.83212795275986,0.01,0.04923728938575042,43.8,0.39,46.74402044727961,70.11603067091941,0.5,3,16.622218374751597,56.18410592873897,6.015926105094139,200.4595608077987,1001,10000,Clouds,15,6,26,4,1,0,1,0.0,0.0,47.04755110394722,50.36238526065423,59.84876904175749,3.3333333333333335,41.48881431309573,3.0
2026-04-26T16:00:00+00:00,Karachi,24.8607,67.0011,openweathermap_historical,72.31166983854808,0.01,0.03900935921256188,43.8,0.39,70.51868928856506,105.77803393284759,0.5,4,26.519997194530585,67.79001076735138,5.2471659623548055,234.02412997200008,1001,10000,Clouds,16,6,26,4,1,0,1,0.0,0.0,53.70914677237089,50.71213585050564,59.76801658474306,3.3333333333333335,58.13108250199555,2.0
2026-04-26T17:00:00+00:00,Karachi,24.8607,67.0011,openweathermap_historical,73.51803128187089,0.01,0.032332462544409926,43.8,0.39,78.46235123246169,117.69352684869253,0.5,2,22.78278931111964,81.39752732257833,8.272244158342273,234.00611096876372,1001,10000,Clouds,17,6,26,4,1,1,1,0.0,0.0,65.24168698943548,57.6002826526633,59.416265301333034,3.0,63.691645862723185,3.0
2026-04-26T18:00:00+00:00,Karachi,24.8607,67.0011,openweathermap_historical,77.73314829713165,0.01,0.03985229817807352,43.8,0.39,61.582724395832045,92.37408659374807,0.5,3,23.9819397720344,70.87246337998727,6.542555807409361,190.45294760217718,1001,10000,Clouds,18,6,26,4,1,1,1,0.0,0.0,70.18792163895296,58.617736371450064,59.17907880187792,3.0,51.87590707708243,2.0
2026-04-26T19:00:00+00:00,Karachi,24.8607,67.0011,openweathermap_historical,98.56607585481888,0.01,0.041855313452737054,43.8,0.39,78.94446848162023,118.41670272243036,0.5,3,13.028607388803835,52.5564630073753,4.812124538299792,238.64393445300487,1001,10000,Clouds,19,6,26,4,1,1,1,0.0,0.0,72.99651470330467,63.35283073783776,59.77602338398617,2.6666666666666665,64.02912793713416,3.0
2026-04-26T20:00:00+00:00,Karachi,24.8607,67.0011,openweathermap_historical,76.93589923801791,0.01,0.04686450725367203,43.8,0.39,60.8202287138075,91.23034307071126,0.5,3,24.61341761123882,63.22389567010548,8.335343524506857,215.02866801962867,1001,10000,Clouds,20,6,26,4,1,1,1,0.0,0.0,67.11580719708661,66.17874709326102,59.41000285832252,3.0,51.34216009966526,3.0
2026-04-26T21:00:00+00:00,Karachi,24.8607,67.0011,openweathermap_historical,78.23742511162683,0.01,0.0387299956002203,43.8,0.39,81.76191468268473,122.6428720240271,0.5,4,30.314336652126414,58.86943717217342,6.438787416279606,249.47751654534966,1001,10000,Clouds,21,6,26,4,1,0,1,0.0,0.0,73.84220395937085,72.01506279916187,60.63978757342111,3.3333333333333335,66.00134027787932,3.0
2026-04-26T22:00:00+00:00,Karachi,24.8607,67.0011,openweathermap_historical,77.32195690301147,0.01,0.01773610172164915,43.8,0.39,59.318062341451984,88.97709351217797,0.5,3,27.367868024851,69.96203864969058,4.242668587309577,210.51224073508192,1001,10000,Clouds,22,6,26,4,1,0,1,0.0,0.0,67.30006857931475,70.1482916413097,59.76052787019165,3.3333333333333335,50.290643639016395,4.0
2026-04-26T23:00:00+00:00,Karachi,24.8607,67.0011,openweathermap_historical,73.4206774579717,0.01,0.041014653492613656,43.8,0.39,78.05565137328202,117.08347705992303,0.5,3,27.67265363401499,57.85502604791062,8.664845912877297,218.04953581395046,1001,10000,Clouds,23,6,26,4,1,0,1,0.0,0.0,73.04520946580627,70.08050833144641,61.07681191360157,3.3333333333333335,63.40695596129741,4.0
2026-04-27T00:00:00+00:00,Karachi,24.8607,67.0011,openweathermap_historical,74.9184536284219,0.01,0.045491459857681715,43.8,0.39,71.83499141492248,107.75248712238373,0.5,3,29.078115999859953,48.21882545439593,9.11951198741912,240.63296348144337,1001,10000,Clouds,0,0,27,4,0,0,1,0.0,0.0,69.73623504321885,71.78921950129482,61.3726014666791,3.0,59.05249399044574,3.0
2026-04-27T01:00:00+00:00,Karachi,24.8607,67.0011,openweathermap_historical,77.22756868631426,0.01,0.030586404309197145,43.8,0.39,74.01648587562565,111.02472881343847,0.5,2,15.80531115271873,66.93649348539431,6.495569239804532,254.12894020358954,1001,10000,Clouds,1,0,27,4,0,0,1,0.0,0.0,74.63570955461007,70.9678890669624,62.81002187791526,2.6666666666666665,60.57954011293796,3.0
2026-04-27T02:00:00+00:00,Karachi,24.8607,67.0011,openweathermap_historical,67.21674070119703,0.01,0.015301308957713103,43.8,0.39,50.04284098803406,75.06426148205108,0.5,4,26.337747839458086,59.16306921542802,8.14631283120723,240.6133259297635,1001,10000,Clouds,2,0,27,4,0,0,1,0.0,0.0,65.29810609286075,69.17165777933349,61.51672345098927,3.0,43.79798869162384,2.0
2026-04-27T03:00:00+00:00,Karachi,24.8607,67.0011,openweathermap_historical,72.74838278716791,0.01,0.0029027764618772267,43.8,0.39,81.15094540549418,121.72641810824128,0.5,3,30.38798899574703,86.04881077486971,9.5400527168277,242.59001190950696,1001,10000,Clouds,3,0,27,4,0,0,1,0.0,0.0,68.40342408971799,69.06982956646839,62.195325182551635,3.0,65.57366178384594,4.0
2026-04-27T04:00:00+00:00,Karachi,24.8607,67.0011,openweathermap_historical,84.50325434666499,0.01,0.05388640134436972,43.8,0.39,64.66849190134168,97.00273785201253,0.5,3,33.60194621153554,85.01223110709073,9.164448582612374,248.04834247737196,1001,10000,Clouds,4,0,27,4,0,0,1,0.0,0.0,65.28742609829,69.96156782645001,62.22139685236824,3.3333333333333335,54.03594433093919,2.0
2026-04-27T05:00:00+00:00,Karachi,24.8607,67.0011,openweathermap_historical,77.86008533325179,0.01,0.0220381504867035,43.8,0.39,62.26134031355051,93.39201047032577,0.5,4,23.9674008455018,74.00260596493767,6.2211489494211545,239.1479632447218,1001,10000,Clouds,5,0,27,4,0,0,1,0.0,0.0,69.36025920679548,67.3291826498281,63.31001429581198,3.3333333333333335,52.350938219485364,3.0
2026-04-27T06:00:00+00:00,Karachi,24.8607,67.0011,openweathermap_historical,72.0236075896063,0.01,0.01777474921730673,43.8,0.39,59.82799207202146,89.74198810803219,0.5,3,32.4176968447728,70.63793624245446,7.55069911669906,202.4858112907173,1001,10000,Clouds,6,0,27,4,0,0,1,0.0,0.0,62.2526080956379,65.32801609267793,63.43052021099637,3.3333333333333335,50.64759445041503,3.0
2026-04-27T07:00:00+00:00,Karachi,24.8607,67.0011,openweathermap_historical,66.46621679880668,0.01,0.04221327097857601,43.8,0.39,94.33022553350648,141.49533830025973,0.5,4,25.39961145721078,72.46671919953262,11.904671834218988,216.1864914600901,1001,10000,Clouds,7,0,27,4,0,1,1,0.0,0.0,72.13985263969283,68.7136393689914,65.15913626218214,3.6666666666666665,74.79915787345453,3.0
2026-04-27T08:00:00+00:00,Karachi,24.8607,67.0011,openweathermap_historical,68.62962914341135,0.01,0.03089279740749386,43.8,0.39,81.94936447847121,122.92404671770682,0.5,3,18.808519380853657,76.4034269773166,5.639625351763289,215.59500625197813,1001,10000,Clouds,8,0,27,4,0,1,1,0.0,0.0,78.70252736133307,74.03139328406425,65.99971657944322,3.3333333333333335,66.13255513492986,4.0
2026-04-27T09:00:00+00:00,Karachi,24.8607,67.0011,openweathermap_historical,61.007310161245954,0.01,0.06367462869731731,43.8,0.39,63.012668755972236,94.51900313395835,0.5,4,21.22036547962114,53.66196266609775,3.2450420963425626,224.50078565145935,1001,10000,Clouds,9,0,27,4,0,1,1,0.0,0.0,79.76408625598333,71.0083471758106,65.61390620052377,3.6666666666666665,52.876868129180565,2.0
2026-04-27T10:00:00+00:00,Karachi,24.8607,67.0011,openweathermap_historical,75.69286104398228,0.01,0.05864179611866204,43.8,0.39,40.68051437298449,61.020771559476735,0.5,3,19.50179896206353,62.21346028355804,7.30469927090028,223.80271219201768,1001,10000,Clouds,10,0,27,4,0,0,1,0.0,0.0,61.88084920247601,67.0103509210844,64.45808655983744,3.3333333333333335,37.24436006108915,2.0
2026-04-27T11:00:00+00:00,Karachi,24.8607,67.0011,openweathermap_historical,80.38742835988465,0.01,0.010035536633170167,43.8,0.39,62.628248721680585,93.94237308252087,0.5,3,25.1097111762226,71.43259521095226,5.762309780805179,256.62967742564206,1001,10000,Clouds,11,0,27,4,0,0,1,0.0,0.0,55.440477283545796,67.07150232243941,65.52036898909431,3.3333333333333335,52.60777410517641,2.0
2026-04-27T12:00:00+00:00,Karachi,24.8607,67.0011,openweathermap_historical,76.82768231449239,0.01,0.017375865530796227,43.8,0.39,80.531279809691,120.7969197145365,0.5,3,15.186873519656475,67.65332002410858,5.947581300862501,247.65953025437574,1001,10000,Clouds,12,0,27,4,0,0,1,0.0,0.0,61.28001430145205,70.52205027871766,66.56425556103513,3.0,65.1398958667837,4.0
2026-04-27T13:00:00+00:00,Karachi,24.8607,67.0011,openweathermap_historical,71.67853240035484,0.01,0.026603859955985583,43.8,0.39,67.03775429126259,100.55663143689388,0.5,3,20.293553130481055,76.56899619886751,4.830109778914112,209.3107792986587,1001,10000,Clouds,13,0,27,4,0,0,1,0.0,0.0,70.06576094087808,65.97330507167702,67.25191606136714,3.0,55.694428003883814,3.0
2026-04-27T14:00:00+00:00,Karachi,24.8607,67.0011,openweathermap_historical,71.87252174577301,0.01,-0.0024332343372106477,43.8,0.39,56.36055721620941,84.54083582431412,0.5,3,23.413499799005272,83.11583058326856,6.31677852388353,238.61542204032364,1001,10000,Clouds,14,0,27,4,0,0,1,0.0,0.0,67.97653043905436,61.70850386130005,67.7725755044897,3.0,48.22039005134659,3.0
2026-04-27T15:00:00+00:00,Karachi,24.8607,67.0011,openweathermap_historical,85.45744450381899,0.01,0.050470297825635294,43.8,0.39,51.58949351043807,77.3842402656571,0.5,3,26.734439354394986,64.48493378184232,8.297381535405393,218.08908650234034,1001,10000,Clouds,15,0,27,4,0,0,1,0.0,0.0,58.32926833930338,59.80464132037769,67.97447021545464,3.0,44.88064545730665,3.0
2026-04-27T16:00:00+00:00,Karachi,24.8607,67.0011,openweathermap_historical,89.67705525404313,0.01,0.0557223865025446,43.8,0.39,56.147437743735914,84.22115661560387,0.5,2,22.757731882682656,60.721124632233945,7.242498140976797,244.17927698055692,1001,10000,Clouds,16,0,27,4,0,0,1,0.0,0.0,54.69916282346116,62.38246188216959,67.37566806775344,2.6666666666666665,48.07120642061514,3.0
2026-04-27T17:00:00+00:00,Karachi,24.8607,67.0011,openweathermap_historical,99.41969943232165,0.01,0.06861660316277787,43.8,0.39,61.33449742917038,92.00174614375558,0.5,3,25.51537681334273,65.7869916713927,7.6179821299190325,197.85737101580168,1001,10000,Clouds,17,0,27,4,0,1,1,0.0,0.0,56.357142894448145,62.166836666751216,66.6620074926163,2.6666666666666665,51.70214820041927,4.0
2026-04-27T18:00:00+00:00,Karachi,24.8607,67.0011,openweathermap_historical,75.63301449844943,0.01,0.07316213220288975,43.8,0.39,90.65467768861137,135.98201653291704,0.5,2,27.497623497722678,57.60645433326431,8.906716043851487,237.2813471320275,1001,10000,Clouds,18,0,27,4,0,1,1,0.0,0.0,69.37887095383924,63.85406964657128,67.87333887981544,2.3333333333333335,72.22627438202797,3.0
2026-04-27T19:00:00+00:00,Karachi,24.8607,67.0011,openweathermap_historical,83.08704361530276,0.01,0.07610231171986451,43.8,0.39,85.63908880683073,128.4586332102461,0.5,3,25.326620569270734,43.1850862074138,6.175940586295212,199.60153330037343,1001,10000,Clouds,19,0,27,4,0,1,1,0.0,0.0,79.20942130820418,66.95429206583265,68.15228139336587,2.6666666666666665,68.71536216478151,3.0
2026-04-27T20:00:00+00:00,Karachi,24.8607,67.0011,openweathermap_historical,66.30330341050015,0.01,0.049532253703335444,43.8,0.39,64.80950895443377,97.21426343165065,0.5,3,25.37833736782084,79.57060675658398,8.242080103294862,221.5727118117122,1001,10000,Clouds,20,0,27,4,0,1,1,0.0,0.0,80.36775848329198,68.36245068887003,68.31850140339196,2.6666666666666665,54.13465626810364,3.0
2026-04-27T21:00:00+00:00,Karachi,24.8607,67.0011,openweathermap_historical,79.33442032720528,0.01,0.03681508613658144,43.8,0.39,44.58194122901308,66.87291184351963,0.5,3,24.320296501063343,43.61947858179633,4.969755334678476,239.2748336883392,1001,10000,Clouds,21,0,27,4,0,0,1,0.0,0.0,65.01017966342589,67.19452530863255,66.7693358428223,3.0,39.97535886030916,3.0
2026-04-27T22:00:00+00:00,Karachi,24.8607,67.0011,openweathermap_historical,69.1351750034396,0.01,0.02678974160520245,43.8,0.39,45.52335330842096,68.28502996263144,0.5,4,29.060078441790985,73.07979796207908,5.491312836238018,244.69675663861122,1001,10000,Clouds,22,0,27,4,0,0,1,0.0,0.0,51.638267830622624,65.42384456941339,66.19455629977935,3.3333333333333335,40.63434731589467,3.0
2026-04-27T23:00:00+00:00,Karachi,24.8607,67.0011,openweathermap_historical,81.55680910622925,0.01,0.02048608669965605,43.8,0.39,73.6154512329989,110.42317684949833,0.5,4,24.464684205046037,60.039756776395265,7.38344935670402,254.29375746564,1001,10000,Clouds,23,0,27,4,0,0,1,0.0,0.0,54.57358192347766,67.47067020338481,66.00954796060088,3.6666666666666665,60.29881586309923,3.0
2026-04-28T00:00:00+00:00,Karachi,24.8607,67.0011,openweathermap_historical,86.51853384019525,0.01,0.05985992742746185,43.8,0.39,55.2332516471235,82.84987747068526,0.5,3,21.770994379937363,54.55759678805285,4.892721134875422,214.28135709373495,1001,10000,Clouds,0,1,28,4,0,0,1,0.0,0.0,58.12401872951447,61.56709919647016,65.31780880360925,3.6666666666666665,47.431276152986456,3.0
2026-04-28T01:00:00+00:00,Karachi,24.8607,67.0011,openweathermap_historical,72.41740757315993,0.01,0.03302685380552964,43.8,0.39,33.60945594736753,50.41418392105129,0.5,3,25.515269988492705,69.34127346663684,5.493017103056335,231.90514207288868,1001,10000,Clouds,1,1,28,4,0,0,1,0.0,0.0,54.15271960916332,52.895493719892954,63.63418255659851,3.3333333333333335,32.29461916315727,3.0
2026-04-28T02:00:00+00:00,Karachi,24.8607,67.0011,openweathermap_historical,62.53822700028513,0.01,0.020014508380857658,43.8,0.39,78.58681962762593,117.8802294414389,0.5,2,30.939487390249248,60.54627770419121,5.71250052796214,250.32848110568005,1001,10000,Clouds,2,1,28,4,0,0,1,0.0,0.0,55.80984240737234,55.19171216542498,64.82351499991483,2.6666666666666665,63.77877373933815,2.0
2026-04-28T03:00:00+00:00,Karachi,24.8607,67.0011,openweathermap_historical,73.92572181575684,0.01,0.04530406950235607,43.8,0.39,64.8162033988222,97.22430509823329,0.5,4,20.725082820458454,57.55484665659396,5.436660735964589,244.06203567662968,1001,10000,Clouds,3,1,28,4,0,0,1,0.0,0.0,59.004159657938565,58.56408919372651,64.14290074963684,3.0,54.13934237917554,3.0
2026-04-28T04:00:00+00:00,Karachi,24.8607,67.0011,openweathermap_historical,85.7801013186432,0.01,0.07113805717756232,43.8,0.39,22.70744969193536,34.06117453790304,0.5,2,28.74804371184341,62.77569490612612,6.320488113617233,268.2555522809895,1001,10000,Clouds,4,1,28,4,0,0,1,0.0,0.0,55.37015757279451,54.761438590978905,62.39452399091157,2.6666666666666665,24.66321478435475,2.0
2026-04-28T05:00:00+00:00,Karachi,24.8607,67.0011,openweathermap_historical,90.9291011985892,0.01,0.049150119906181344,43.8,0.39,65.38688557499702,98.08032836249554,0.5,3,17.12496881898671,70.90227021242085,7.2716928641962895,251.5445195250524,1001,10000,Clouds,5,1,28,4,0,0,1,0.0,0.0,50.97017955525155,53.390010981311924,62.524755043471835,3.0,54.53881990249792,3.0
2026-04-28T06:00:00+00:00,Karachi,24.8607,67.0011,openweathermap_historical,70.7031421083939,0.01,0.0646245746903357,43.8,0.39,84.70324815769641,127.05487223654461,0.5,3,26.036111346615357,81.95852206680438,3.5768792921513946,228.56073990091687,1001,10000,Clouds,6,1,28,4,0,0,1,0.0,0.0,57.59919447487628,58.3016770664074,63.56122404704163,2.6666666666666665,68.06027371038749,4.0
2026-04-28T07:00:00+00:00,Karachi,24.8607,67.0011,openweathermap_historical,66.43033939603289,0.01,0.05078746888009058,43.8,0.39,72.65273627484923,108.97910441227384,0.5,3,25.79438427611042,70.73824486149996,5.177517315272308,215.1326598197031,1001,10000,Clouds,7,1,28,4,0,1,1,0.0,0.0,74.24762333584756,64.80889045432102,62.65799532793091,3.0,59.62491539239446,4.0
2026-04-28T08:00:00+00:00,Karachi,24.8607,67.0011,openweathermap_historical,66.11426035359123,0.01,0.04515270764600505,43.8,0.39,65.64805885869656,98.47208828804483,0.5,4,30.803142121290428,68.1390461030516,4.452784024432795,221.1073126865191,1001,10000,Clouds,8,1,28,4,0,1,1,0.0,0.0,74.33468109708075,62.652430326166126,61.9787742604403,3.3333333333333335,54.72164120108759,5.0
2026-04-28T09:00:00+00:00,Karachi,24.8607,67.0011,openweathermap_historical,70.38161625813841,0.01,0.059247453412276815,43.8,0.39,74.57006456641993,111.85509684962989,0.5,2,27.600779262232876,80.77517959235695,4.0618588460268885,236.53495167747423,1001,10000,Clouds,9,1,28,4,0,1,1,0.0,0.0,70.95695323332193,64.27807385409908,62.46033241920896,3.0,60.967045196493956,3.0
2026-04-28T10:00:00+00:00,Karachi,24.8607,67.0011,openweathermap_historical,71.24690796729358,0.01,0.04019446794318248,43.8,0.39,59.492001497947776,89.23800224692167,0.5,2,26.403395961285916,54.91777240306605,6.267760610968949,209.64307531417765,1001,10000,Clouds,10,1,28,4,0,0,1,0.0,0.0,66.57004164102143,70.40883248843448,63.24414438274909,2.6666666666666665,50.412401048563446,3.0
2026-04-28T11:00:00+00:00,Karachi,24.8607,67.0011,openweathermap_historical,77.97699512806977,0.01,0.037068518899330716,43.8,0.39,55.35716022004317,83.03574033006475,0.5,2,27.613079464232694,75.2667836893408,6.481941757365556,251.0096792363601,1001,10000,Clouds,11,1,28,4,0,0,1,0.0,0.0,63.139742094803644,68.73721159594218,62.94118236184753,2.0,47.51801215403022,2.0
2026-04-28T12:00:00+00:00,Karachi,24.8607,67.0011,openweathermap_historical,75.68436672535674,0.01,0.0562372077445821,43.8,0.39,80.69431850289502,121.04147775434252,0.5,4,23.331439690227118,60.93445753199949,3.567714116169191,222.17511119618283,1001,10000,Clouds,12,1,28,4,0,0,1,0.0,0.0,65.18116007362867,68.06905665347529,62.94797564073104,2.6666666666666665,65.25402295202652,4.0
2026-04-28T13:00:00+00:00,Karachi,24.8607,67.0011,openweathermap_historical,89.18607303615576,0.01,0.045626562257096,43.8,0.39,42.959314636445754,64.43897195466863,0.5,3,30.297246913619134,65.15732825856742,9.778398231263093,246.3546227217367,1001,10000,Clouds,13,1,28,4,0,0,1,0.0,0.0,59.670264453128006,63.1201530470747,61.94470732178033,3.0,38.83952024551203,3.0
2026-04-28T14:00:00+00:00,Karachi,24.8607,67.0011,openweathermap_historical,64.57808505666692,0.01,0.05689557282798242,43.8,0.39,74.75702571708177,112.13553857562266,0.5,3,18.530279737353833,61.76566930021615,5.298188657960955,248.08688199456145,1001,10000,Clouds,14,1,28,4,0,0,1,0.0,0.0,66.1368862854742,64.6383141901389,62.711226842650014,3.3333333333333335,61.09791800195725,3.0
2026-04-28T15:00:00+00:00,Karachi,24.8607,67.0011,openweathermap_historical,78.3786038440229,0.01,-0.006800432749810036,43.8,0.39,68.51663304421693,102.7749495663254,0.5,3,21.994497795798324,86.85884501439052,6.7058509243509405,197.96046487782883,1001,10000,Clouds,15,1,28,4,0,0,1,0.0,0.0,62.07765779924818,63.6294089364384,63.41652432322413,3.0,56.72964313095186,3.0
2026-04-28T16:00:00+00:00,Karachi,24.8607,67.0011,openweathermap_historical,84.1696126688515,0.01,0.014546585763142696,43.8,0.39,90.16870964277902,135.25306446416852,0.5,3,23.31114713153531,85.94291661905795,6.373499990001015,198.80979239183796,1001,10000,Clouds,16,1,28,4,0,0,1,0.0,0.0,77.81412280135926,68.74219362724362,64.8340773190176,3.0,71.88609674994532,2.0
2026-04-28T17:00:00+00:00,Karachi,24.8607,67.0011,openweathermap_historical,74.64185112878134,0.01,0.02290423422012405,43.8,0.39,56.66372752747079,84.99559129120618,0.5,4,22.415836584114047,69.85638472481162,7.628965539153375,262.74571512092695,1001,10000,Clouds,17,1,28,4,0,1,1,0.0,0.0,71.78302340482227,68.95995484514822,64.63946190644678,3.3333333333333335,48.43260926922956,4.0
2026-04-28T18:00:00+00:00,Karachi,24.8607,67.0011,openweathermap_historical,78.13503800323372,0.01,0.04490349967753307,43.8,0.39,48.84437843707502,73.26656765561253,0.5,3,20.05368768140791,60.28096839313793,6.870739442947029,249.07009526589553,1001,10000,Clouds,18,1,28,4,0,1,1,0.0,0.0,65.22560520244163,63.65163150084488,62.89736610429944,3.3333333333333335,42.959064905952516,3.0
2026-04-28T19:00:00+00:00,Karachi,24.8607,67.0011,openweathermap_historical,66.64607094580508,0.01,0.004001392440520328,43.8,0.39,60.38059861936497,90.57089792904745,0.5,3,25.687236629973643,69.20474441941509,5.825062444356686,211.82882249642145,1001,10000,Clouds,19,1,28,4,0,1,1,0.0,0.0,55.29623486130362,66.55517883133142,61.844929013155024,3.3333333333333335,51.03441903355548,2.0
2026-04-28T20:00:00+00:00,Karachi,24.8607,67.0011,openweathermap_historical,89.42398419992676,0.01,0.03984636328307215,43.8,0.39,89.71717500462807,134.5757625069421,0.5,3,27.93249847884181,74.45778289668206,5.096294373645916,243.04692927783188,1001,10000,Clouds,20,1,28,4,0,1,1,0.0,0.0,66.31405068702271,69.04853704592246,62.882748431913114,3.0,71.57002250323966,3.0
2026-04-28T21:00:00+00:00,Karachi,24.8607,67.0011,openweathermap_historical,73.8189420387473,0.01,0.0086516551575829,43.8,0.39,70.3528291653141,105.52924374797115,0.5,3,30.736606910630112,66.83286114449722,1.925912891420018,228.0770266638456,1001,10000,Clouds,21,1,28,4,0,0,1,0.0,0.0,73.4835342631024,69.35456973277199,63.956535429259,3.0,58.014980415719876,3.0
2026-04-28T22:00:00+00:00,Karachi,24.8607,67.0011,openweathermap_historical,84.1155043527655,0.01,0.06683620713695433,43.8,0.39,52.32574909933195,78.48862364899793,0.5,3,21.849764543627167,62.97796664099806,4.370285101498223,224.20927900059337,1001,10000,Clouds,22,1,28,4,0,0,1,0.0,0.0,70.79858442309141,63.047409642197486,64.23996858721362,3.0,45.39602436953237,2.0
2026-04-28T23:00:00+00:00,Karachi,24.8607,67.0011,openweathermap_historical,89.616789247817,0.01,0.040061343974175545,43.8,0.39,75.85896851233161,113.78845276849742,0.5,3,28.858453395141634,45.72201630351964,5.1933423619070105,210.69013325253627,1001,10000,Clouds,23,1,28,4,0,0,1,0.0,0.0,66.17918225899258,66.24661647300762,64.33344847385248,3.0,61.86927795863214,3.0
2026-04-29T00:00:00+00:00,Karachi,24.8607,67.0011,openweathermap_historical,85.3553516136916,0.01,0.02124514995807124,43.8,0.39,50.1070212119129,75.16053181786936,0.5,3,21.5173080634856,60.67928905429383,9.15329846463851,261.5204268013008,1001,10000,Clouds,0,2,29,4,0,0,1,0.0,0.0,59.430579607858846,66.45705693548061,64.11985553905204,3.0,43.842914848339035,4.0
2026-04-29T01:00:00+00:00,Karachi,24.8607,67.0011,openweathermap_historical,83.3516561118226,0.01,0.055282928504353866,43.8,0.39,60.18611419030198,90.27917128545297,0.5,3,30.600773889085193,80.18126922989664,6.521832837265919,232.06013830508107,1001,10000,Clouds,1,2,29,4,0,0,1,0.0,0.0,62.05070130484885,66.4246428639701,65.22721629917432,3.0,50.898279933211384,2.0
2026-04-29T02:00:00+00:00,Karachi,24.8607,67.0011,openweathermap_historical,73.40118872001656,0.01,0.046178808313480514,43.8,0.39,55.33807367580333,83.00711051370499,0.5,2,23.340144092667416,55.20366404777761,8.220135593801167,269.61987697329533,1001,10000,Clouds,2,2,29,4,0,0,1,0.0,0.0,55.2104030260061,60.694792642499316,64.25851855118171,2.6666666666666665,47.50465157306233,3.0
2026-04-29T03:00:00+00:00,Karachi,24.8607,67.0011,openweathermap_historical,71.46212432130514,0.01,0.03573089856632127,43.8,0.39,67.72393772829693,101.5859065924454,0.5,3,22.491336606768414,79.2575144012106,8.080476635859359,281.29265280736837,1001,10000,Clouds,3,2,29,4,0,0,1,0.0,0.0,61.08270853146744,60.25664406966312,64.37967414824315,2.6666666666666665,56.174756409807856,3.0
2026-04-29T04:00:00+00:00,Karachi,24.8607,67.0011,openweathermap_historical,85.71666694337767,0.01,0.07577557419226694,43.8,0.39,71.02823223297106,106.5423483494566,0.5,2,27.871365871434495,49.81245766149693,8.398542622811323,261.15888441258386,1001,10000,Clouds,4,2,29,4,0,0,1,0.0,0.0,64.6967478790238,63.3737245919363,66.39304008745297,2.3333333333333335,58.487762563079755,3.0
2026-04-29T05:00:00+00:00,Karachi,24.8607,67.0011,openweathermap_historical,92.61391125640213,0.01,0.059884088618495465,43.8,0.39,48.234691346344874,72.35203701951731,0.5,3,25.012145172578172,66.64300604004666,8.83078180353455,261.5236929453508,1001,10000,Clouds,5,2,29,4,0,0,1,0.0,0.0,62.328953769204325,58.76967839760518,65.6783653279258,2.6666666666666665,42.53228394244142,2.0
2026-04-29T06:00:00+00:00,Karachi,24.8607,67.0011,openweathermap_historical,84.88577189170003,0.01,0.041337764944432975,43.8,0.39,55.361931454556974,83.04289718183546,0.5,4,19.18282638245579,76.0958265391368,6.126530942934167,214.98188619642553,1001,10000,Clouds,6,2,29,4,0,0,1,0.0,0.0,58.208285011291,59.645496771379186,64.45581046529499,3.0,47.52135201818989,4.0
2026-04-29T07:00:00+00:00,Karachi,24.8607,67.0011,openweathermap_historical,81.61929611956025,0.01,0.030820077952239334,43.8,0.39,84.49904399953516,126.74856599930274,0.5,4,25.518956875740688,77.4364641469996,6.424871469251696,201.04118167857627,1001,10000,Clouds,7,2,29,4,0,1,1,0.0,0.0,62.69855560014569,63.69765173958472,64.94940662049024,3.6666666666666665,67.91733079967462,3.0
2026-04-29T08:00:00+00:00,Karachi,24.8607,67.0011,openweathermap_historical,80.05900848742436,0.01,0.051719199396500645,43.8,0.39,78.84873513504508,118.27310270256761,0.5,5,26.756649299680458,47.96637596491074,8.948438869474973,225.67857391113728,1001,10000,Clouds,8,2,29,4,0,1,1,0.0,0.0,72.90323686304576,67.616095316125,65.49943479867143,4.333333333333333,63.962114594531556,4.0
2026-04-29T09:00:00+00:00,Karachi,24.8607,67.0011,openweathermap_historical,72.95432735279917,0.01,0.08020785338006478,43.8,0.39,80.29941375540841,120.44912063311261,0.5,3,30.384855256364368,59.10285560243622,3.967296432275918,213.44553962177505,1001,10000,Clouds,9,2,29,4,0,1,1,0.0,0.0,81.21573096332958,69.71200798731026,65.73815768154594,4.0,64.97758962878589,2.0
2026-04-29T10:00:00+00:00,Karachi,24.8607,67.0011,openweathermap_historical,67.67531580456406,0.01,0.02923527732931725,43.8,0.39,57.001899346991735,85.5028490204876,0.5,3,25.210000715225227,72.7539616708617,4.807261083782906,257.0636423108749,1001,10000,Clouds,10,2,29,4,0,0,1,0.0,0.0,72.05001607914842,67.37428583964704,65.63440342525611,3.6666666666666665,48.66932954289422,4.0
2026-04-29T11:00:00+00:00,Karachi,24.8607,67.0011,openweathermap_historical,73.40533635095196,0.01,0.04080985309621794,43.8,0.39,51.01147789250466,76.51721683875698,0.5,2,35.07377698427561,51.49617380295773,6.9534348924684455,235.62916052045688,1001,10000,Clouds,11,2,29,4,0,0,1,0.0,0.0,62.77093033163496,67.83708359734034,65.45333332827533,2.6666666666666665,44.47603452475326,3.0
2026-04-29T12:00:00+00:00,Karachi,24.8607,67.0011,openweathermap_historical,67.33942629007001,0.01,0.03748465812730386,43.8,0.39,76.73334334103669,115.10001501155503,0.5,4,28.061666503992274,80.21532634061641,5.958950304355521,233.84504426579375,1001,10000,Clouds,12,2,29,4,0,0,1,0.0,0.0,61.58224019351105,71.3989855784203,65.28829269653124,3.0,62.48134033872569,4.0
2026-04-29T13:00:00+00:00,Karachi,24.8607,67.0011,openweathermap_historical,80.16011616896184,0.01,0.024791705514239724,43.8,0.39,66.19357404255493,99.29036106383239,0.5,3,26.98272260398521,61.93496578784559,8.370160678124765,220.321837978727,1001,10000,Clouds,13,2,29,4,0,0,1,0.0,0.0,64.64613175869879,68.34807391892359,66.25638683845246,3.0,55.103501829788456,3.0
2026-04-29T14:00:00+00:00,Karachi,24.8607,67.0011,openweathermap_historical,67.12494578112012,0.01,0.0448213360204574,43.8,0.39,44.340118549784606,66.5101778246769,0.5,3,22.919378715597986,52.55154091430821,5.318185170366513,238.51225387315736,1001,10000,Clouds,14,2,29,4,0,0,1,0.0,0.0,62.42234531112543,62.59663782138017,64.98901570648174,3.3333333333333335,39.80608298484922,4.0
2026-04-29T15:00:00+00:00,Karachi,24.8607,67.0011,openweathermap_historical,70.79143942640567,0.01,0.056397338836639554,43.8,0.39,50.32241735322377,75.48362602983565,0.5,3,20.650447389950756,54.694469584545196,7.543965776693566,243.1648300532608,1001,10000,Clouds,15,2,29,4,0,0,1,0.0,0.0,53.618703315187794,57.60047175434939,64.23092338602369,3.0,43.99369214725664,2.0
2026-04-29T16:00:00+00:00,Karachi,24.8607,67.0011,openweathermap_historical,71.1516127464558,0.01,0.058221603735692615,43.8,0.39,60.353538294701735,90.5303074420526,0.5,2,28.294892666390144,48.731224515874985,7.384534919510477,235.9806264854791,1001,10000,Clouds,16,2,29,4,0,0,1,0.0,0.0,51.67202473257006,58.1590782456344,62.98862457985381,2.6666666666666665,51.01547680629122,3.0
2026-04-29T17:00:00+00:00,Karachi,24.8607,67.0011,openweathermap_historical,79.05775369946656,0.01,0.005739020804703725,43.8,0.39,63.377585395929486,95.06637809389423,0.5,4,30.358146839535713,75.53912061766279,9.654510167085311,240.7407558006759,1001,10000,Clouds,17,2,29,4,0,1,1,0.0,0.0,58.017847014618354,60.22009616287187,63.26836865770625,3.0,53.13230977715064,3.0
2026-04-29T18:00:00+00:00,Karachi,24.8607,67.0011,openweathermap_historical,94.56114769152597,0.01,0.06239976596167099,43.8,0.39,81.7781520895935,122.66722813439026,0.5,3,20.1797858513696,52.887692822410074,5.052879553419288,211.1303382126371,1001,10000,Clouds,18,2,29,4,0,1,1,0.0,0.0,68.5030919267416,61.060897620964674,64.64060922656118,3.0,66.01270646271546,4.0
2026-04-29T19:00:00+00:00,Karachi,24.8607,67.0011,openweathermap_historical,80.84899204821747,0.01,0.038052066355569694,43.8,0.39,63.16763640324098,94.75145460486146,0.5,2,26.005168383721976,65.3850307158583,4.036683530766773,231.78700360192394,1001,10000,Clouds,19,2,29,4,0,1,1,0.0,0.0,69.441124629588,60.55657468107901,64.75673580088936,3.0,52.985345482268684,2.0
2026-04-29T20:00:00+00:00,Karachi,24.8607,67.0011,openweathermap_historical,67.13700832773482,0.01,0.02986723234721858,43.8,0.39,99.710783824824,149.566175737236,0.5,3,18.810030311987198,62.214000440048366,6.312853399987719,234.18627338692957,1001,10000,Clouds,20,2,29,4,0,1,1,0.0,0.0,81.55219077255286,69.78501889358559,65.1731361683975,2.6666666666666665,78.56554867737681,4.0
2026-04-29T21:00:00+00:00,Karachi,24.8607,67.0011,openweathermap_historical,83.80718413632644,0.01,0.05313709601602587,43.8,0.39,52.17125213809325,78.25687820713988,0.5,3,21.810544629732348,75.376464920438,3.7457749171185895,222.51470291251024,1001,10000,Clouds,21,2,29,4,0,0,1,0.0,0.0,71.68322412205276,70.09315802439717,64.41557045892999,2.6666666666666665,45.28787649666528,3.0
2026-04-29T22:00:00+00:00,Karachi,24.8607,67.0011,openweathermap_historical,97.37304253462865,0.01,0.05841589276081781,43.8,0.39,46.80374509570831,70.20561764356246,0.5,2,26.91770435607956,56.94476839744747,3.6610563531739952,236.20331771485684,1001,10000,Clouds,22,2,29,4,0,0,1,0.0,0.0,66.22859368620855,67.83485915789825,64.185486958779,2.6666666666666665,41.53062156699582,4.0
2026-04-29T23:00:00+00:00,Karachi,24.8607,67.0011,openweathermap_historical,71.38203168448261,0.01,0.022415388845625665,43.8,0.39,56.60370650433559,84.90555975650338,0.5,3,25.98329415833651,76.15771118280034,8.63457976798743,205.1239749559458,1001,10000,Clouds,23,2,29,4,0,0,1,0.0,0.0,51.85956791271241,66.7058793426326,63.3831843751125,2.6666666666666665,48.390594553034916,4.0
2026-04-30T00:00:00+00:00,Karachi,24.8607,67.0011,openweathermap_historical,73.07331255006947,0.01,0.030147864037258658,43.8,0.39,60.988888461278506,91.48333269191775,0.5,4,25.926522859622168,70.02434993163517,5.6311032363922155,259.2751225330709,1001,10000,Clouds,0,3,30,4,0,0,1,0.0,0.0,54.79878002044082,63.241002071246776,63.836595510502725,3.0,51.46022192289496,3.0
2026-04-30T01:00:00+00:00,Karachi,24.8607,67.0011,openweathermap_historical,54.76021401084289,0.01,0.035779568977952494,43.8,0.39,83.08441705341842,124.62662558012764,0.5,2,18.122446889615123,56.75169827491944,6.182097869195877,249.2181154573504,1001,10000,Clouds,1,3,30,4,0,0,1,0.0,0.0,66.89233733967752,66.56046551294301,64.79069146313257,3.0,66.9270919373929,2.0
2026-04-30T02:00:00+00:00,Karachi,24.8607,67.0011,openweathermap_historical,76.66384358005075,0.01,0.04153935255328113,43.8,0.39,55.106405751505406,82.65960862725811,0.5,3,28.390452065369388,73.07139300738783,5.3507617207860845,243.61582761002936,1001,10000,Clouds,2,3,30,4,0,0,1,0.0,0.0,66.39323708873412,59.12640250072325,64.7810386329535,3.0,47.34248402605378,3.0
2026-04-30T03:00:00+00:00,Karachi,24.8607,67.0011,openweathermap_historical,70.70378902663715,0.01,0.008045601084046117,43.8,0.39,57.01747160217832,85.52620740326748,0.5,3,22.0418820336712,61.402328007861456,4.7361549193175305,257.3559567403007,1001,10000,Clouds,3,3,30,4,0,0,1,0.0,0.0,65.06943146903407,59.93410574473742,64.33493587769856,2.6666666666666665,48.68023012152483,4.0
2026-04-30T04:00:00+00:00,Karachi,24.8607,67.0011,openweathermap_historical,78.48978397964109,0.01,0.05193153905332298,43.8,0.39,68.05002623869396,102.07503935804094,0.5,3,21.41822795934953,73.15267416123109,10.343212650252452,261.85770654276865,1001,10000,Clouds,4,3,30,4,0,0,1,0.0,0.0,60.05796786412592,63.4751526019017,64.21084396127036,3.0,56.40301836708578,4.0
2026-04-30T05:00:00+00:00,Karachi,24.8607,67.0011,openweathermap_historical,67.93596809078366,0.01,0.0674659992478785,43.8,0.39,56.50090145102011,84.75135217653016,0.5,2,28.755310131458852,66.27278425483098,4.183533210986921,248.02614447213676,1001,10000,Clouds,5,3,30,4,0,0,1,0.0,0.0,60.52279976396415,63.45801842634912,64.55526938229848,2.6666666666666665,48.31863101571408,3.0
2026-04-30T06:00:00+00:00,Karachi,24.8607,67.0011,openweathermap_historical,76.96904712956889,0.01,0.007867722868368517,43.8,0.39,63.19000002851526,94.78500004277288,0.5,4,31.393431066465197,56.82644094566922,3.595915985915384,244.32032739846008,1001,10000,Clouds,6,3,30,4,0,0,1,0.0,0.0,62.58030923940979,63.82487035422191,64.8814389062134,3.0,53.001000019960685,4.0
2026-04-30T07:00:00+00:00,Karachi,24.8607,67.0011,openweathermap_historical,88.13599551608681,0.01,0.0571182879452122,43.8,0.39,77.41209390646127,116.11814085969189,0.5,3,29.720947969720143,71.82043368151106,5.691340327458303,224.28357821044887,1001,10000,Clouds,7,3,30,4,0,1,1,0.0,0.0,65.7009984619989,62.87948316306239,64.58614931900199,3.0,62.95646573452289,4.0
2026-04-30T08:00:00+00:00,Karachi,24.8607,67.0011,openweathermap_historical,70.14502891424598,0.01,0.04052858327819757,43.8,0.39,68.6262432934642,102.9393649401963,0.5,4,33.88010927151387,64.51353300876674,8.871489075139491,228.4176865898025,1001,10000,Clouds,8,3,30,4,0,1,1,0.0,0.0,69.74277907614693,65.13278942005552,64.16021215893613,3.6666666666666665,56.80637030542495,4.0
2026-04-30T09:00:00+00:00,Karachi,24.8607,67.0011,openweathermap_historical,80.90266021104708,0.01,0.03478045919734153,43.8,0.39,66.01711517972753,99.0256727695913,0.5,2,23.583026635761964,64.02071245271766,5.254238468896576,241.11489170203453,1001,10000,Clouds,9,3,30,4,0,1,1,0.0,0.0,70.68515079321769,66.63273001631372,63.56511638494942,3.0,54.979980625809276,3.0
2026-04-30T10:00:00+00:00,Karachi,24.8607,67.0011,openweathermap_historical,67.48579884374132,0.01,0.050758035289615144,43.8,0.39,53.408563844772665,80.112845767159,0.5,4,20.02668922744681,67.43925954337062,7.539779494785656,247.05721710019867,1001,10000,Clouds,10,3,30,4,0,0,1,0.0,0.0,62.68397410598815,64.19248628399352,63.41539407235697,3.3333333333333335,46.15399469134087,4.0
2026-04-30T11:00:00+00:00,Karachi,24.8607,67.0011,openweathermap_historical,85.32162696770779,0.01,0.036415066253661435,43.8,0.39,66.12866105089711,99.19299157634566,0.5,3,26.381637953473266,57.7621200377554,9.876432027008448,243.44895898971532,1001,10000,Clouds,11,3,30,4,0,0,1,0.0,0.0,61.85144669179912,65.797112883973,64.04527670395665,3.0,55.058062735627985,3.0
2026-04-30T12:00:00+00:00,Karachi,24.8607,67.0011,openweathermap_historical,84.32922946440263,0.01,0.058405194755296756,43.8,0.39,98.78824418627161,148.1823662794074,0.5,4,31.436110244470985,66.62806186662162,6.914789380122668,211.61329171613286,1001,10000,Clouds,12,3,30,4,0,0,1,0.0,0.0,72.77515636064716,71.7301535769324,64.96423090584143,3.6666666666666665,77.91977093039013,2.0
2026-04-30T13:00:00+00:00,Karachi,24.8607,67.0011,openweathermap_historical,72.82931326283654,0.01,0.06816746106134765,43.8,0.39,66.79771609757526,100.19657414636289,0.5,3,22.418844924787464,62.440006468987384,7.101749377106246,241.25973865848292,1001,10000,Clouds,13,3,30,4,0,0,1,0.0,0.0,77.23820711158136,69.96109060878473,64.98940349146729,3.3333333333333335,55.52640126830269,4.0
2026-04-30T14:00:00+00:00,Karachi,24.8607,67.0011,openweathermap_historical,68.5372097156506,0.01,0.05276284063172637,43.8,0.39,48.165519502667095,72.24827925400064,0.5,4,19.683231142322562,67.79306062307163,8.670206240546529,199.1109813128652,1001,10000,Clouds,14,3,30,4,0,0,1,0.0,0.0,71.25049326217135,66.5509699769852,65.14879519783739,3.6666666666666665,42.48386365186697,3.0
2026-04-30T15:00:00+00:00,Karachi,24.8607,67.0011,openweathermap_historical,78.31841635254567,0.01,0.04899091539496221,43.8,0.39,70.67974677133988,106.01962015700983,0.5,2,23.964863957353934,79.77284784175532,4.592623343523295,212.66653675271414,1001,10000,Clouds,15,3,30,4,0,0,1,0.0,0.0,61.88099412386077,67.32807524225393,65.99701725692556,3.0,58.243822739937926,3.0
2026-04-30T16:00:00+00:00,Karachi,24.8607,67.0011,openweathermap_historical,90.3369232579086,0.01,0.05687173766695676,43.8,0.39,45.32451279003337,67.98676918505005,0.5,3,35.406550025358285,59.684000300275414,6.8432654047272745,224.85210826077716,1001,10000,Clouds,16,3,30,4,0,0,1,0.0,0.0,54.72325968801348,65.98073339979739,65.3708078608977,3.0,40.495158953023356,4.0
2026-04-30T17:00:00+00:00,Karachi,24.8607,67.0011,openweathermap_historical,69.98357855161146,0.01,0.019147556089906495,43.8,0.39,92.06851419836742,138.10277129755113,0.5,3,22.411246740506737,49.554949242309085,4.828436993273769,229.1984007238955,1001,10000,Clouds,17,3,30,4,0,1,1,0.0,0.0,69.35759125324692,70.30404225770911,66.56626322766596,2.6666666666666665,73.2159599388572,3.0
2026-04-30T18:00:00+00:00,Karachi,24.8607,67.0011,openweathermap_historical,81.31012419898546,0.01,0.026703706934118616,43.8,0.39,61.18524854876503,91.77787282314755,0.5,4,32.59540733222671,52.497774870828906,5.273135488041185,223.12211641288098,1001,10000,Clouds,18,3,30,4,0,1,1,0.0,0.0,66.19275851238864,64.03687631812467,65.70822558013144,3.3333333333333335,51.597673984135525,3.0
2026-04-30T19:00:00+00:00,Karachi,24.8607,67.0011,openweathermap_historical,94.10105597614263,0.01,0.05681908199440852,43.8,0.39,80.23402429740297,120.35103644610444,0.5,2,11.629319436954269,61.4608743779545,7.0640389556073355,214.70254006576366,1001,10000,Clouds,19,3,30,4,0,1,1,0.0,0.0,77.82926234817852,66.27626101809595,66.41932507572152,3.0,64.93181700818208,3.0
2026-04-30T20:00:00+00:00,Karachi,24.8607,67.0011,openweathermap_historical,85.84115350644835,0.01,0.027951692404711986,43.8,0.39,75.86906868368524,113.80360302552786,0.5,4,31.258425266418264,69.40287817537047,7.545366925375934,263.09863925336276,1001,10000,Clouds,20,3,30,4,0,1,1,0.0,0.0,72.42944717661777,70.89351921493233,65.42592027817408,3.3333333333333335,61.876348078579674,3.0
2026-04-30T21:00:00+00:00,Karachi,24.8607,67.0011,openweathermap_historical,79.60723066887876,0.01,0.08351051968737162,43.8,0.39,57.22575814518554,85.83863721777831,0.5,3,23.76919915195715,59.616552014780304,4.40771210527102,193.82097541632373,1001,10000,Clouds,21,3,30,4,0,0,1,0.0,0.0,71.10961704209127,68.65118777723994,65.63652469513625,3.0,48.826030701629875,3.0
2026-04-30T22:00:00+00:00,Karachi,24.8607,67.0011,openweathermap_historical,74.98144592745678,0.01,0.04592817983097663,43.8,0.39,52.04198951285693,78.0629842692854,0.5,4,28.675864040542514,64.92155727109223,2.8367272059728066,221.57363164278945,1001,10000,Clouds,22,3,30,4,0,0,1,0.0,0.0,61.71227211390926,69.77076723104385,65.85478487918412,3.6666666666666665,45.19739265899985,3.0
2026-04-30T23:00:00+00:00,Karachi,24.8607,67.0011,openweathermap_historical,83.5684859826013,0.01,0.053858367465742275,43.8,0.39,75.11626734006234,112.6744010100935,0.5,4,25.482042033779052,69.38957799843811,11.260453230465632,218.85344828906585,1001,10000,Clouds,23,3,30,4,0,0,1,0.0,0.0,61.46133833270162,66.94539275465966,66.62614158067272,3.6666666666666665,61.34938713804364,3.0
2026-05-01T00:00:00+00:00,Karachi,24.8607,67.0011,openweathermap_historical,96.84642140598496,0.01,0.052343718000502304,43.8,0.39,54.007174941766344,81.01076241264951,0.5,3,33.000453107255474,60.89099966716543,8.353703645359591,217.24488904454049,1001,10000,Clouds,0,4,1,5,0,0,1,0.0,0.0,60.388477264895236,65.74904715349324,66.33523685069305,3.6666666666666665,46.57302245923644,3.0
2026-05-01T01:00:00+00:00,Karachi,24.8607,67.0011,openweathermap_historical,80.93524763734406,0.01,0.07643112922857413,43.8,0.39,42.446219437158064,63.669329155737096,0.5,2,26.34689512770682,51.36679151233587,6.809891012037105,197.04129314540944,1001,10000,Clouds,1,4,1,5,0,0,1,0.0,0.0,57.189887239662276,59.451079676785746,64.64197861668221,3.0,38.480353606010645,3.0
2026-05-01T02:00:00+00:00,Karachi,24.8607,67.0011,openweathermap_historical,94.03761002212235,0.01,0.0387378730222211,43.8,0.39,70.97595500281993,106.46393250422989,0.5,3,18.387982338681294,69.7730337459245,5.513789058690646,213.8033914533777,1001,10000,Clouds,2,4,1,5,0,0,1,0.0,0.0,55.809783127248146,58.63556072997485,65.30320983548698,2.6666666666666665,58.45116850197395,3.0
2026-05-01T03:00:00+00:00,Karachi,24.8607,67.0011,openweathermap_historical,88.33918171373296,0.01,0.017466544231988467,43.8,0.39,56.99082249018093,85.4862337352714,0.5,4,26.343314351909022,42.48335823402374,4.373453011227443,230.82531327926313,1001,10000,Clouds,3,4,1,5,0,0,1,0.0,0.0,56.804332310053006,58.596404787474086,65.30209945582043,3.0,48.66157574312666,3.0
2026-05-01T04:00:00+00:00,Karachi,24.8607,67.0011,openweathermap_historical,82.51222561139431,0.01,0.060217637919902825,43.8,0.39,50.531087216019834,75.79663082402975,0.5,4,24.124602297269966,82.71763504646255,7.974221815216676,230.8624846376026,1001,10000,Clouds,4,4,1,5,0,0,1,0.0,0.0,59.49928823634027,58.344587738001245,64.57214366320899,3.6666666666666665,44.13976105121388,3.0
2026-05-01T05:00:00+00:00,Karachi,24.8607,67.0011,openweathermap_historical,65.07281553986333,0.01,0.05454955687828954,43.8,0.39,54.30397864135984,81.45596796203976,0.5,3,19.413702635989175,63.335664358574576,6.955257348312432,230.1587365144543,1001,10000,Clouds,5,4,1,5,0,0,1,0.0,0.0,53.94196278252023,54.87587295488416,64.48060521280648,3.6666666666666665,46.78078504895189,3.0
2026-05-01T06:00:00+00:00,Karachi,24.8607,67.0011,openweathermap_historical,56.54484501303651,0.01,0.030217773608201444,43.8,0.39,66.29506417717674,99.4425962657651,0.5,4,19.29132919510439,75.32381453468692,5.1541363947644365,212.09122694424008,1001,10000,Clouds,6,4,1,5,0,0,1,0.0,0.0,57.043376678185496,56.92385449411922,64.60998288566738,3.6666666666666665,55.17454492402372,3.0
2026-05-01T07:00:00+00:00,Karachi,24.8607,67.0011,openweathermap_historical,74.01039793196696,0.01,0.0061639359959303405,43.8,0.39,52.068895525892984,78.10334328883948,0.5,4,29.94310354462654,58.98394912523724,2.9302433407218933,238.56789848693515,1001,10000,Clouds,7,4,1,5,0,1,1,0.0,0.0,57.55597944814321,58.527633842241706,63.55401628647704,3.6666666666666665,45.21622686812509,4.0
2026-05-01T08:00:00+00:00,Karachi,24.8607,67.0011,openweathermap_historical,71.80146375667992,0.01,0.06482456466332842,43.8,0.39,64.65186933571763,96.97780400357645,0.5,4,22.536621403016447,47.72476079839184,4.137753345850514,271.4685200377519,1001,10000,Clouds,8,4,1,5,0,1,1,0.0,0.0,61.005276346262484,57.47361956439132,63.38841737157093,4.0,54.02430853500235,5.0
2026-05-01T09:00:00+00:00,Karachi,24.8607,67.0011,openweathermap_historical,68.70865877742823,0.01,0.011685111641523745,43.8,0.39,70.80376632323137,106.20564948484706,0.5,3,22.107841569484236,73.29852353095343,9.902873783940837,241.31823785089497,1001,10000,Clouds,9,4,1,5,0,1,1,0.0,0.0,62.50817706161403,59.77577686989974,63.58786116921692,3.6666666666666665,58.33063642626196,3.0
2026-05-01T10:00:00+00:00,Karachi,24.8607,67.0011,openweathermap_historical,82.98183270212917,0.01,0.06667927595536523,43.8,0.39,37.14175561700961,55.71263342551441,0.5,4,33.249700220286186,48.22850243721926,9.0130315533723,247.49134205425958,1001,10000,Clouds,10,4,1,5,0,0,1,0.0,0.0,57.53246375865291,57.54422160339803,62.91007749306013,3.6666666666666665,34.76722893190673,3.0
2026-05-01T11:00:00+00:00,Karachi,24.8607,67.0011,openweathermap_historical,85.49347239894297,0.01,0.06298564784408711,43.8,0.39,35.50673394965963,53.26010092448945,0.5,3,25.493372408137542,76.25324459929203,2.2290744016466233,237.90155055679958,1001,10000,Clouds,11,4,1,5,0,0,1,0.0,0.0,47.8174186299669,54.411347488114664,61.6341638638419,3.3333333333333335,33.62271376476175,3.0
2026-05-01T12:00:00+00:00,Karachi,24.8607,67.0011,openweathermap_historical,91.13506476877242,0.01,0.02756582934198444,43.8,0.39,62.06270634569724,93.09405951854586,0.5,2,27.201835158906658,51.34963336124967,3.8798821072577403,201.72689569674202,1001,10000,Clouds,12,4,1,5,0,0,1,0.0,0.0,44.90373197078886,53.70595451620141,60.10393312048463,3.0,52.211894441988065,4.0
2026-05-01T13:00:00+00:00,Karachi,24.8607,67.0011,openweathermap_historical,99.6432372761988,0.01,0.06172043457841202,43.8,0.39,43.06555194153802,64.59832791230703,0.5,4,16.633246822070962,65.526285172033,8.023585526299222,241.59267147401448,1001,10000,Clouds,13,4,1,5,0,0,1,0.0,0.0,46.87833074563165,52.205397252142255,59.11509294731642,3.0,38.91388635907661,3.0
2026-05-01T14:00:00+00:00,Karachi,24.8607,67.0011,openweathermap_historical,69.6191752863808,0.01,0.03462087678866438,43.8,0.39,61.133266063252215,91.69989909487832,0.5,3,23.652651614023092,67.29279181575511,5.765929721929066,223.49990402043343,1001,10000,Clouds,14,4,1,5,0,0,1,0.0,0.0,55.42050811682918,51.61896337339801,59.655415720674135,3.0,51.56128624427655,4.0
2026-05-01T15:00:00+00:00,Karachi,24.8607,67.0011,openweathermap_historical,75.03682021699417,0.01,0.02525692701517885,43.8,0.39,81.20842388147722,121.81263582221582,0.5,3,25.311379429494913,71.91473154885549,9.385050219189516,215.94083795382406,1001,10000,Clouds,15,4,1,5,0,0,1,0.0,0.0,61.80241396208917,53.35307296643899,60.09411060026318,3.3333333333333335,65.61389671703405,3.0
2026-05-01T16:00:00+00:00,Karachi,24.8607,67.0011,openweathermap_historical,68.62979238564661,0.01,0.047551547542193644,43.8,0.39,66.86314306359715,100.29471459539573,0.5,4,22.34137173705378,71.8504317882845,5.907840406208576,254.5541407294782,1001,10000,Clouds,16,4,1,5,0,0,1,0.0,0.0,69.73494433610888,58.30663754087024,60.991553528328346,3.3333333333333335,55.57220014451801,3.0
2026-05-01T17:00:00+00:00,Karachi,24.8607,67.0011,openweathermap_historical,92.52368582366216,0.01,0.020557060372286492,43.8,0.39,81.17740761079304,121.76611141618956,0.5,3,24.590379882412538,63.040703601826024,5.2614090659506125,245.54991243613964,1001,10000,Clouds,17,4,1,5,0,1,1,0.0,0.0,76.41632485195582,65.91841648439248,60.53775742051275,3.3333333333333335,65.59218532755513,2.0
2026-05-01T18:00:00+00:00,Karachi,24.8607,67.0011,openweathermap_historical,86.79288206079005,0.01,0.05447795897153141,43.8,0.39,55.85364995873471,83.78047493810206,0.5,3,27.297040048823156,78.8291402585193,6.017162040717789,206.67544216075248,1001,10000,Clouds,18,4,1,5,0,1,1,0.0,0.0,67.964733544375,64.88357375323206,60.31560747926148,3.3333333333333335,47.86555497111429,2.0
2026-05-01T19:00:00+00:00,Karachi,24.8607,67.0011,openweathermap_historical,53.33859416325021,0.01,0.039272914478686034,43.8,0.39,40.21225873632914,60.31838810449371,0.5,3,21.337883214891605,61.78019841192145,5.3494007430289745,250.46613258751248,1001,10000,Clouds,19,4,1,5,0,1,1,0.0,0.0,59.08110543528566,64.40802488569724,58.64803391421674,3.0,36.9165811154304,3.0
2026-05-01T20:00:00+00:00,Karachi,24.8607,67.0011,openweathermap_historical,69.38315366849345,0.01,0.041365602240666675,43.8,0.39,52.18735832023281,78.28103748034921,0.5,3,21.555783595108235,64.63679843589064,7.4203869556585484,230.13480383669415,1001,10000,Clouds,20,4,1,5,0,1,1,0.0,0.0,49.417755671765576,62.91704026186068,57.661295982406216,3.0,45.299150824162965,3.0
2026-05-01T21:00:00+00:00,Karachi,24.8607,67.0011,openweathermap_historical,76.20509512272632,0.01,0.04349070317828434,43.8,0.39,84.87582503180303,127.31373754770455,0.5,3,28.290364388599922,70.67347974649995,7.462843387424419,231.90677685373413,1001,10000,Clouds,21,4,1,5,0,0,1,0.0,0.0,59.091814029455016,63.52827378691498,58.81338210268195,3.0,68.18107752226213,3.0
2026-05-01T22:00:00+00:00,Karachi,24.8607,67.0011,openweathermap_historical,52.52217927056537,0.01,0.06682958524865651,43.8,0.39,79.32720920266061,118.99081380399092,0.5,3,15.471959362087192,66.0482793926551,9.392079506207745,256.2218898712871,1001,10000,Clouds,22,4,1,5,0,0,1,0.0,0.0,72.13013085156551,65.60561814342556,59.95026625642377,3.0,64.29704644186243,4.0
2026-05-01T23:00:00+00:00,Karachi,24.8607,67.0011,openweathermap_historical,80.91550636216493,0.01,0.06304093232910148,43.8,0.39,72.62372023262833,108.9355803489425,0.5,3,27.462264151278706,62.62749562843922,7.290548829737931,218.87390566569414,1001,10000,Clouds,23,4,1,5,0,0,1,0.0,0.0,78.94225148903068,64.1800035803981,59.846410126947355,3.0,59.604604162839834,2.0
2026-05-02T00:00:00+00:00,Karachi,24.8607,67.0011,openweathermap_historical,72.27587543669587,0.01,0.06194500532799409,43.8,0.39,57.84536192458308,86.76804288687462,0.5,3,21.069199192090167,51.612789905083346,6.40302505924577,214.01510048575517,1001,10000,Clouds,0,5,2,5,1,0,1,0.0,0.0,69.93209711995736,64.51195557470616,60.00633458456471,3.0,49.25975334720816,4.0
2026-05-02T01:00:00+00:00,Karachi,24.8607,67.0011,openweathermap_historical,86.87749115890253,0.01,0.06931434727768253,43.8,0.39,56.99592136680681,85.49388205021022,0.5,3,29.629826656696544,60.997427850701335,7.898218535220292,217.7084335256561,1001,10000,Clouds,1,5,2,5,1,0,1,0.0,0.0,62.48833450800609,67.30923267978578,60.61257216496674,3.0,48.66514495676478,3.0
2026-05-02T02:00:00+00:00,Karachi,24.8607,67.0011,openweathermap_historical,66.76524322064203,0.01,0.04415996557323866,43.8,0.39,66.4232014870201,99.63480223053014,0.5,3,17.102224361010265,68.12949624400659,4.146513014708535,227.99155486586378,1001,10000,Clouds,2,5,2,5,1,0,1,0.0,0.0,60.42149492613669,69.68187320758366,60.422874101808425,3.0,55.26424104091407,3.0
2026-05-02T03:00:00+00:00,Karachi,24.8607,67.0011,openweathermap_historical,60.879336136741586,0.01,0.04437191538125495,43.8,0.39,66.61894508723731,99.92841763085596,0.5,3,18.442922183758004,83.37648415714058,8.388731987696646,209.78283055960517,1001,10000,Clouds,3,5,2,5,1,0,1,0.0,0.0,63.346022647021435,66.63905988348937,60.82404587668577,3.0,55.40126156106612,2.0
2026-05-02T04:00:00+00:00,Karachi,24.8607,67.0011,openweathermap_historical,72.80095439874242,0.01,0.044883885427961866,43.8,0.39,56.25274605392603,84.37911908088904,0.5,3,27.148408729424613,53.1282339632911,4.492502411557841,236.4464049111404,1001,10000,Clouds,4,5,2,5,1,0,1,0.0,0.0,63.098297542727835,62.79331602536694,61.06244832826519,3.0,48.144922237748226,4.0
2026-05-02T05:00:00+00:00,Karachi,24.8607,67.0011,openweathermap_historical,69.20152565081074,0.01,0.04270687399071158,43.8,0.39,65.64635680502883,98.46953520754325,0.5,3,25.380636738470425,68.62910695502308,5.864309890908491,245.3928082422842,1001,10000,Clouds,5,5,2,5,1,0,1,0.0,0.0,62.83934931539741,61.63042212076703,61.53504741841807,3.0,54.720449763520186,3.0
2026-05-02T06:00:00+00:00,Karachi,24.8607,67.0011,openweathermap_historical,86.51307915756206,0.01,0.021705688786065953,43.8,0.39,73.07728672377026,109.61593008565538,0.5,3,25.62764489709671,49.04542502780577,6.486429085548271,253.64577040667098,1001,10000,Clouds,6,5,2,5,1,0,1,0.0,0.0,64.99212986090839,64.16907625396489,61.81764002452613,3.0,59.922100706639185,4.0
2026-05-02T07:00:00+00:00,Karachi,24.8607,67.0011,openweathermap_historical,67.93197934146325,0.01,0.05364693271769822,43.8,0.39,83.70226853270472,125.55340279905708,0.5,4,28.099063875277007,65.36056982801412,6.3970257777919635,209.4263767541238,1001,10000,Clouds,7,5,2,5,1,1,1,0.0,0.0,74.14197068716796,68.62013411494787,63.13569723314328,3.3333333333333335,67.35958797289331,4.0
2026-05-02T08:00:00+00:00,Karachi,24.8607,67.0011,openweathermap_historical,85.86563423527372,0.01,0.00833129443456631,43.8,0.39,83.12653914172886,124.68980871259328,0.5,5,21.04703682197184,69.11188062013571,9.245040310153405,246.98736076197997,1001,10000,Clouds,8,5,2,5,1,1,1,0.0,0.0,79.96869813273464,71.404023724066,63.90547514172709,4.0,66.9565773992102,5.0
2026-05-02T09:00:00+00:00,Karachi,24.8607,67.0011,openweathermap_historical,79.39427792027679,0.01,0.0522932765849105,43.8,0.39,56.296725113317805,84.44508766997672,0.5,3,24.61575872218788,66.09382281310322,6.263909941257121,249.7510216542227,1001,10000,Clouds,9,5,2,5,1,1,1,0.0,0.0,74.37517759591715,69.68365372841275,63.30101509131402,4.0,48.17570757932246,4.0
2026-05-02T10:00:00+00:00,Karachi,24.8607,67.0011,openweathermap_historical,70.19678403895641,0.01,0.02894285260287092,43.8,0.39,62.427248466227965,93.64087269934194,0.5,3,16.780494386304333,49.95556955890888,5.86440081788699,210.89604899683536,1001,10000,Clouds,10,5,2,5,1,0,1,0.0,0.0,67.2835042404249,70.7127374637964,64.35457729336478,3.6666666666666665,52.467073926359575,4.0
2026-05-02T11:00:00+00:00,Karachi,24.8607,67.0011,openweathermap_historical,84.94461090753563,0.01,0.012385375619452476,43.8,0.39,60.754014834660566,91.13102225199086,0.5,3,31.899077614942733,57.33457000335792,5.27278181545585,233.49755109528635,1001,10000,Clouds,11,5,2,5,1,0,1,0.0,0.0,59.8259961380688,69.89734713540169,65.40654733023983,3.0,51.295810384262396,3.0
2026-05-02T12:00:00+00:00,Karachi,24.8607,67.0011,openweathermap_historical,57.59727449753781,0.01,0.07127917789740351,43.8,0.39,50.226623793816756,75.33993569072513,0.5,4,29.324082335991683,84.5131829265418,4.781192578259679,233.077545073865,1001,10000,Clouds,12,5,2,5,1,0,1,0.0,0.0,57.80262903156845,66.08890331374278,64.91337722391147,3.3333333333333335,43.92663665567173,3.0
2026-05-02T13:00:00+00:00,Karachi,24.8607,67.0011,openweathermap_historical,70.46037028214548,0.01,0.02828497404067013,43.8,0.39,77.71386625223141,116.57079937834712,0.5,3,16.29410883353292,54.56443248095405,9.236485068143537,235.5615332495834,1001,10000,Clouds,13,5,2,5,1,0,1,0.0,0.0,62.8981682935696,65.09083626699723,66.35705698685702,3.3333333333333335,63.167706376561995,3.0
2026-05-02T14:00:00+00:00,Karachi,24.8607,67.0011,openweathermap_historical,89.19995934003195,0.01,0.0249762889514185,43.8,0.39,57.71113651592076,86.56670477388113,0.5,4,23.61233227645843,66.13482914676534,9.079339338610927,248.206066242909,1001,10000,Clouds,14,5,2,5,1,0,1,0.0,0.0,61.88387552065634,60.854935829362546,66.21446825571822,3.6666666666666665,49.165795561144535,4.0
2026-05-02T15:00:00+00:00,Karachi,24.8607,67.0011,openweathermap_historical,62.880651982559485,0.01,0.05354641700378316,43.8,0.39,72.61996479086727,108.92994718630091,0.5,3,23.84579667267259,51.69531871876424,5.461692672839989,224.00420271953735,1001,10000,Clouds,15,5,2,5,1,0,1,0.0,0.0,69.34832251967316,63.57547577562078,65.85661579360948,3.3333333333333335,59.601975353607095,3.0
2026-05-02T16:00:00+00:00,Karachi,24.8607,67.0011,openweathermap_historical,71.31043842339743,0.01,0.04916552007259141,43.8,0.39,50.70981346632031,76.06472019948046,0.5,3,22.59377497922772,78.96534051340743,7.662760898784145,254.33894967023954,1001,10000,Clouds,16,5,2,5,1,0,1,0.0,0.0,60.34697159103613,61.622569942302846,65.18356039372294,3.3333333333333335,44.26486942642422,2.0
2026-05-02T17:00:00+00:00,Karachi,24.8607,67.0011,openweathermap_historical,70.59606366165629,0.01,0.018039897595845726,43.8,0.39,73.5552898962686,110.3329348444029,0.5,2,25.800402475374195,57.242722853836405,5.786006903308348,239.24927757034686,1001,10000,Clouds,17,5,2,5,1,1,1,0.0,0.0,65.62835605115208,63.75611578590419,64.86597215561775,2.6666666666666665,60.25670292738803,3.0
2026-05-02T18:00:00+00:00,Karachi,24.8607,67.0011,openweathermap_historical,76.817265535352,0.01,0.016367198707725007,43.8,0.39,67.63332630843438,101.44998946265156,0.5,2,33.75854458496444,66.17827266673149,5.141238845005945,262.18892490242325,1001,10000,Clouds,18,5,2,5,1,1,1,0.0,0.0,63.96614322367446,66.6572328716738,65.3567920035219,2.3333333333333335,56.11132841590407,3.0
2026-05-02T19:00:00+00:00,Karachi,24.8607,67.0011,openweathermap_historical,80.02462951606029,0.01,0.07165818607815035,43.8,0.39,72.19914118370934,108.29871177556402,0.5,3,21.253527695605563,73.31863837213699,8.250140244469709,245.29465674778436,1001,10000,Clouds,19,5,2,5,1,1,1,0.0,0.0,71.12925246280413,65.73811202692012,66.68957877216275,2.3333333333333335,59.30739882859655,4.0
2026-05-02T20:00:00+00:00,Karachi,24.8607,67.0011,openweathermap_historical,75.06267201966395,0.01,0.018669699052851915,43.8,0.39,83.9892313455462,125.9838470183193,0.5,3,30.307057032574143,60.84646318753977,4.311390727071063,234.0429229368192,1001,10000,Clouds,20,5,2,5,1,1,1,0.0,0.0,74.60723294589667,70.11779449852435,68.01465681488413,2.6666666666666665,67.56046194188234,3.0
2026-05-02T21:00:00+00:00,Karachi,24.8607,67.0011,openweathermap_historical,82.94890621530917,0.01,0.040938065073199144,43.8,0.39,71.1998070784461,106.79971061766915,0.5,3,17.26566164803537,74.87978068529324,8.732176180855532,260.43280743055203,1001,10000,Clouds,21,5,2,5,1,0,1,0.0,0.0,75.7960598692339,69.88110154645416,67.44482273349426,3.0,58.60786495491227,3.0
2026-05-02T22:00:00+00:00,Karachi,24.8607,67.0011,openweathermap_historical,70.81192086776883,0.01,0.06388329667548556,43.8,0.39,81.57204339307975,122.35806508961963,0.5,4,35.97581264603426,50.291240516444496,8.319682091226705,214.4980646970459,1001,10000,Clouds,22,5,2,5,1,0,1,0.0,0.0,78.9203606056907,75.02480653424739,67.53835749142839,3.3333333333333335,65.86843037515584,2.0
2026-05-02T23:00:00+00:00,Karachi,24.8607,67.0011,openweathermap_historical,75.7635306871833,0.01,0.031768428895696664,43.8,0.39,69.53629624357688,104.30444436536533,0.5,2,19.439008945912107,54.6873168835093,5.705068326040983,251.3354572776661,1001,10000,Clouds,23,5,2,5,1,0,1,0.0,0.0,74.10271557170093,74.35497425879878,67.40971482521792,3.0,57.44340737050382,4.0
2026-05-03T00:00:00+00:00,Karachi,24.8607,67.0011,openweathermap_historical,78.0247210412009,0.01,0.047529601170951646,43.8,0.39,70.25802802644813,105.3870420396722,0.5,4,22.488869659230403,51.95437779913948,9.118533345709386,221.43261163888923,1001,10000,Clouds,0,6,3,5,1,0,1,0.0,0.0,73.78878922103495,74.7924245451344,67.92690924612897,3.3333333333333335,57.948619618513696,3.0
2026-05-03T01:00:00+00:00,Karachi,24.8607,67.0011,openweathermap_historical,80.88222364064434,0.01,0.07742731822219479,43.8,0.39,63.872185448039744,95.80827817205962,0.5,3,22.61565662074705,71.35519944811078,5.720696178162946,231.82744625978117,1001,10000,Clouds,1,6,3,5,1,0,1,0.0,0.0,67.88883657268828,73.40459858918946,68.21342024951367,3.0,53.47852981362783,3.0
2026-05-03T02:00:00+00:00,Karachi,24.8607,67.0011,openweathermap_historical,73.55687367023639,0.01,0.017278831617212633,43.8,0.39,67.27944538546437,100.91916807819655,0.5,3,35.3900745228854,59.68646259053112,6.66325665795122,219.74252874806106,1001,10000,Clouds,2,6,3,5,1,0,1,0.0,0.0,67.13655295331743,70.61963426250917,68.24909707861552,3.3333333333333335,55.86361176982506,3.0
2026-05-03T03:00:00+00:00,Karachi,24.8607,67.0011,openweathermap_historical,74.1757772115458,0.01,0.012639688373145625,43.8,0.39,88.38695926258772,132.5804388938816,0.5,2,30.28023161672855,78.67636283033866,11.660184801738684,264.53877891748584,1001,10000,Clouds,3,6,3,5,1,0,1,0.0,0.0,73.17953003203064,73.48415962653277,69.15609766925512,2.6666666666666665,70.63887148381141,3.0
2026-05-03T04:00:00+00:00,Karachi,24.8607,67.0011,openweathermap_historical,73.0516119311929,0.01,0.03782746142831064,43.8,0.39,51.35749769713338,77.03624654570007,0.5,4,29.670510663504402,77.93764423581023,3.00158614867721,217.66144017458134,1001,10000,Clouds,4,6,3,5,1,0,1,0.0,0.0,69.00796744839518,68.4484020105417,68.95212898772209,3.0,44.71824838799337,3.0
2026-05-03T05:00:00+00:00,Karachi,24.8607,67.0011,openweathermap_historical,54.747964607917844,0.01,0.0333610421044249,43.8,0.39,45.19003395448755,67.78505093173132,0.5,3,24.504387329482977,78.18684790512573,6.373350001704614,222.95689536726252,1001,10000,Clouds,5,6,3,5,1,0,1,0.0,0.0,61.64483030473624,64.39069162902682,68.09978220228287,3.0,40.401023768141286,2.0
2026-05-03T06:00:00+00:00,Karachi,24.8607,67.0011,openweathermap_historical,61.484776789236705,0.01,0.08224856583728268,43.8,0.39,28.56782166053437,42.85173249080155,0.5,4,34.09518556861218,55.40572585153615,8.848499978082556,216.5772527953224,1001,10000,Clouds,6,6,3,5,1,0,1,0.0,0.0,41.70511777071846,57.44232390137453,66.24522115798138,3.6666666666666665,28.76547516237406,3.0
2026-05-03T07:00:00+00:00,Karachi,24.8607,67.0011,openweathermap_historical,81.94749567549094,0.01,0.02052734916681404,43.8,0.39,58.09451989306798,87.14177983960198,0.5,4,26.881251686548904,65.88268774229073,4.76855383536688,213.4159752579564,1001,10000,Clouds,7,6,3,5,1,1,1,0.0,0.0,43.95079183602999,56.479379642212564,65.17823163132984,3.6666666666666665,49.43416392514759,3.0
2026-05-03T08:00:00+00:00,Karachi,24.8607,67.0011,openweathermap_historical,83.80308816331893,0.01,0.049111159779693436,43.8,0.39,65.8843644735397,98.82654671030956,0.5,5,27.25286770959717,61.902501542187245,6.8860315798582645,265.2290505146473,1001,10000,Clouds,8,6,3,5,1,1,1,0.0,0.0,50.84890200904738,56.24686615689179,64.45980768682196,4.333333333333333,54.887055131477794,4.0
2026-05-03T09:00:00+00:00,Karachi,24.8607,67.0011,openweathermap_historical,67.13347250189743,0.01,0.05862531779747814,43.8,0.39,76.73200940349423,115.09801410524135,0.5,4,31.89947222777752,73.05638837320357,10.822008735043863,230.78476126443235,1001,10000,Clouds,9,6,3,5,1,1,1,0.0,0.0,66.90363125670066,54.30437451370954,65.31127786557931,4.333333333333333,62.480406582445966,2.0
2026-05-03T10:00:00+00:00,Karachi,24.8607,67.0011,openweathermap_historical,73.2748737086388,0.01,0.03543577643134025,43.8,0.39,55.916008949446386,83.87401342416958,0.5,4,25.470548499475335,65.04558862663613,9.63765951009861,216.0858725244693,1001,10000,Clouds,10,6,3,5,1,0,1,0.0,0.0,66.17746094216014,55.06412638909504,65.03997621904675,4.333333333333333,47.90920626461247,4.0
2026-05-03T11:00:00+00:00,Karachi,24.8607,67.0011,openweathermap_historical,77.84515467109645,0.01,0.008743298804849045,43.8,0.39,48.37531900053859,72.56297850080789,0.5,3,30.331716428282988,62.46522079424752,10.354825216742054,224.02077135098176,1001,10000,Clouds,11,6,3,5,1,0,1,0.0,0.0,60.341112451159766,55.59500723010354,64.52419722595833,3.6666666666666665,42.630723300377014,3.0
2026-05-03T12:00:00+00:00,Karachi,24.8607,67.0011,openweathermap_historical,79.49916144800996,0.01,0.013729954700428482,43.8,0.39,30.74700574683041,46.120508620245616,0.5,3,19.635997552231405,66.66025987358933,8.389537642103665,265.6479971939783,1001,10000,Clouds,12,6,3,5,1,0,1,0.0,0.0,45.01277789893849,55.95820457781955,63.71254647400057,3.3333333333333335,30.29090402278129,3.0
2026-05-03T13:00:00+00:00,Karachi,24.8607,67.0011,openweathermap_historical,76.17718416314132,0.01,0.07549662969577436,43.8,0.39,68.21086973226699,102.31630459840048,0.5,3,29.531531154409805,88.20477160265598,9.014376769401887,241.80748870468682,1001,10000,Clouds,13,6,3,5,1,0,1,0.0,0.0,49.11106482654535,57.64426288435271,63.31658828566872,3.0,56.51560881258689,3.0
2026-05-03T14:00:00+00:00,Karachi,24.8607,67.0011,openweathermap_historical,78.65069791284944,0.01,0.08053076855568232,43.8,0.39,51.42067936862685,77.13101905294027,0.5,4,17.039577843151925,72.2301381361898,5.646237360452284,205.92777063962347,1001,10000,Clouds,14,6,3,5,1,0,1,0.0,0.0,50.12618494924144,55.23364870020058,63.054485904531475,3.3333333333333335,44.7624755580388,3.0
2026-05-03T15:00:00+00:00,Karachi,24.8607,67.0011,openweathermap_historical,75.1521971591226,0.01,0.04548085454265144,43.8,0.39,31.97302208293005,47.95953312439508,0.5,3,22.817390536536024,52.432003954054,7.798004678736269,236.52451356536454,1001,10000,Clouds,15,6,3,5,1,0,1,0.0,0.0,50.53485706127466,47.773817480106544,61.360863291700745,3.3333333333333335,31.149115458051035,3.0
2026-05-03T16:00:00+00:00,Karachi,24.8607,67.0011,openweathermap_historical,77.25783803576661,0.01,0.03893972620940202,43.8,0.39,61.15847067777199,91.73770601665798,0.5,2,22.90813479877358,51.42192802263821,3.709738337862822,232.62305964284434,1001,10000,Clouds,16,6,3,5,1,0,1,0.0,0.0,48.184057376442986,48.64756110149415,61.796224008844575,3.0,51.5789294744404,2.0
2026-05-03T17:00:00+00:00,Karachi,24.8607,67.0011,openweathermap_historical,78.71587120864633,0.01,0.059440551122033475,43.8,0.39,35.20482187452451,52.80723281178677,0.5,3,28.336217262856508,82.11389722595993,7.733949366188327,223.9271620587977,1001,10000,Clouds,17,6,3,5,1,1,1,0.0,0.0,42.77877154507555,46.45247824715847,60.1982878412719,2.6666666666666665,33.41137531216716,3.0
2026-05-03T18:00:00+00:00,Karachi,24.8607,67.0011,openweathermap_historical,72.43276756609984,0.01,0.06384564588609877,43.8,0.39,65.9305031375821,98.89575470637314,0.5,3,15.663624047454105,78.87448556269909,7.777002536215729,226.25243557336222,1001,10000,Clouds,18,6,3,5,1,1,1,0.0,0.0,54.09793189662623,52.31639447895041,60.127336875819715,2.6666666666666665,54.91935219630747,4.0
2026-05-03T19:00:00+00:00,Karachi,24.8607,67.0011,openweathermap_historical,76.63652772161862,0.01,0.058339891664189285,43.8,0.39,74.30943522363884,111.46415283545826,0.5,4,25.18988860486815,61.20008751238353,5.053023859798949,236.94762990697632,1001,10000,Clouds,19,6,3,5,1,1,1,0.0,0.0,58.481586745248514,53.33282206084573,60.21526579415012,3.3333333333333335,60.784604656547195,4.0
2026-05-03T20:00:00+00:00,Karachi,24.8607,67.0011,openweathermap_historical,90.69620610970289,0.01,0.03750774874585938,43.8,0.39,63.89543814774607,95.84315722161911,0.5,3,34.82132770653133,70.6770760476635,4.540710086203607,194.3130086031315,1001,10000,Clouds,20,6,3,5,1,1,1,0.0,0.0,68.04512550298902,55.41194852403226,59.378024410908445,3.3333333333333335,53.494806703422256,4.0
2026-05-03T21:00:00+00:00,Karachi,24.8607,67.0011,openweathermap_historical,59.50206121002126,0.01,0.04678808796028043,43.8,0.39,54.1121427005059,81.16821405075885,0.5,3,20.544647212749794,60.28915729487388,6.3342190684425255,242.50696640253778,1001,10000,Clouds,21,6,3,5,1,0,1,0.0,0.0,64.10567202396363,59.1018019602949,58.66603839516094,3.3333333333333335,46.646499890354136,3.0
2026-05-03T22:00:00+00:00,Karachi,24.8607,67.0011,openweathermap_historical,56.638574854220316,0.01,0.02368805689073229,43.8,0.39,58.01510286907802,87.02265430361703,0.5,2,24.59592759728689,56.17167546147982,5.794803065288991,231.6753030988868,1001,10000,Clouds,22,6,3,5,1,0,1,0.0,0.0,58.67422790577669,58.57790732551258,57.68449920666087,2.6666666666666665,49.378572008354624,3.0
2026-05-03T23:00:00+00:00,Karachi,24.8607,67.0011,openweathermap_historical,84.86824880874133,0.01,-0.0021950644114265214,43.8,0.39,46.11220487419342,69.16830731129012,0.5,4,30.737569673820715,68.6345208891953,9.736187594053874,235.5316081447096,1001,10000,Clouds,23,6,3,5,1,0,1,0.0,0.0,52.74648348125914,60.39580449212406,56.708495399603216,3.0,41.04654341193539,3.0
2026-05-04T00:00:00+00:00,Karachi,24.8607,67.0011,openweathermap_historical,85.1847975791855,0.01,0.03814309762844446,43.8,0.39,63.56305379532277,95.34458069298415,0.5,3,27.564920021217233,49.28814852513731,6.36508419226242,245.7728888721087,1001,10000,Clouds,0,0,4,5,0,0,1,0.0,0.0,55.89678717953143,60.0012296017475,56.429538139973,3.0,53.26213765672594,3.0
2026-05-04T01:00:00+00:00,Karachi,24.8607,67.0011,openweathermap_historical,97.84778038207016,0.01,0.034184971675956875,43.8,0.39,67.34159658073719,101.01239487110578,0.5,3,30.484990190753667,70.67603490432099,4.4862027796577895,235.98285502774812,1001,10000,Clouds,1,0,4,5,0,0,1,0.0,0.0,59.005618416751155,58.8399231612639,56.574096937168726,3.3333333333333335,55.90711760651604,4.0
2026-05-04T02:00:00+00:00,Karachi,24.8607,67.0011,openweathermap_historical,55.22078683008125,0.01,0.003819619129318587,43.8,0.39,39.44631759276791,59.16947638915187,0.5,3,21.84572030473292,69.17786015487452,5.472815853863543,262.5565596239751,1001,10000,Clouds,2,0,4,5,0,0,1,0.0,0.0,56.783655989609315,54.765069735434196,55.414383279139706,3.0,36.38042231493754,2.0
2026-05-04T03:00:00+00:00,Karachi,24.8607,67.0011,openweathermap_historical,73.07372455375067,0.01,0.08535819263432828,43.8,0.39,59.78033142239785,89.67049713359677,0.5,3,26.49116649683895,74.42749373565452,8.602945494235556,261.4483393406514,1001,10000,Clouds,3,0,4,5,0,0,1,0.0,0.0,55.52274853196767,55.709767855749526,54.22244045246513,3.0,50.614231995678495,4.0
2026-05-04T04:00:00+00:00,Karachi,24.8607,67.0011,openweathermap_historical,86.06870743779456,0.01,0.026229460318242696,43.8,0.39,63.259001099921555,94.88850164988233,0.5,3,13.123828452039323,71.15000711491909,6.276082783564931,208.73035815121804,1001,10000,Clouds,4,0,4,5,0,0,1,0.0,0.0,54.1618833716958,56.58375089422344,54.718336427581306,3.0,53.04930076994509,4.0
2026-05-04T05:00:00+00:00,Karachi,24.8607,67.0011,openweathermap_historical,58.835168698969596,0.01,0.04665447806468115,43.8,0.39,33.9461773606799,50.919266041019846,0.5,2,20.661246505915308,56.08699284119075,6.460858356392505,246.1444855090338,1001,10000,Clouds,5,0,4,5,0,0,1,0.0,0.0,52.32850329433313,54.5560796419712,54.24984240283931,2.6666666666666665,32.53032415247593,3.0
2026-05-04T06:00:00+00:00,Karachi,24.8607,67.0011,openweathermap_historical,83.12705412243388,0.01,0.01500277484641296,43.8,0.39,53.226521184445296,79.83978177666795,0.5,3,17.493000484304403,55.33586478078464,8.327570614793046,239.2228863794158,1001,10000,Clouds,6,0,4,5,0,0,1,0.0,0.0,50.14389988168227,52.833324206824955,55.2772882163356,2.6666666666666665,46.02656482911171,3.0
2026-05-04T07:00:00+00:00,Karachi,24.8607,67.0011,openweathermap_historical,69.3271682078369,0.01,0.03401194537976956,43.8,0.39,71.0423364279685,106.56350464195273,0.5,3,27.418821626392383,71.0001746551755,7.353612783482921,242.71568226604558,1001,10000,Clouds,7,0,4,5,0,1,1,0.0,0.0,52.738344991031255,53.450114181363496,55.816780571956464,2.6666666666666665,58.497635499577946,3.0
2026-05-04T08:00:00+00:00,Karachi,24.8607,67.0011,openweathermap_historical,80.1689952514007,0.01,0.005880562829188134,43.8,0.39,69.86293589959836,104.79440384939753,0.5,4,31.759320203745197,53.21544263759331,7.769137333839149,228.3855509166033,1001,10000,Clouds,8,0,4,5,0,1,1,0.0,0.0,64.7105978373374,58.51955056583524,55.98255438137557,3.3333333333333335,57.67205512971885,4.0
2026-05-04T09:00:00+00:00,Karachi,24.8607,67.0011,openweathermap_historical,87.4772155247022,0.01,0.05339612276979118,43.8,0.39,81.97297870764245,122.95946806146368,0.5,2,31.847072672952436,65.57175670753168,9.044356042338862,231.2063776486268,1001,10000,Clouds,9,0,4,5,0,1,1,0.0,0.0,74.2927503450698,62.21832511337601,56.200928102381745,3.0,66.14908509534972,2.0
2026-05-04T10:00:00+00:00,Karachi,24.8607,67.0011,openweathermap_historical,72.5926804481689,0.01,0.022001118915622425,43.8,0.39,69.48347871664771,104.22521807497156,0.5,4,19.812015874118938,31.0471516309226,9.06750721844734,248.43858687994842,1001,10000,Clouds,10,0,4,5,0,0,1,0.0,0.0,73.77313110796287,63.25573804949704,56.76623934268179,3.3333333333333335,57.4064351016534,3.0
2026-05-04T11:00:00+00:00,Karachi,24.8607,67.0011,openweathermap_historical,71.71215582580429,0.01,0.07707854149293482,43.8,0.39,68.00166393241308,102.00249589861963,0.5,3,22.768973989215567,45.66856137411199,8.268509145864485,229.65586083636316,1001,10000,Clouds,11,0,4,5,0,0,1,0.0,0.0,73.1527071189011,68.93165247811923,57.58400371484324,3.0,56.36916475268916,4.0
2026-05-04T12:00:00+00:00,Karachi,24.8607,67.0011,openweathermap_historical,76.06867948762518,0.01,0.03358035318338271,43.8,0.39,73.9858147260451,110.97872208906766,0.5,3,21.876547683927647,58.4901193046747,4.626492519374651,238.81791824476704,1001,10000,Clouds,12,0,4,5,0,0,1,0.0,0.0,70.49031912503533,72.39153473505253,59.38562075564385,3.3333333333333335,60.55807030823158,3.0
2026-05-04T13:00:00+00:00,Karachi,24.8607,67.0011,openweathermap_historical,88.93175384966246,0.01,0.06419257433870715,43.8,0.39,40.60199440307328,60.902991604609916,0.5,3,15.74040740545129,54.03376539361529,9.50316432658479,243.74640424533283,1001,10000,Clouds,13,0,4,5,0,0,1,0.0,0.0,60.86315768717717,67.31814439757,58.235250950260784,3.0,37.1893960821513,4.0
2026-05-04T14:00:00+00:00,Karachi,24.8607,67.0011,openweathermap_historical,66.62040137779321,0.01,0.03202153788780862,43.8,0.39,75.48001264857807,113.22001897286711,0.5,3,35.417638941900265,62.345590115298485,6.348393057319679,235.09969368394957,1001,10000,Clouds,14,0,4,5,0,0,1,0.0,0.0,63.35594059256551,68.25432385573329,59.23772317025874,3.0,61.60400885400465,2.0
2026-05-04T15:00:00+00:00,Karachi,24.8607,67.0011,openweathermap_historical,81.15285718668574,0.01,0.08088389400958651,43.8,0.39,79.71019973505143,119.56529960257714,0.5,3,26.91677512176333,72.77889035659803,10.949832532144264,218.90134925839314,1001,10000,Clouds,15,0,4,5,0,0,1,0.0,0.0,65.26406892890095,67.87719402696811,61.22677223909714,3.0,64.56513981453601,3.0
2026-05-04T16:00:00+00:00,Karachi,24.8607,67.0011,openweathermap_historical,75.23125974510963,0.01,0.022466542917182787,43.8,0.39,74.85709797402701,112.28564696104053,0.5,2,20.921737173949783,75.73190893777013,5.187032844721014,231.34365940703876,1001,10000,Clouds,16,0,4,5,0,0,1,0.0,0.0,76.68243678588554,68.77279723653133,61.79754837644109,2.6666666666666665,61.16796858181891,4.0
2026-05-04T17:00:00+00:00,Karachi,24.8607,67.0011,openweathermap_historical,83.73615959768077,0.01,0.03286921840504886,43.8,0.39,67.91995705075117,101.87993557612674,0.5,3,20.712758423084278,66.78537230997227,1.7614428823118615,210.20809339335602,1001,10000,Clouds,17,0,4,5,0,1,1,0.0,0.0,74.16241825327656,68.75917942292101,63.16067900878388,2.6666666666666665,56.311969935525816,2.0
2026-05-04T18:00:00+00:00,Karachi,24.8607,67.0011,openweathermap_historical,86.07834997893117,0.01,0.044545015587002135,43.8,0.39,66.05361281433788,99.08041922150682,0.5,4,25.588952381779073,68.18669653229925,3.6208810581867223,229.01366834259267,1001,10000,Clouds,18,0,4,5,0,1,1,0.0,0.0,69.61022261303872,67.43714577096979,63.1658085786487,3.0,55.00552897003652,3.0
2026-05-04T19:00:00+00:00,Karachi,24.8607,67.0011,openweathermap_historical,62.15233743929326,0.01,0.017626272431432582,43.8,0.39,70.01703028241756,105.02554542362634,0.5,4,25.84750742650833,54.713823920853315,5.657369343761322,245.65676719672422,1001,10000,Clouds,19,0,4,5,0,1,1,0.0,0.0,67.99686671583557,72.33965175086051,62.986958372764484,3.6666666666666665,57.779921197692296,3.0
2026-05-04T20:00:00+00:00,Karachi,24.8607,67.0011,openweathermap_historical,62.25523265029562,0.01,0.03673266117008438,43.8,0.39,51.36426366190237,77.04639549285355,0.5,4,22.237976624069432,61.054523079438766,7.097327040810349,207.68969778416894,1001,10000,Clouds,20,0,4,5,0,1,1,0.0,0.0,62.47830225288596,68.32036025308123,62.46482610252099,4.0,44.722984563331664,3.0
2026-05-04T21:00:00+00:00,Karachi,24.8607,67.0011,openweathermap_historical,65.41604073214582,0.01,0.035115348241439415,43.8,0.39,65.25881575212124,97.88822362818186,0.5,3,21.30608009110737,66.4944056766341,5.4756905042191155,242.70991730138468,1001,10000,Clouds,21,0,4,5,0,0,1,0.0,0.0,62.213369898813745,65.9117962559262,62.92927081300496,3.6666666666666665,54.449171026484876,4.0
2026-05-04T22:00:00+00:00,Karachi,24.8607,67.0011,openweathermap_historical,82.13535888748682,0.01,0.008789161660083634,43.8,0.39,79.55712515639331,119.33568773458997,0.5,3,28.986631782866,63.10235018425928,9.791110021608931,264.9350671611779,1001,10000,Clouds,22,0,4,5,0,0,1,0.0,0.0,65.39340152347233,66.69513411965393,63.826855074976436,3.3333333333333335,64.45798760947532,3.0
2026-05-04T23:00:00+00:00,Karachi,24.8607,67.0011,openweathermap_historical,77.9287128050927,0.01,0.06342527298077309,43.8,0.39,57.78148644996121,86.6722296749418,0.5,3,27.476247633118042,65.83401273008644,8.009056835000747,282.34165751400144,1001,10000,Clouds,23,0,4,5,0,0,1,0.0,0.0,67.53247578615861,65.00538901952227,64.31307514063343,3.0,49.21504051497285,2.0
2026-05-05T00:00:00+00:00,Karachi,24.8607,67.0011,openweathermap_historical,78.93685369809062,0.01,0.05814415742531241,43.8,0.39,47.6625984153592,71.4938976230388,0.5,3,23.639833212299568,46.38369920066323,6.101694319669003,207.2202433142348,1001,10000,Clouds,0,1,5,5,0,0,1,0.0,0.0,61.66707000723793,61.940219953025824,63.65055616646828,3.0,42.13181889075144,4.0
2026-05-05T01:00:00+00:00,Karachi,24.8607,67.0011,openweathermap_historical,72.67811103147234,0.01,0.05957396993650253,43.8,0.39,47.62321972164428,71.43482958246642,0.5,4,20.215435886034033,64.40791208224428,5.72528446334152,227.7793751815289,1001,10000,Clouds,1,1,5,5,0,0,1,0.0,0.0,51.022434862321596,58.20791819289693,62.828957130672734,3.3333333333333335,42.104253805151,3.0
2026-05-05T02:00:00+00:00,Karachi,24.8607,67.0011,openweathermap_historical,76.1918121883672,0.01,0.024498724103004712,43.8,0.39,50.4073256874995,75.61098853124925,0.5,2,20.138691632936293,63.60548767168042,4.009632347022503,239.51649055765685,1001,10000,Clouds,2,1,5,5,0,0,1,0.0,0.0,48.56438127483435,58.04842853049646,63.28566580128655,3.0,44.05312798124965,4.0
2026-05-05T03:00:00+00:00,Karachi,24.8607,67.0011,openweathermap_historical,80.25004121856448,0.01,0.03930183532380956,43.8,0.39,54.83724065980276,82.25586098970413,0.5,4,19.261755049684048,61.15599900150505,6.192798254314771,246.52919489392266,1001,10000,Clouds,3,1,5,5,0,0,1,0.0,0.0,50.95592868964888,56.311499348443384,63.079703686178426,3.3333333333333335,47.15406846186193,3.0
2026-05-05T04:00:00+00:00,Karachi,24.8607,67.0011,openweathermap_historical,91.50804463570029,0.01,0.060004077649473075,43.8,0.39,47.99813285642496,71.99719928463745,0.5,4,23.70676176402232,72.01930362168196,6.7012797909893935,275.1111139481252,1001,10000,Clouds,4,1,5,5,0,0,1,0.0,0.0,51.08089973457576,51.05166729844865,62.44383417603273,3.3333333333333335,42.366692999497474,4.0
2026-05-05T05:00:00+00:00,Karachi,24.8607,67.0011,openweathermap_historical,78.25649037062567,0.01,0.02238998856356994,43.8,0.39,50.01665067922199,75.02497601883299,0.5,3,18.524406913276014,72.83215514827636,9.576107520766632,281.9329812251785,1001,10000,Clouds,5,1,5,5,0,0,1,0.0,0.0,50.9506747318166,49.757528003325454,63.11343723097199,3.6666666666666665,43.7796554754554,4.0
2026-05-05T06:00:00+00:00,Karachi,24.8607,67.0011,openweathermap_historical,68.51539272393745,0.01,0.06378629967505801,43.8,0.39,51.53765956873215,77.30648935309823,0.5,3,21.794587649025726,61.29912487881685,4.98580592416815,191.7048409270991,1001,10000,Clouds,6,1,5,5,0,0,1,0.0,0.0,49.8508143681264,50.40337152888761,63.04306799698394,3.3333333333333335,44.84436169811251,4.0
2026-05-05T07:00:00+00:00,Karachi,24.8607,67.0011,openweathermap_historical,87.69067206063573,0.01,0.06250530688674541,43.8,0.39,79.9814313195611,119.97214697934164,0.5,3,24.068147763785188,77.57119811276651,4.668708262065089,224.4595528912328,1001,10000,Clouds,7,1,5,5,0,1,1,0.0,0.0,60.51191385583845,55.796406795207076,63.41553028413363,3.0,64.75500192369277,5.0
2026-05-05T08:00:00+00:00,Karachi,24.8607,67.0011,openweathermap_historical,78.55223804381025,0.01,0.0466079635141817,43.8,0.39,63.89639767408646,95.84459651112968,0.5,4,20.41103305336085,58.333355145747774,8.996927562299708,188.66123973417365,1001,10000,Clouds,8,1,5,5,0,1,1,0.0,0.0,65.13849618745994,58.044585459638235,63.166924524737304,3.3333333333333335,53.49547837186052,4.0
2026-05-05T09:00:00+00:00,Karachi,24.8607,67.0011,openweathermap_historical,74.45756178719499,0.01,0.015036966243347192,43.8,0.39,49.05013891137109,73.57520836705663,0.5,2,23.109796689073622,73.82745904318989,7.27538878091103,249.38199254081061,1001,10000,Clouds,9,1,5,5,0,1,1,0.0,0.0,64.30932263500625,57.08006850156628,61.795139533226,3.0,43.103097237959766,4.0
2026-05-05T10:00:00+00:00,Karachi,24.8607,67.0011,openweathermap_historical,82.72942301101787,0.01,0.05037047103429293,43.8,0.39,59.170160891487285,88.75524133723093,0.5,3,24.045843344033415,74.2044013941055,5.249533856780408,254.7187849024373,1001,10000,Clouds,10,1,5,5,0,0,1,0.0,0.0,57.37223249231497,58.942073174076675,61.36541795717765,3.0,50.187112624041106,4.0
2026-05-05T11:00:00+00:00,Karachi,24.8607,67.0011,openweathermap_historical,70.46170181381994,0.01,0.04401057537599689,43.8,0.39,14.614468300388701,21.92170245058305,0.5,4,28.035954706876623,81.79772839474391,6.084574341706899,239.73432519605382,1001,10000,Clouds,11,1,5,5,0,0,1,0.0,0.0,40.94492270108239,53.041709444271135,59.14095147250996,3.0,18.998127810272088,3.0
2026-05-05T12:00:00+00:00,Karachi,24.8607,67.0011,openweathermap_historical,83.03904485046003,0.01,0.04681021999694456,43.8,0.39,65.25164293521159,97.8774644028174,0.5,3,17.09737628451508,64.82105371538385,6.393108856095222,236.68360969605507,1001,10000,Clouds,12,1,5,5,0,0,1,0.0,0.0,46.34542404236256,55.32737333868437,58.777027647891906,3.3333333333333335,54.44415005464812,3.0
2026-05-05T13:00:00+00:00,Karachi,24.8607,67.0011,openweathermap_historical,69.21830118260011,0.01,0.036980947227299665,43.8,0.39,55.38334455548964,83.07501683323446,0.5,4,17.50942452024777,55.506837868552175,8.139781575042345,235.21555436447497,1001,10000,Clouds,13,1,5,5,0,0,1,0.0,0.0,45.08315193036335,51.22769221133913,59.392917237575915,3.6666666666666665,47.536341188842755,3.0
2026-05-05T14:00:00+00:00,Karachi,24.8607,67.0011,openweathermap_historical,91.17876499101442,0.01,0.07144418593479984,43.8,0.39,45.445194722935035,68.16779208440255,0.5,2,24.34049476727719,58.55313598205082,8.592209296412326,218.93751122277385,1001,10000,Clouds,14,1,5,5,0,0,1,0.0,0.0,55.3600607378788,48.15249171948056,58.14146649067413,3.0,40.579636306054525,4.0
2026-05-05T15:00:00+00:00,Karachi,24.8607,67.0011,openweathermap_historical,77.02900122440796,0.01,0.047022032941535785,43.8,0.39,63.99268174747433,95.98902262121149,0.5,3,18.312417946020062,56.608659863025665,8.918105269361494,227.03289832751102,1001,10000,Clouds,15,1,5,5,0,0,1,0.0,0.0,54.94040700863303,50.64291552549776,57.48656990785841,3.0,53.562877223232036,3.0
2026-05-05T16:00:00+00:00,Karachi,24.8607,67.0011,openweathermap_historical,59.488923121289915,0.01,0.04974423205690647,43.8,0.39,19.104413529641363,28.656620294462044,0.5,4,20.568413726485637,64.60145390066306,4.957659164926615,205.3718248147333,1001,10000,Clouds,16,1,5,5,0,0,1,0.0,0.0,42.84743000001694,43.965290965190114,55.163541389342335,3.0,22.141089470748952,3.0
2026-05-05T17:00:00+00:00,Karachi,24.8607,67.0011,openweathermap_historical,71.54918928466832,0.01,0.03226494085271036,43.8,0.39,64.60183563293837,96.90275344940756,0.5,2,24.21197117107547,62.44827950769857,8.55352249035133,230.39990665050215,1001,10000,Clouds,17,1,5,5,0,1,1,0.0,0.0,49.23297697001806,52.29651885394839,55.0252863302668,3.0,53.989284943056866,3.0
2026-05-05T18:00:00+00:00,Karachi,24.8607,67.0011,openweathermap_historical,68.68840694207084,0.01,0.021321754491832906,43.8,0.39,65.72210154530023,98.58315231795035,0.5,3,16.40565953819121,76.70434075905558,7.424026738580789,256.13782477785446,1001,10000,Clouds,18,1,5,5,0,1,1,0.0,0.0,49.80945023596002,52.374928622296494,55.01147336072358,3.0,54.77347108171017,2.0
2026-05-05T19:00:00+00:00,Karachi,24.8607,67.0011,openweathermap_historical,75.4641319788647,0.01,0.04783799955764842,43.8,0.39,67.02560792775832,100.53841189163748,0.5,3,29.121661833052794,68.6730851191847,4.912798301735416,232.21440420775235,1001,10000,Clouds,19,1,5,5,0,1,1,0.0,0.0,65.78318170199901,54.31530585100794,54.88683076261277,2.6666666666666665,55.68592554943082,3.0
2026-05-05T20:00:00+00:00,Karachi,24.8607,67.0011,openweathermap_historical,79.53478684949714,0.01,0.027867282607027567,43.8,0.39,67.90750417199568,101.86125625799352,0.5,3,16.23508616248555,61.40368011600429,9.569131577441071,267.33268588639453,1001,10000,Clouds,20,1,5,5,0,1,1,0.0,0.0,66.8850712150181,58.05902409251805,55.57613245053333,3.0,56.30325292039698,4.0
2026-05-05T21:00:00+00:00,Karachi,24.8607,67.0011,openweathermap_historical,66.71381299939415,0.01,0.039713258273216194,43.8,0.39,64.63098939929534,96.94648409894302,0.5,4,28.00992972144698,72.35418010904499,8.419360418194023,265.50992063527553,1001,10000,Clouds,21,1,5,5,0,0,1,0.0,0.0,66.52136716634982,58.16540870115489,55.54997301916558,3.3333333333333335,54.00969257950675,2.0
2026-05-05T22:00:00+00:00,Karachi,24.8607,67.0011,openweathermap_historical,64.86644746442707,0.01,0.011335024207870647,43.8,0.39,59.08029391571317,88.62044087356975,0.5,3,24.89563855480166,67.80952215227973,3.908549386057631,242.7943929411098,1001,10000,Clouds,22,1,5,5,0,0,1,0.0,0.0,63.87292916233476,64.82805543216685,54.69677171747057,3.3333333333333335,50.12420574099922,4.0
2026-05-05T23:00:00+00:00,Karachi,24.8607,67.0011,openweathermap_historical,74.53097365912078,0.01,0.023513341307448955,43.8,0.39,62.99839951884683,94.49759927827024,0.5,2,22.00267163694087,58.160160782779684,4.349047837472731,244.42500657601963,1001,10000,Clouds,23,1,5,5,0,0,1,0.0,0.0,62.23656094461848,64.56081607981827,54.9141430953408,3.0,52.86687966319278,3.0
2026-05-06T00:00:00+00:00,Karachi,24.8607,67.0011,openweathermap_historical,91.32349449466169,0.01,0.03355985026829364,43.8,0.39,64.73598038694003,97.10397058041005,0.5,4,27.957524040913192,69.87446295747846,5.9320814055386375,221.54902579868244,1001,10000,Clouds,0,2,6,5,0,0,1,0.0,0.0,62.27155794050004,64.3964625534249,55.625534010823344,3.0,54.08318627085802,2.0
2026-05-06T01:00:00+00:00,Karachi,24.8607,67.0011,openweathermap_historical,67.57491939642037,0.01,0.03687351458618558,43.8,0.39,60.81485011707605,91.22227517561407,0.5,3,23.37873269064999,68.02478391536526,9.399964240641307,229.13922283010197,1001,10000,Clouds,1,2,6,5,0,0,1,0.0,0.0,62.84974334095434,63.36133625164452,56.17518527729967,3.0,51.33839508195324,3.0
2026-05-06T02:00:00+00:00,Karachi,24.8607,67.0011,openweathermap_historical,65.50539396030827,0.01,0.050917056453637366,43.8,0.39,80.95510460021333,121.43265690032,0.5,4,16.732523143175783,72.07711375188312,7.293758325670945,223.74413094076635,1001,10000,Clouds,2,2,6,5,0,0,1,0.0,0.0,68.83531170140982,65.53593632301413,57.44800939866275,3.6666666666666665,65.43657322014934,2.0
2026-05-06T03:00:00+00:00,Karachi,24.8607,67.0011,openweathermap_historical,77.95566680074737,0.01,0.017815083100671553,43.8,0.39,40.30413209035762,60.456198135536425,0.5,3,25.897450841576052,72.59831746990788,8.478456934902228,247.72013730586954,1001,10000,Clouds,3,2,6,5,0,0,1,0.0,0.0,60.691362269215695,61.48146010485784,56.8424632082692,3.3333333333333335,36.980892463250335,3.0
2026-05-06T04:00:00+00:00,Karachi,24.8607,67.0011,openweathermap_historical,83.70714356608705,0.01,0.04801458019106436,43.8,0.39,68.76882138303158,103.15323207454736,0.5,4,21.90291398465699,65.05448311638635,6.901166946593214,240.65139053317787,1001,10000,Clouds,4,2,6,5,0,0,1,0.0,0.0,63.34268602453421,63.09621468274423,57.70790856354447,3.6666666666666665,56.90617496812211,3.0
2026-05-06T05:00:00+00:00,Karachi,24.8607,67.0011,openweathermap_historical,83.21510868568839,0.01,0.024971192350062676,43.8,0.39,44.50473045772267,66.75709568658401,0.5,4,21.12873044162451,58.33655770095119,7.693669855920217,200.1872479189277,1001,10000,Clouds,5,2,6,5,0,0,1,0.0,0.0,51.19256131037066,60.01393650589021,57.478245220982,3.6666666666666665,39.92131132040587,4.0
2026-05-06T06:00:00+00:00,Karachi,24.8607,67.0011,openweathermap_historical,76.9225134988184,0.01,0.024719354885740057,43.8,0.39,69.03737147323784,103.55605720985676,0.5,4,28.554072069035996,65.0599525057852,6.704616856811451,214.12038435186722,1001,10000,Clouds,6,2,6,5,0,0,1,0.0,0.0,60.77030777133073,60.73083502027318,58.207399883669744,4.0,57.0941600312665,4.0
2026-05-06T07:00:00+00:00,Karachi,24.8607,67.0011,openweathermap_historical,69.15419920251846,0.01,0.01728299254971967,43.8,0.39,61.01138472577259,91.51707708865888,0.5,5,24.360141043193835,67.47167217558145,7.887151580961235,257.2650869399367,1001,10000,Clouds,7,2,6,5,0,1,1,0.0,0.0,58.18449555224441,60.76359078838927,57.41698127559522,4.333333333333333,51.47596930804082,4.0
2026-05-06T08:00:00+00:00,Karachi,24.8607,67.0011,openweathermap_historical,67.87368247185718,0.01,-0.00017842286893909182,43.8,0.39,55.94069172460792,83.91103758691189,0.5,4,26.063608457495867,61.264725113522225,5.641151274030653,222.598765160394,1001,10000,Clouds,8,2,6,5,0,1,1,0.0,0.0,61.99648264120615,56.594521975788375,57.08549352770027,4.333333333333333,47.92648420722555,4.0
2026-05-06T09:00:00+00:00,Karachi,24.8607,67.0011,openweathermap_historical,69.51207037080295,0.01,0.06445170907649936,43.8,0.39,64.41963151607504,96.62944727411256,0.5,4,27.330556329564956,55.69663078609098,5.045319948485716,263.34219657177437,1001,10000,Clouds,9,2,6,5,0,1,1,0.0,0.0,60.45723598881855,60.6137718800746,57.72588905289627,4.333333333333333,53.861742061252535,3.0
2026-05-06T10:00:00+00:00,Karachi,24.8607,67.0011,openweathermap_historical,71.7083010279791,0.01,-0.0022390253994696227,43.8,0.39,65.51027038597124,98.26540557895686,0.5,4,22.53096697134616,71.76353825555613,10.017922768641316,225.43751944534,1001,10000,Clouds,10,2,6,5,0,0,1,0.0,0.0,61.956864542218106,60.070680047231214,57.9900602818331,4.0,54.625189270179874,3.0
2026-05-06T11:00:00+00:00,Karachi,24.8607,67.0011,openweathermap_historical,72.35170243338798,0.01,0.047470789739858084,43.8,0.39,64.3496726453249,96.52450896798734,0.5,3,29.31577379962578,65.13841164185894,5.76061466105575,262.5472557724901,1001,10000,Clouds,11,2,6,5,0,0,1,0.0,0.0,64.7598581824571,63.37817041183158,60.062360462872114,3.6666666666666665,53.812770851727436,3.0
2026-05-06T12:00:00+00:00,Karachi,24.8607,67.0011,openweathermap_historical,94.18244484092871,0.01,0.04881642367895618,43.8,0.39,69.5763556292088,104.3645334438132,0.5,3,22.59542952161034,68.68238261032948,9.767944904950026,225.54919606365857,1001,10000,Clouds,12,2,6,5,0,0,1,0.0,0.0,66.47876622016835,63.46800110449342,60.242556825121994,3.3333333333333335,57.471448940446166,2.0
2026-05-06T13:00:00+00:00,Karachi,24.8607,67.0011,openweathermap_historical,62.870447665869186,0.01,0.02035359803595987,43.8,0.39,84.1960899311138,126.2941348966707,0.5,3,30.165834071517317,61.27327838678117,4.026382281228539,263.6982257290901,1001,10000,Clouds,13,2,6,5,0,0,1,0.0,0.0,72.70737273521587,67.33211863871695,61.44308788243967,3.0,67.70526295177966,4.0
2026-05-06T14:00:00+00:00,Karachi,24.8607,67.0011,openweathermap_historical,96.68399085250064,0.01,0.06113049826870477,43.8,0.39,73.31359847629267,109.970397714439,0.5,4,25.623049145625732,62.360626436871094,7.231325286334473,226.68311312644605,1001,10000,Clouds,14,2,6,5,0,0,1,0.0,0.0,75.69534801220512,70.22760309733108,62.604271372162906,3.3333333333333335,60.08751893340487,3.0
2026-05-06T15:00:00+00:00,Karachi,24.8607,67.0011,openweathermap_historical,75.87735541234157,0.01,0.0340453824149851,43.8,0.39,73.35309148590926,110.02963722886389,0.5,3,19.375691293815247,46.41551985775842,4.831885239199837,192.6932196877479,1001,10000,Clouds,15,2,6,5,0,0,1,0.0,0.0,76.95425996443862,71.71651309230346,62.99428844459769,3.3333333333333335,60.11516404013649,4.0
2026-05-06T16:00:00+00:00,Karachi,24.8607,67.0011,openweathermap_historical,77.58978825365224,0.01,0.03323458915147027,43.8,0.39,35.24313811311019,52.86470716966529,0.5,3,22.547096138996153,57.14690616142907,8.517648094933095,221.7142343126457,1001,10000,Clouds,16,2,6,5,0,0,1,0.0,0.0,60.636609358437404,66.67199104682659,63.66673530224224,3.3333333333333335,33.43819667917714,3.0
2026-05-06T17:00:00+00:00,Karachi,24.8607,67.0011,openweathermap_historical,69.17032762889588,0.01,0.03689479577126245,43.8,0.39,92.20515702209457,138.30773553314185,0.5,3,30.846675886481286,52.66013165523234,6.47220645071209,271.33274447912544,1001,10000,Clouds,17,2,6,5,0,1,1,0.0,0.0,66.93379554037138,71.31457177628822,64.81687369345707,3.0,73.3116099154662,3.0
2026-05-06T18:00:00+00:00,Karachi,24.8607,67.0011,openweathermap_historical,58.348533216598,0.01,0.06517394370616873,43.8,0.39,66.64322927221522,99.96484390832283,0.5,2,30.916361344031998,88.74817439272633,7.416081621269796,233.56186753733573,1001,10000,Clouds,18,2,6,5,0,1,1,0.0,0.0,64.69717480247336,70.82571738345595,64.85525401541186,2.6666666666666665,55.418260490550665,4.0
2026-05-06T19:00:00+00:00,Karachi,24.8607,67.0011,openweathermap_historical,106.61324581630527,0.01,0.048220330990534584,43.8,0.39,71.0277597950667,106.54163969260006,0.5,3,25.72924030095817,73.77879915006972,8.0476783116467,191.33907120304684,1001,10000,Clouds,19,2,6,5,0,1,1,0.0,0.0,76.62538202979219,68.63099569411476,65.02201034321637,2.6666666666666665,58.48743185654669,3.0
2026-05-06T20:00:00+00:00,Karachi,24.8607,67.0011,openweathermap_historical,69.60438797103909,0.01,0.11039618435688198,43.8,0.39,63.975493559332016,95.96324033899802,0.5,4,18.858503293848813,62.6953015376014,4.8090220598218885,255.67240183614285,1001,10000,Clouds,20,2,6,5,0,1,1,0.0,0.0,67.21549420887136,67.07464487462133,64.85817656768872,3.0,53.550845491532414,3.0
2026-05-06T21:00:00+00:00,Karachi,24.8607,67.0011,openweathermap_historical,64.13171317965492,0.01,0.04467779720454516,43.8,0.39,64.28819551581158,96.43229327371736,0.5,2,24.911132778377606,79.96977300754571,9.813788718376582,216.87368924823932,1001,10000,Clouds,21,2,6,5,0,0,1,0.0,0.0,66.43048295673681,65.56382887960505,64.84389348921023,3.0,53.76973686106811,3.0
2026-05-06T22:00:00+00:00,Karachi,24.8607,67.0011,openweathermap_historical,75.79833672332435,0.01,0.06404320315330916,43.8,0.39,45.33415572615418,68.00123358923128,0.5,4,21.294205877556244,78.22444782620548,6.942491610664852,223.98973258054815,1001,10000,Clouds,22,2,6,5,0,0,1,0.0,0.0,57.86594826709929,67.24566514844572,64.27113773131195,3.3333333333333335,40.501909008307926,4.0
2026-05-06T23:00:00+00:00,Karachi,24.8607,67.0011,openweathermap_historical,77.9418158515352,0.01,0.05049777673976796,43.8,0.39,54.97521625585691,82.46282438378536,0.5,3,25.07123074144578,80.49965465810783,7.072479700599217,237.44514169506778,1001,10000,Clouds,23,2,6,5,0,0,1,0.0,0.0,54.865855832607586,61.04067502073943,63.936838428687366,3.0,47.250651379099835,3.0
2026-05-07T00:00:00+00:00,Karachi,24.8607,67.0011,openweathermap_historical,63.19452199188666,0.01,0.04727050651780048,43.8,0.39,82.8950626539627,124.34259398094405,0.5,2,18.075018993199496,53.508470061047085,5.205135539897695,266.2315805330066,1001,10000,Clouds,0,3,7,5,0,0,1,0.0,0.0,61.06814487865796,63.74931391769735,64.69346685647997,3.0,66.79454385777389,3.0
2026-05-07T01:00:00+00:00,Karachi,24.8607,67.0011,openweathermap_historical,80.43838037326496,0.01,0.016738834612377233,43.8,0.39,60.475851919402714,90.71377787910407,0.5,3,8.275613291251169,66.73393809940713,5.853203658418358,233.6850657257212,1001,10000,Clouds,1,3,7,5,0,0,1,0.0,0.0,66.11537694307414,61.99066260508669,64.67934193157691,2.6666666666666665,51.1010963435819,4.0
2026-05-07T02:00:00+00:00,Karachi,24.8607,67.0011,openweathermap_historical,80.6143698163264,0.01,0.009528227447338639,43.8,0.39,51.72188352795383,77.58282529193075,0.5,2,21.930179199398637,60.87518581786155,6.054894468796469,222.3587813923724,1001,10000,Clouds,2,3,7,5,0,0,1,0.0,0.0,65.03093270043978,59.94839426652365,63.4612910535661,2.3333333333333335,44.97331846956769,3.0
2026-05-07T03:00:00+00:00,Karachi,24.8607,67.0011,openweathermap_historical,82.53715896435006,0.01,-0.004289523180235316,43.8,0.39,39.552633804983216,59.328950707474824,0.5,3,24.763493001907204,61.56384548074186,6.82744078724636,207.6145486315032,1001,10000,Clouds,3,3,7,5,0,0,1,0.0,0.0,50.58345641744663,55.82580064805226,63.429978625008836,2.6666666666666665,36.454843663488255,3.0
2026-05-07T04:00:00+00:00,Karachi,24.8607,67.0011,openweathermap_historical,77.10236017988719,0.01,0.03760510174424739,43.8,0.39,89.8836989341519,134.82554840122785,0.5,3,23.649246752826315,44.3115433473811,8.883717612780774,250.7750819449806,1001,10000,Clouds,4,3,7,5,0,0,1,0.0,0.0,60.38607208902968,63.25072451605187,64.30976518963885,2.6666666666666665,71.68658925390633,3.0
2026-05-07T05:00:00+00:00,Karachi,24.8607,67.0011,openweathermap_historical,82.76062144833764,0.01,0.03744662768807005,43.8,0.39,63.85461415481248,95.78192123221872,0.5,4,26.6647099372602,62.230667387356455,7.8407802881910555,217.38309349075388,1001,10000,Clouds,5,3,7,5,0,0,1,0.0,0.0,64.4303156313159,64.73062416587781,65.11601034368427,3.3333333333333335,53.466229908368746,3.0
2026-05-07T06:00:00+00:00,Karachi,24.8607,67.0011,openweathermap_historical,74.26487925802651,0.01,0.04638797924726233,43.8,0.39,67.77400067156883,101.66100100735324,0.5,4,24.87674801205265,76.04136957474074,5.351453146177869,242.05064215968346,1001,10000,Clouds,6,3,7,5,0,0,1,0.0,0.0,73.83743792017776,62.21044716881216,65.0633698936147,3.6666666666666665,56.20980047009818,4.0
2026-05-07T07:00:00+00:00,Karachi,24.8607,67.0011,openweathermap_historical,69.71920940213758,0.01,0.05132671003352084,43.8,0.39,63.15220116393509,94.72830174590263,0.5,4,17.56975603117661,54.39441802967771,0.4850853555279304,245.54350722835693,1001,10000,Clouds,7,3,7,5,0,1,1,0.0,0.0,64.92693866343883,62.656505376234215,65.15257057853816,4.0,52.97454081475456,5.0
2026-05-07T08:00:00+00:00,Karachi,24.8607,67.0011,openweathermap_historical,69.63424896600826,0.01,0.041926415465680975,43.8,0.39,77.91841370791816,116.87762056187725,0.5,4,26.212004833232196,76.63560329142115,7.564025120881155,229.912369288301,1001,10000,Clouds,8,3,7,5,0,1,1,0.0,0.0,69.61487184780741,67.02259373956161,66.06830899450942,4.0,63.31088959554272,4.0
2026-05-07T09:00:00+00:00,Karachi,24.8607,67.0011,openweathermap_historical,77.42280055688599,0.01,0.026164722735135544,43.8,0.39,89.14585234701707,133.7187785205256,0.5,3,21.78863833513467,56.95737761110207,7.013970297361032,225.10194747632002,1001,10000,Clouds,9,3,7,5,0,1,1,0.0,0.0,76.73882240629014,75.28813016323393,67.09856819579866,3.6666666666666665,71.17009664291196,3.0
2026-05-07T10:00:00+00:00,Karachi,24.8607,67.0011,openweathermap_historical,60.4158871423156,0.01,0.03140370845321131,43.8,0.39,80.51985831516592,120.77978747274888,0.5,3,18.923983146431667,59.54789883535942,5.760409197217967,223.25728416825984,1001,10000,Clouds,10,3,7,5,0,0,1,0.0,0.0,82.52804145670042,73.72749006006958,67.72396769284845,3.3333333333333335,65.13190082061615,2.0
2026-05-07T11:00:00+00:00,Karachi,24.8607,67.0011,openweathermap_historical,68.76412421406931,0.01,0.018552283907909528,43.8,0.39,42.2881295307149,63.432194296072346,0.5,3,19.68819231606637,42.009516550046584,8.102225988267442,229.44526935899688,1001,10000,Clouds,11,3,7,5,0,0,1,0.0,0.0,70.65128006429934,70.13307595605333,66.8047367297397,3.0,38.36969067150043,3.0
2026-05-07T12:00:00+00:00,Karachi,24.8607,67.0011,openweathermap_historical,82.29056905239551,0.01,0.028136668977126907,43.8,0.39,39.90081767820643,59.85122651730964,0.5,2,17.884797484535845,55.4421415486055,8.228496534294905,237.3006680892413,1001,10000,Clouds,12,3,7,5,0,0,1,0.0,0.0,54.23626850802912,65.48754545715958,65.56825598178126,2.6666666666666665,36.6985723747445,3.0
2026-05-07T13:00:00+00:00,Karachi,24.8607,67.0011,openweathermap_historical,55.431943827486634,0.01,0.06683019683785023,43.8,0.39,45.76061107844253,68.64091661766379,0.5,4,23.71559938093199,66.75695947325198,9.124222071269369,221.27173118419998,1001,10000,Clouds,13,3,7,5,0,0,1,0.0,0.0,42.64985276245466,62.588947109577504,63.966777696253295,3.0,40.80042775490977,2.0
2026-05-07T14:00:00+00:00,Karachi,24.8607,67.0011,openweathermap_historical,79.1295345210425,0.01,0.08631386729315838,43.8,0.39,50.220098234704686,75.33014735205703,0.5,3,25.716936157329204,74.3731415532571,10.482181050358307,246.60749389654578,1001,10000,Clouds,14,3,7,5,0,0,1,0.0,0.0,45.29384233045125,57.972561197375256,63.00454851952046,3.0,43.922068764293286,3.0
2026-05-07T15:00:00+00:00,Karachi,24.8607,67.0011,openweathermap_historical,83.6745174570369,0.01,0.030934814022858435,43.8,0.39,41.29921331355729,61.94881997033593,0.5,4,37.17556837857246,59.568346618314216,8.488279167320021,245.09313125669112,1001,10000,Clouds,15,3,7,5,0,0,1,0.0,0.0,45.75997420890153,49.99812135846529,61.66897026233912,3.6666666666666665,37.6774493194901,4.0
2026-05-07T16:00:00+00:00,Karachi,24.8607,67.0011,openweathermap_historical,66.01671192630579,0.01,0.05425945015055936,43.8,0.39,64.3674579401314,96.5511869101971,0.5,3,30.165378075570338,61.59306646392707,7.029881562139884,244.25249412136884,1001,10000,Clouds,16,3,7,5,0,0,1,0.0,0.0,51.96225649613117,47.30605462929287,62.882483588465014,3.3333333333333335,53.825220558091985,3.0
2026-05-07T17:00:00+00:00,Karachi,24.8607,67.0011,openweathermap_historical,77.81689686916401,0.01,0.048829834299326115,43.8,0.39,61.820746066435404,92.73111909965311,0.5,3,18.713752068434893,68.33804521844932,4.532318238282693,237.96798828308764,1001,10000,Clouds,17,3,7,5,0,1,1,0.0,0.0,55.82913910670806,50.56149071857962,61.61646646531255,3.3333333333333335,52.04252224650479,3.0
2026-05-07T18:00:00+00:00,Karachi,24.8607,67.0011,openweathermap_historical,70.29751935528027,0.01,0.06146198940432621,43.8,0.39,58.078672382952185,87.11800857442827,0.5,4,21.889292754211596,74.6743264369237,8.952650912385664,243.10388147008837,1001,10000,Clouds,18,3,7,5,0,1,1,0.0,0.0,61.4222921298397,53.591133169370586,61.25960992825992,3.3333333333333335,49.42307066806653,4.0
2026-05-07T19:00:00+00:00,Karachi,24.8607,67.0011,openweathermap_historical,49.09809903530576,0.01,0.0068067045242342986,43.8,0.39,69.82441958576767,104.73662937865151,0.5,3,18.610528046511632,84.10418624182105,6.721447401914699,189.5026144802651,1001,10000,Clouds,19,3,7,5,0,1,1,0.0,0.0,63.24127934505179,57.60176792059144,61.20947075287247,3.3333333333333335,57.64509371003737,3.0
2026-05-07T20:00:00+00:00,Karachi,24.8607,67.0011,openweathermap_historical,72.84070081644398,0.01,0.050296126503054206,43.8,0.39,65.64091877635612,98.46137816453418,0.5,3,29.453109059645158,76.45707085293915,7.834984920589491,239.18202695506147,1001,10000,Clouds,20,3,7,5,0,1,1,0.0,0.0,64.51467024835868,60.17190467753334,61.27886347024847,3.3333333333333335,54.71664314344929,2.0
2026-05-07T21:00:00+00:00,Karachi,24.8607,67.0011,openweathermap_historical,56.72738667186238,0.01,0.032836295497762534,43.8,0.39,44.55296177511274,66.82944266266911,0.5,3,30.290117317254396,60.37295418550772,10.029126839373186,250.24999811549222,1001,10000,Clouds,21,3,7,5,0,0,1,0.0,0.0,60.00610004574554,60.71419608779258,60.45656206438601,3.0,39.95507324257892,3.0
2026-05-07T22:00:00+00:00,Karachi,24.8607,67.0011,openweathermap_historical,88.05191265463415,0.01,0.035286341234349164,43.8,0.39,68.10945804662185,102.16418706993278,0.5,4,34.220462668866034,39.69152957595714,5.825715782373402,248.37517248081159,1001,10000,Clouds,22,3,7,5,0,0,1,0.0,0.0,59.434446199363606,61.337862772207664,61.4055329944055,3.3333333333333335,56.444620632635306,3.0
2026-05-07T23:00:00+00:00,Karachi,24.8607,67.0011,openweathermap_historical,80.75367032694261,0.01,0.02672345733708246,43.8,0.39,42.704749282087,64.0571239231305,0.5,3,10.99793589794469,63.0405183378587,4.459221087351722,254.18748780812987,1001,10000,Clouds,23,3,7,5,0,0,1,0.0,0.0,51.78905636794057,58.15186330814959,60.894263537165095,3.3333333333333335,38.6613244974609,3.0
2026-05-08T00:00:00+00:00,Karachi,24.8607,67.0011,openweathermap_historical,75.68976289264194,0.01,0.0417902947103218,43.8,0.39,71.16761163258981,106.75141744888472,0.5,3,28.9305288470823,61.42392558029565,7.81575170822556,228.0536996368707,1001,10000,Clouds,0,4,8,5,0,0,1,0.0,0.0,60.66060632043292,60.333353183089194,60.40561974460789,3.3333333333333335,58.58532814281287,4.0
2026-05-08T01:00:00+00:00,Karachi,24.8607,67.0011,openweathermap_historical,73.93220084446776,0.01,0.029626535475505797,43.8,0.39,61.96115439828281,92.94173159742421,0.5,4,20.443461677099542,64.32712308069911,5.952953609299314,248.7032844951273,1001,10000,Clouds,1,4,8,5,0,0,1,0.0,0.0,58.61117177098657,59.022808985175054,60.46750734789456,3.3333333333333335,52.14080807879797,2.0
2026-05-08T02:00:00+00:00,Karachi,24.8607,67.0011,openweathermap_historical,78.11334387351442,0.01,0.043426706533197836,43.8,0.39,71.76502172413223,107.64753258619834,0.5,3,15.511948059267052,72.34248022271844,10.666153186033444,240.64465956246715,1001,10000,Clouds,2,4,8,5,0,0,1,0.0,0.0,68.29792925166832,60.04349280980441,61.302638106068656,3.3333333333333335,59.00351520689256,2.0
2026-05-08T03:00:00+00:00,Karachi,24.8607,67.0011,openweathermap_historical,77.63544709676464,0.01,0.011139692147818656,43.8,0.39,77.79871670476334,116.698075057145,0.5,3,18.720800148999096,64.22014088528243,2.8115767987482165,277.28727959179497,1001,10000,Clouds,3,4,8,5,0,0,1,0.0,0.0,70.50829760905948,65.58445196474618,62.89622489355949,3.3333333333333335,63.22710169333434,3.0
2026-05-08T04:00:00+00:00,Karachi,24.8607,67.0011,openweathermap_historical,83.21176937439705,0.01,0.024381366880332093,43.8,0.39,48.579409572871846,72.86911435930777,0.5,3,25.269779304965684,63.78117901183272,8.301931249866916,226.4261557478408,1001,10000,Clouds,4,4,8,5,0,0,1,0.0,0.0,66.04771600058916,62.32944388578784,61.175212836839485,3.0,42.773586701010295,4.0
2026-05-08T05:00:00+00:00,Karachi,24.8607,67.0011,openweathermap_historical,67.77838283386733,0.01,0.051245798074649705,43.8,0.39,64.17998599284003,96.26997898926004,0.5,3,19.987491095667906,73.39501116935622,8.75467264644083,224.01365156272354,1001,10000,Clouds,5,4,8,5,0,0,1,0.0,0.0,63.519370756825104,65.90865000424668,61.18876999675731,3.0,53.693990194988025,2.0
2026-05-08T06:00:00+00:00,Karachi,24.8607,67.0011,openweathermap_historical,80.37098558106203,0.01,0.016990673110393647,43.8,0.39,47.8304274935886,71.7456412403829,0.5,4,19.53297764461889,55.64764678040519,4.86357726908537,229.79690499345642,1001,10000,Clouds,6,4,8,5,0,0,1,0.0,0.0,53.52994101976685,62.01911931441315,60.357787781008135,3.3333333333333335,42.24929924551202,4.0
2026-05-08T07:00:00+00:00,Karachi,24.8607,67.0011,openweathermap_historical,71.1123642123243,0.01,0.04985175894496656,43.8,0.39,58.40673995599907,87.61010993399861,0.5,5,27.465131201193458,60.551735939509385,7.158694588206692,211.731483850562,1001,10000,Clouds,7,4,8,5,0,1,1,0.0,0.0,56.805717814142604,61.42671690736586,60.16006023067746,4.0,49.65271796919936,4.0
2026-05-08T08:00:00+00:00,Karachi,24.8607,67.0011,openweathermap_historical,87.16434284456959,0.01,0.033254976905496746,43.8,0.39,104.66944936823069,157.00417405234603,0.5,4,20.663187688062095,80.70020350121786,8.34484822067161,247.2518749434477,1001,10000,Clouds,8,4,8,5,0,1,1,0.0,0.0,70.30220560593948,66.91078818138227,61.27468671652381,4.333333333333333,82.03661455776148,4.0
2026-05-08T09:00:00+00:00,Karachi,24.8607,67.0011,openweathermap_historical,61.82094453301861,0.01,0.039377697965011005,43.8,0.39,77.32197159785882,115.98295739678824,0.5,3,26.590634619414587,71.31451437733712,9.500374967312691,199.1910662893751,1001,10000,Clouds,9,4,8,5,0,1,1,0.0,0.0,80.13272030736289,66.83133066356484,60.78202501864223,4.0,62.893380118501184,3.0
2026-05-08T10:00:00+00:00,Karachi,24.8607,67.0011,openweathermap_historical,87.37741164253787,0.01,0.06130625827945792,43.8,0.39,51.31406525111068,76.97109787666602,0.5,2,22.045846411250654,67.82904303108093,7.527443978454592,218.09793166340356,1001,10000,Clouds,10,4,8,5,0,0,1,0.0,0.0,77.76849540573342,67.287106609938,59.56511697430659,3.0,44.687845675777474,2.0
2026-05-08T11:00:00+00:00,Karachi,24.8607,67.0011,openweathermap_historical,72.17969743977409,0.01,0.013164734358151749,43.8,0.39,73.61508122849673,110.4226218427451,0.5,3,23.848493228880397,63.071501043957575,10.794622997560392,216.49440010030284,1001,10000,Clouds,11,4,8,5,0,0,1,0.0,0.0,67.41703935915544,68.85962248254744,60.870406628380834,2.6666666666666665,60.29855685994772,4.0
2026-05-08T12:00:00+00:00,Karachi,24.8607,67.0011,openweathermap_historical,72.47820781677098,0.01,0.03647639375062788,43.8,0.39,73.53070566498747,110.2960584974812,0.5,3,22.275813536721394,73.8689508484275,10.198724119326961,246.83629828770754,1001,10000,Clouds,12,4,8,5,0,0,1,0.0,0.0,66.15328404819832,73.14300217778057,62.27165196116337,2.6666666666666665,60.239493965491235,3.0
2026-05-08T13:00:00+00:00,Karachi,24.8607,67.0011,openweathermap_historical,61.77495201184922,0.01,0.04586516054959241,43.8,0.39,43.27414343335167,64.9112151500275,0.5,2,22.805752760229677,69.71380945043674,5.60011531695603,247.69491947344872,1001,10000,Clouds,13,4,8,5,0,0,1,0.0,0.0,63.47331010894533,70.62090275733935,62.16804914261792,2.6666666666666665,39.05990040334617,3.0
2026-05-08T14:00:00+00:00,Karachi,24.8607,67.0011,openweathermap_historical,67.99654792418944,0.01,0.04701767202332586,43.8,0.39,66.72508820673434,100.08763231010151,0.5,3,15.643225155533516,80.04272005937614,10.154106117865727,247.8050274525496,1001,10000,Clouds,14,4,8,5,0,0,1,0.0,0.0,61.17664576835785,64.29684256375661,62.85575705811916,2.6666666666666665,55.47556174471404,4.0
2026-05-08T15:00:00+00:00,Karachi,24.8607,67.0011,openweathermap_historical,74.47832334093454,0.01,0.043588593471925674,43.8,0.39,71.54585223854832,107.31877835782248,0.5,4,18.97362084134116,60.352151481283435,8.121629438606732,216.8617250559488,1001,10000,Clouds,15,4,8,5,0,0,1,0.0,0.0,60.5150279595448,63.334156003871534,64.11603367999379,3.0,58.85009656698383,3.0
2026-05-08T16:00:00+00:00,Karachi,24.8607,67.0011,openweathermap_historical,68.12395469443256,0.01,0.030697423717089133,43.8,0.39,56.16980110888566,84.25470166332849,0.5,3,18.91552266896167,73.34848511988397,9.962439858841115,249.1748964325611,1001,10000,Clouds,16,4,8,5,0,0,1,0.0,0.0,64.81358051805613,64.14344531350069,63.77446464535854,3.3333333333333335,48.086860776219964,3.0
2026-05-08T17:00:00+00:00,Karachi,24.8607,67.0011,openweathermap_historical,52.08711100821039,0.01,0.03547790652244362,43.8,0.39,92.0671502432152,138.10072536482278,0.5,3,28.825719938193416,69.963086690057,8.926915983213977,205.40663060167415,1001,10000,Clouds,17,4,8,5,0,1,1,0.0,0.0,73.26093453021642,67.2187901492871,65.03473148605771,3.3333333333333335,73.21500517025063,3.0
2026-05-08T18:00:00+00:00,Karachi,24.8607,67.0011,openweathermap_historical,65.05371127195714,0.01,0.0515259694212389,43.8,0.39,71.49469578187207,107.24204367280811,0.5,4,31.095356497849362,61.57136749728111,4.685991006867311,250.3475385689247,1001,10000,Clouds,18,4,8,5,0,1,1,0.0,0.0,73.243882377991,66.87945516876788,65.5937324610127,3.3333333333333335,58.81428704731046,3.0
2026-05-08T19:00:00+00:00,Karachi,24.8607,67.0011,openweathermap_historical,78.92862110576968,0.01,0.06087087357261576,43.8,0.39,77.37964368000917,116.06946552001375,0.5,3,19.393853950301708,62.95251535337212,7.6493961006818605,189.3968439164352,1001,10000,Clouds,19,4,8,5,0,1,1,0.0,0.0,80.31382990169884,72.56370520987745,65.90853346493942,3.3333333333333335,62.93375057600642,3.0
2026-05-08T20:00:00+00:00,Karachi,24.8607,67.0011,openweathermap_historical,79.363232886215,0.01,0.03608745456948096,43.8,0.39,70.35773021312122,105.53659531968182,0.5,2,27.85751136850047,74.15268017791601,7.438662576885541,244.9524419971117,1001,10000,Clouds,20,4,8,5,0,1,1,0.0,0.0,73.07735655833419,73.16914554427527,66.10506727480464,3.0,58.01841114918486,2.0
2026-05-08T21:00:00+00:00,Karachi,24.8607,67.0011,openweathermap_historical,60.00963548327406,0.01,0.05114281069967169,43.8,0.39,36.7469021139415,55.12035317091225,0.5,3,29.130757500720804,66.2804799864369,6.441172814350508,244.45979794559997,1001,10000,Clouds,21,4,8,5,0,0,1,0.0,0.0,61.49475866902399,67.36932052350747,65.77981478892251,2.6666666666666665,34.49083147975905,4.0
2026-05-08T22:00:00+00:00,Karachi,24.8607,67.0011,openweathermap_historical,71.67566433565406,0.01,0.014903678743785474,43.8,0.39,58.525411278265025,87.78811691739753,0.5,3,28.75201799736445,62.542104185089464,6.406987026428227,236.77432622554042,1001,10000,Clouds,22,4,8,5,0,0,1,0.0,0.0,55.21001453510928,67.76192221840402,65.38047950690763,2.6666666666666665,49.73578789478552,3.0
2026-05-08T23:00:00+00:00,Karachi,24.8607,67.0011,openweathermap_historical,86.6128346921911,0.01,0.026219799660438983,43.8,0.39,75.7130823613648,113.5696235420472,0.5,3,21.970982069273067,79.81655015820273,9.451061143924612,230.1561485415041,1001,10000,Clouds,23,4,8,5,0,0,1,0.0,0.0,56.995131917857144,65.03624423809562,66.75582671854421,3.0,61.76715765295536,3.0
2026-05-09T00:00:00+00:00,Karachi,24.8607,67.0011,openweathermap_historical,75.03643315157292,0.01,0.05496454449413325,43.8,0.39,63.377965759926624,95.06694863988994,0.5,4,21.423437471944155,66.47165304824172,4.429926850005204,218.93563931921082,1001,10000,Clouds,0,5,9,5,1,0,1,0.0,0.0,65.8721531331855,63.68345590110473,66.43125814051658,3.3333333333333335,53.132576031948645,4.0
2026-05-09T01:00:00+00:00,Karachi,24.8607,67.0011,openweathermap_historical,64.78765762524347,0.01,0.053322026171049336,43.8,0.39,31.818252727050897,47.72737909057635,0.5,2,18.697559187234887,57.5303237108446,5.8176623147813356,258.34291870286535,1001,10000,Clouds,1,5,9,5,1,0,1,0.0,0.0,56.96976694944747,56.08989074227835,65.17530390421524,3.0,31.040776908935626,2.0
2026-05-09T02:00:00+00:00,Karachi,24.8607,67.0011,openweathermap_historical,75.49958765670806,0.01,0.05731995174505302,43.8,0.39,67.56909147113518,101.35363720670277,0.5,2,28.14001047309536,82.73568839071025,8.349847375970027,268.7861993093319,1001,10000,Clouds,2,5,9,5,1,0,1,0.0,0.0,54.255103319370924,55.62511761861401,65.00047347700705,2.6666666666666665,56.06636402979463,3.0
2026-05-09T03:00:00+00:00,Karachi,24.8607,67.0011,openweathermap_historical,76.61325677092643,0.01,0.057120252770243636,43.8,0.39,67.07597200884479,100.61395801326718,0.5,3,29.644344953267755,73.63002759733438,7.089873532732545,230.58514305035297,1001,10000,Clouds,3,5,9,5,1,0,1,0.0,0.0,55.48777206901031,60.679962601097884,64.55369244801044,2.3333333333333335,55.72118040619135,3.0
2026-05-09T04:00:00+00:00,Karachi,24.8607,67.0011,openweathermap_historical,90.07439149928138,0.01,0.0666979083794013,43.8,0.39,47.49714919897953,71.2457237984693,0.5,4,20.255739579113946,67.24606906826858,6.702042739217513,264.2216413780705,1001,10000,Clouds,4,5,9,5,1,0,1,0.0,0.0,60.714070892986534,58.84191892121697,64.50859826576492,3.0,42.01600443928567,4.0
2026-05-09T05:00:00+00:00,Karachi,24.8607,67.0011,openweathermap_historical,79.23114903949086,0.01,0.06439054312671305,43.8,0.39,56.79366893963822,85.19050340945734,0.5,2,27.71227097743875,63.351919225395044,4.616122129575292,251.33791988200102,1001,10000,Clouds,5,5,9,5,1,0,1,0.0,0.0,57.12226338248754,55.6886833509292,64.20083505521485,3.0,48.52356825774676,3.0
2026-05-09T06:00:00+00:00,Karachi,24.8607,67.0011,openweathermap_historical,89.77478523883967,0.01,0.020483388148083235,43.8,0.39,64.98519072729613,97.47778609094419,0.5,4,26.754267584963333,49.92530713837709,5.32294094887917,242.73467672243123,1001,10000,Clouds,6,5,9,5,1,0,1,0.0,0.0,56.42533628863799,55.95655417882412,64.91561685661932,3.3333333333333335,54.25763350910729,3.0
2026-05-09T07:00:00+00:00,Karachi,24.8607,67.0011,openweathermap_historical,64.19624440388765,0.01,0.03628088575936065,43.8,0.39,94.85629768225752,142.2844465233863,0.5,4,24.22284881750246,54.63798572376595,6.1762891752133795,205.62576161804918,1001,10000,Clouds,7,5,9,5,1,1,1,0.0,0.0,72.21171911639732,66.4628950046919,66.43434842854676,3.3333333333333335,75.16740837758027,3.0
2026-05-09T08:00:00+00:00,Karachi,24.8607,67.0011,openweathermap_historical,74.9115376606522,0.01,0.043847299055173324,43.8,0.39,52.534755804406,78.802133706609,0.5,4,30.009899875059805,41.90511754468094,5.674815501527525,234.86821194950068,1001,10000,Clouds,8,5,9,5,1,1,1,0.0,0.0,70.79208140465325,63.95717239357037,64.26206953005406,4.0,45.5423290630842,5.0
2026-05-09T09:00:00+00:00,Karachi,24.8607,67.0011,openweathermap_historical,67.45107333067261,0.01,0.018909432408171986,43.8,0.39,64.06344248249023,96.09516372373534,0.5,3,19.82473699301306,54.49482836341932,11.252982237400392,220.48988933373852,1001,10000,Clouds,9,5,9,5,1,1,1,0.0,0.0,70.48483198971795,63.455084139177934,63.70963081691371,3.6666666666666665,53.612409737743164,3.0
2026-05-09T10:00:00+00:00,Karachi,24.8607,67.0011,openweathermap_historical,74.86573732186723,0.01,0.022236822242870338,43.8,0.39,60.71904185127844,91.07856277691766,0.5,2,32.011667005510276,72.42612834915906,5.043339696800605,238.58866874662235,1001,10000,Clouds,10,5,9,5,1,0,1,0.0,0.0,59.105746712724915,65.6587329145611,64.1015048419207,3.0,51.271329295894915,3.0
2026-05-09T11:00:00+00:00,Karachi,24.8607,67.0011,openweathermap_historical,76.37144490449286,0.01,-0.005385407505070466,43.8,0.39,67.73699386952278,101.60549080428416,0.5,4,29.516310681083908,50.71707945635401,7.903540534670215,251.3258083572548,1001,10000,Clouds,11,5,9,5,1,0,1,0.0,0.0,64.17315940109718,67.48262040287518,63.856584535296776,3.0,56.18389570866594,3.0
2026-05-09T12:00:00+00:00,Karachi,24.8607,67.0011,openweathermap_historical,78.54076904113894,0.01,0.06369826727835813,43.8,0.39,55.641918041226035,83.46287706183905,0.5,3,25.2172673480525,57.44970202365457,4.847506779852233,267.91699757494257,1001,10000,Clouds,12,5,9,5,1,0,1,0.0,0.0,61.365984587342446,65.92540828853016,63.11121838430672,3.0,47.71734262885823,3.0
2026-05-09T13:00:00+00:00,Karachi,24.8607,67.0011,openweathermap_historical,78.9028656412576,0.01,0.05385045608214122,43.8,0.39,49.75185134899596,74.62777702349395,0.5,3,24.24690699200243,70.52467378750677,6.350246162148016,233.58724535509012,1001,10000,Clouds,13,5,9,5,1,0,1,0.0,0.0,57.71025441991495,58.408000566319906,63.38112288079191,3.3333333333333335,43.59429594429718,3.0
2026-05-09T14:00:00+00:00,Karachi,24.8607,67.0011,openweathermap_historical,67.55418962912691,0.01,0.020914958603059725,43.8,0.39,87.52971772440536,131.29457658660803,0.5,4,21.47623353669878,63.61654992628748,9.178595406604622,221.08462759566385,1001,10000,Clouds,14,5,9,5,1,0,1,0.0,0.0,64.30782903820915,64.24049421965314,64.2479824440282,3.3333333333333335,70.03880240708376,3.0
2026-05-09T15:00:00+00:00,Karachi,24.8607,67.0011,openweathermap_historical,58.57829371141625,0.01,0.06749717237587749,43.8,0.39,83.04583436144082,124.56875154216124,0.5,3,30.752822045111373,62.362154881744075,6.1878051443485225,271.70574878659784,1001,10000,Clouds,15,5,9,5,1,0,1,0.0,0.0,73.44246781161408,67.40422619947823,64.72714836581538,3.3333333333333335,66.90008405300858,3.0
2026-05-09T16:00:00+00:00,Karachi,24.8607,67.0011,openweathermap_historical,71.41696501404387,0.01,0.056795449481835625,43.8,0.39,63.67541991704663,95.51312987556994,0.5,3,24.35951289281513,65.03051939930177,7.4874407634962,242.86200911294424,1001,10000,Clouds,16,5,9,5,1,0,1,0.0,0.0,78.08365733429764,67.89695587710627,65.03988248282208,3.3333333333333335,53.340793941932645,4.0
2026-05-09T17:00:00+00:00,Karachi,24.8607,67.0011,openweathermap_historical,75.81098364471761,0.01,0.055962489755487024,43.8,0.39,81.77834564162805,122.66751846244208,0.5,3,26.6684035275164,67.80345219984068,5.875412998991712,214.73512023268648,1001,10000,Clouds,17,5,9,5,1,1,1,0.0,0.0,76.1665333067052,70.23718117245716,64.61118229108929,3.0,66.01284194913964,2.0
2026-05-09T18:00:00+00:00,Karachi,24.8607,67.0011,openweathermap_historical,64.74985317866316,0.01,0.023350053465269218,43.8,0.39,73.69418668405655,110.54128002608482,0.5,3,32.91377739566747,64.6218869388398,7.258594061831524,277.61249155080213,1001,10000,Clouds,18,5,9,5,1,1,1,0.0,0.0,73.04931741424377,73.2458926129289,64.70282774534697,3.0,60.35393067883959,3.0
2026-05-09T19:00:00+00:00,Karachi,24.8607,67.0011,openweathermap_historical,69.8418989420608,0.01,0.02971592758554747,43.8,0.39,50.59498882283291,75.89248323424937,0.5,3,27.9361981612275,56.745435243242746,5.003090140774482,216.7681660613685,1001,10000,Clouds,19,5,9,5,1,1,1,0.0,0.0,68.68917371617253,73.38641552523505,63.5868004596313,3.0,44.18449217598304,2.0
2026-05-09T20:00:00+00:00,Karachi,24.8607,67.0011,openweathermap_historical,67.06855536342569,0.01,0.009675419811609642,43.8,0.39,90.35771639985758,135.53657459978638,0.5,2,33.025596831265005,49.91947118733914,5.501663941149703,243.57855171743822,1001,10000,Clouds,20,5,9,5,1,1,1,0.0,0.0,71.54896396891571,73.85774863781042,64.42013321741199,2.6666666666666665,72.01840147990032,3.0
2026-05-09T21:00:00+00:00,Karachi,24.8607,67.0011,openweathermap_historical,78.37104000915453,0.01,0.06417650310372203,43.8,0.39,85.25378122504985,127.88067183757477,0.5,4,25.91576389997188,49.837292767750455,4.813539978321073,214.00749398231704,1001,10000,Clouds,21,5,9,5,1,0,1,0.0,0.0,75.4021621492468,74.22573978174526,66.44125318037483,3.0,68.4456468575349,2.0
2026-05-09T22:00:00+00:00,Karachi,24.8607,67.0011,openweathermap_historical,75.82957865601473,0.01,0.05688056951901746,43.8,0.39,66.99393545043462,100.49090317565194,0.5,3,28.120831545310267,53.10003051207151,9.250764368782708,221.96032898610065,1001,10000,Clouds,22,5,9,5,1,0,1,0.0,0.0,80.86847769178071,74.77882570397661,66.79410835421523,3.0,55.663754815304245,2.0
2026-05-09T23:00:00+00:00,Karachi,24.8607,67.0011,openweathermap_historical,85.16479473511518,0.01,0.048850970902855825,43.8,0.39,86.79635021039232,130.19452531558846,0.5,3,27.1168960493145,70.0671516482981,6.0973657232802525,250.8557024763406,1001,10000,Clouds,23,5,9,5,1,0,1,0.0,0.0,79.68135562862562,75.61515979877063,67.25591118125804,3.3333333333333335,69.52544514727462,3.0
2026-05-10T00:00:00+00:00,Karachi,24.8607,67.0011,openweathermap_historical,80.8449322086658,0.01,0.009602316740695841,43.8,0.39,78.1716419736535,117.25746296048024,0.5,4,31.283397256846968,64.15265710100581,8.88910871831355,242.74392134283863,1001,10000,Clouds,0,6,10,5,1,0,1,0.0,0.0,77.32064254482684,76.36140234703679,67.87231435682999,3.3333333333333335,63.48814938155745,3.0
2026-05-10T01:00:00+00:00,Karachi,24.8607,67.0011,openweathermap_historical,89.84950893694439,0.01,0.03495596322982495,43.8,0.39,32.714348211308824,49.07152231696324,0.5,2,26.85054994002073,69.51101515808034,7.297057798260589,224.26544225471812,1001,10000,Clouds,1,6,10,5,1,0,1,0.0,0.0,65.89411346511824,73.38129557844945,67.90965166867407,3.0,31.66804374791618,3.0
2026-05-10T02:00:00+00:00,Karachi,24.8607,67.0011,openweathermap_historical,81.37024862847396,0.01,0.027642116367027725,43.8,0.39,77.14546464123465,115.71819696185199,0.5,3,22.44815625502838,65.25645314355548,5.061158489134624,261.57760902215057,1001,10000,Clouds,2,6,10,5,1,0,1,0.0,0.0,62.67715160873235,71.17925361867896,68.30866721742821,3.0,62.769825248864265,3.0
2026-05-10T03:00:00+00:00,Karachi,24.8607,67.0011,openweathermap_historical,76.06851835878945,0.01,-0.003523749042029574,43.8,0.39,47.48045144065861,71.22067716098792,0.5,3,17.866137094320123,58.08477692954982,9.70816649617155,240.17178703595883,1001,10000,Clouds,3,6,10,5,1,0,1,0.0,0.0,52.44675476440073,64.88369865461375,67.4921871937538,2.6666666666666665,42.00431600846103,3.0
2026-05-10T04:00:00+00:00,Karachi,24.8607,67.0011,openweathermap_historical,98.35150606681248,0.01,0.01591544450393918,43.8,0.39,62.739445536652454,94.10916830497868,0.5,4,25.139213999105493,58.738608937068825,9.559755253757734,232.51685060256634,1001,10000,Clouds,4,6,10,5,1,0,1,0.0,0.0,62.45512053951527,64.17461700231674,68.12728287449018,3.3333333333333335,52.68561187565672,3.0
2026-05-10T05:00:00+00:00,Karachi,24.8607,67.0011,openweathermap_historical,94.31284533500809,0.01,0.046024078771483096,43.8,0.39,61.48000038304566,92.2200005745685,0.5,3,29.81440393950941,70.40055233978248,6.0755270602172144,230.40270358069716,1001,10000,Clouds,5,6,10,5,1,0,1,0.0,0.0,57.23329912011894,59.955225364425615,68.32254668463214,3.3333333333333335,51.80400026813197,2.0
2026-05-10T06:00:00+00:00,Karachi,24.8607,67.0011,openweathermap_historical,74.91665199526673,0.01,0.052988840020031874,43.8,0.39,26.855047917698215,40.28257187654732,0.5,3,28.613360081763062,83.61221734309174,6.9834939463445345,259.3185771904001,1001,10000,Clouds,6,6,10,5,1,0,1,0.0,0.0,50.358164612465465,51.402459688433076,66.73379073423224,3.3333333333333335,27.566533542388754,4.0
2026-05-10T07:00:00+00:00,Karachi,24.8607,67.0011,openweathermap_historical,56.91136342137612,0.01,0.039066631527952415,43.8,0.39,74.27250526862262,111.40875790293393,0.5,3,28.419975135373246,80.00027967764979,5.635884603600231,184.65805697719628,1001,10000,Clouds,7,6,10,5,1,1,1,0.0,0.0,54.20251785645553,58.328819197985375,65.87613271699745,3.0,60.75875368803584,4.0
2026-05-10T08:00:00+00:00,Karachi,24.8607,67.0011,openweathermap_historical,60.26198310906064,0.01,0.04619159698493771,43.8,0.39,62.26775550356027,93.4016332553404,0.5,5,26.716031186892337,63.33893542239091,6.321625742144471,240.1182141331455,1001,10000,Clouds,8,6,10,5,1,1,1,0.0,0.0,54.46510289662706,55.84920100837297,66.28167437112887,3.6666666666666665,52.355428852492196,3.0
2026-05-10T09:00:00+00:00,Karachi,24.8607,67.0011,openweathermap_historical,83.25537521772486,0.01,0.03492466869820787,43.8,0.39,68.91678581010648,103.3751787151597,0.5,3,24.08952911404452,53.39120231490279,3.896439605587291,225.31146533706362,1001,10000,Clouds,9,6,10,5,1,1,1,0.0,0.0,68.48568219409648,59.42192340328095,66.48389700977954,3.6666666666666665,57.009750067074535,3.0
2026-05-10T10:00:00+00:00,Karachi,24.8607,67.0011,openweathermap_historical,89.35238092168707,0.01,0.06509520613322974,43.8,0.39,48.80800180508088,73.21200270762131,0.5,3,24.528705539743278,52.20299784643207,9.308847153846472,217.57531085907493,1001,10000,Clouds,10,6,10,5,1,0,1,0.0,0.0,59.99751437291591,57.100016114685694,65.98760367452131,3.6666666666666665,42.93360126355662,3.0
2026-05-10T11:00:00+00:00,Karachi,24.8607,67.0011,openweathermap_historical,85.59710881715783,0.01,0.014715043318095936,43.8,0.39,66.1816771923532,99.2725157885298,0.5,3,23.100141613641043,64.37853862281715,1.223134955853534,200.17702426817607,1001,10000,Clouds,11,6,10,5,1,0,1,0.0,0.0,61.302154935846886,57.883628916236944,65.92279881297259,3.0,55.09517403464724,3.0
2026-05-10T12:00:00+00:00,Karachi,24.8607,67.0011,openweathermap_historical,69.29643447378905,0.01,0.038752928179886376,43.8,0.39,61.1075945987172,91.6613918980758,0.5,3,19.995050106950515,73.58679852611351,7.756397695530012,230.39664413795455,1001,10000,Clouds,12,6,10,5,1,0,1,0.0,0.0,58.69909119871712,63.59238669640678,66.15053533620139,3.0,51.54331621910204,3.0
2026-05-10T13:00:00+00:00,Karachi,24.8607,67.0011,openweathermap_historical,84.95000190178125,0.01,0.028024144117393873,43.8,0.39,88.34788834716579,132.5218325207487,0.5,3,26.845698448479876,76.75749382977645,7.255577958533937,200.02156569584628,1001,10000,Clouds,13,6,10,5,1,0,1,0.0,0.0,71.8790533794121,65.93828387616396,67.75870354445846,3.0,70.61152184301606,3.0
2026-05-10T14:00:00+00:00,Karachi,24.8607,67.0011,openweathermap_historical,83.2738074848655,0.01,-0.008385971629537949,43.8,0.39,46.56745849292046,69.85118773938069,0.5,3,27.731955478364895,66.25761510454929,6.868979280536065,270.33134108573563,1001,10000,Clouds,14,6,10,5,1,0,1,0.0,0.0,65.34098047960119,63.321567707724,66.0519427431466,3.0,41.36522094504433,3.0
2026-05-10T15:00:00+00:00,Karachi,24.8607,67.0011,openweathermap_historical,67.13406127845504,0.01,0.051287118849827694,43.8,0.39,57.8383667450909,86.75755011763636,0.5,3,27.605092956853518,69.78428666386502,8.598454571650741,247.05173301813585,1001,10000,Clouds,15,6,10,5,1,0,1,0.0,0.0,64.25123786172576,61.475164530221406,65.00163159246534,3.0,49.254856721563634,3.0
2026-05-10T16:00:00+00:00,Karachi,24.8607,67.0011,openweathermap_historical,74.74466903195021,0.01,0.04306800020909264,43.8,0.39,72.69426450594283,109.04139675891423,0.5,4,22.99776681365692,75.80337304452415,4.625004783599465,214.22447285205595,1001,10000,Clouds,16,6,10,5,1,0,1,0.0,0.0,59.03336324798476,65.45620831369838,65.37741678366935,3.3333333333333335,59.65398515415998,3.0
2026-05-10T17:00:00+00:00,Karachi,24.8607,67.0011,openweathermap_historical,73.49557963925177,0.01,0.05521062650525412,43.8,0.39,80.61150536957024,120.91725805435536,0.5,2,22.822906851612522,70.19063957229463,8.309676634903171,268.6934211112114,1001,10000,Clouds,17,6,10,5,1,1,1,0.0,0.0,70.38137887353469,67.86117967656791,65.32879843900027,3.0,65.19605375869918,4.0
2026-05-10T18:00:00+00:00,Karachi,24.8607,67.0011,openweathermap_historical,78.10045018702108,0.01,0.024810129142610347,43.8,0.39,48.04301447808781,72.06452171713173,0.5,3,23.299365953669763,76.11406705016513,8.830043255507587,227.34777295512043,1001,10000,Clouds,18,6,10,5,1,1,1,0.0,0.0,67.11626145120032,65.68374965646301,64.25999959708491,3.0,42.39811013466147,3.0
2026-05-10T19:00:00+00:00,Karachi,24.8607,67.0011,openweathermap_historical,69.62228302605848,0.01,0.031812571206170204,43.8,0.39,79.57775067539856,119.36662601309784,0.5,2,25.872692132798115,77.32307745591916,9.475534566887342,212.46408853461463,1001,10000,Clouds,19,6,10,5,1,1,1,0.0,0.0,69.4107568410189,64.2220600445018,65.46761467427514,2.3333333333333335,64.472425472779,3.0
2026-05-10T20:00:00+00:00,Karachi,24.8607,67.0011,openweathermap_historical,71.82799688087505,0.01,0.013901202720337905,43.8,0.39,68.13398132259071,102.20097198388606,0.5,3,27.838762066324563,57.41771095233194,6.68758385628276,216.7612099333333,1001,10000,Clouds,20,6,10,5,1,1,1,0.0,0.0,65.25158215869239,67.81648051611351,64.54162571272236,2.6666666666666665,56.4617869258135,2.0
2026-05-10T21:00:00+00:00,Karachi,24.8607,67.0011,openweathermap_historical,76.93446580925236,0.01,0.06588277898456031,43.8,0.39,77.97272745963429,116.95909118945143,0.5,2,27.310410348122407,73.27345310976696,7.150610781171139,236.3615017263933,1001,10000,Clouds,21,6,10,5,1,0,1,0.0,0.0,75.22815315254122,71.17220730187074,64.23824847249672,2.3333333333333335,63.34890922174401,3.0
2026-05-10T22:00:00+00:00,Karachi,24.8607,67.0011,openweathermap_historical,61.5688633398586,0.01,0.05206795946838162,43.8,0.39,37.59926094165428,56.39889141248142,0.5,2,26.567774841400393,73.07080437258901,10.069423782480236,240.35392552062532,1001,10000,Clouds,22,6,10,5,1,0,1,0.0,0.0,61.23532324129312,65.32304004115599,63.013470367964196,2.3333333333333335,35.087482659158,4.0
2026-05-10T23:00:00+00:00,Karachi,24.8607,67.0011,openweathermap_historical,50.229526803874236,0.01,0.049191121821349215,43.8,0.39,50.268946961604044,75.40342044240606,0.5,3,26.11467041535092,46.644328881742645,12.350963317341503,241.35477982186126,1001,10000,Clouds,23,6,10,5,1,0,1,0.0,0.0,55.2803117876309,60.26594697316161,61.49149523259802,2.3333333333333335,43.95626287312283,2.0
2026-05-11T00:00:00+00:00,Karachi,24.8607,67.0011,openweathermap_historical,75.03772927574438,0.01,0.024518329971466545,43.8,0.39,81.05393358352055,121.58090037528082,0.5,3,23.263342170397426,50.59263910780696,7.779897555986946,244.9163597857475,1001,10000,Clouds,0,0,11,5,0,0,1,0.0,0.0,56.30738049559299,65.76776682406707,61.611590716342484,2.6666666666666665,65.5057535084644,4.0
2026-05-11T01:00:00+00:00,Karachi,24.8607,67.0011,openweathermap_historical,75.38562708413954,0.01,0.011675233791780277,43.8,0.39,46.32957505422959,69.49436258134439,0.5,3,27.645082604390318,73.53076545979997,7.735016952407074,237.124615709833,1001,10000,Clouds,1,0,11,5,0,0,1,0.0,0.0,59.217485199784754,60.22640422053891,62.17889183479752,3.0,41.19870253796072,3.0
2026-05-11T02:00:00+00:00,Karachi,24.8607,67.0011,openweathermap_historical,86.2108854705231,0.01,0.07331123611943358,43.8,0.39,60.73557513056499,91.10336269584748,0.5,3,27.283665607238156,58.13387997915136,7.086554258017244,231.86303781162485,1001,10000,Clouds,2,0,11,5,0,0,1,0.0,0.0,62.706361256105076,58.99333652186795,61.49514643851961,3.0,51.2829025913955,3.0
2026-05-11T03:00:00+00:00,Karachi,24.8607,67.0011,openweathermap_historical,92.96047316198698,0.01,0.020731725838639442,43.8,0.39,58.97495904275455,88.46243856413182,0.5,3,31.885310916640528,83.11716019796319,4.503665605955468,259.5382205192536,1001,10000,Clouds,3,0,11,5,0,0,1,0.0,0.0,55.34670307584974,55.82704178572133,61.9740842552736,3.0,50.050471329928186,2.0
2026-05-11T04:00:00+00:00,Karachi,24.8607,67.0011,openweathermap_historical,67.90177263432662,0.01,0.02904303845564568,43.8,0.39,76.32692155507942,114.49038233261913,0.5,3,26.389804365663828,81.59338429193294,7.649103900886814,222.6332562770719,1001,10000,Clouds,4,0,11,5,0,0,1,0.0,0.0,65.34581857613301,62.28165188795885,62.540229089374726,3.0,62.196845088555605,3.0
2026-05-11T05:00:00+00:00,Karachi,24.8607,67.0011,openweathermap_historical,90.05933764257935,0.01,0.05435798070066314,43.8,0.39,64.24619678924194,96.3692951838629,0.5,2,33.50966519334517,71.34776158112051,7.103497592348378,265.0923144234197,1001,10000,Clouds,5,0,11,5,0,0,1,0.0,0.0,66.51602579569199,64.61119352589851,62.65548727296624,2.6666666666666665,53.74033775246936,3.0
2026-05-11T06:00:00+00:00,Karachi,24.8607,67.0011,openweathermap_historical,72.91954244607439,0.01,0.051238371925520186,43.8,0.39,60.476327195464464,90.71449079319669,0.5,4,27.960774554307054,63.02206150365758,7.729804856383071,226.11928217059258,1001,10000,Clouds,6,0,11,5,0,0,1,0.0,0.0,67.0164818465953,61.18159246122249,64.05637390953983,3.0,51.101429036825124,4.0
2026-05-11T07:00:00+00:00,Karachi,24.8607,67.0011,openweathermap_historical,76.6233857094777,0.01,0.03394827280867262,43.8,0.39,62.2630769769255,93.39461546538824,0.5,4,26.19685526117674,58.34881792345653,6.235164031390345,289.5278860717732,1001,10000,Clouds,7,0,11,5,0,1,1,0.0,0.0,62.32853365387732,63.83717611500515,63.55598106405245,3.3333333333333335,52.35215388384785,3.0
2026-05-11T08:00:00+00:00,Karachi,24.8607,67.0011,openweathermap_historical,78.37088999256694,0.01,0.055679484326764214,43.8,0.39,87.29163044017939,130.93744566026908,0.5,3,15.395346901136483,66.97471603660922,6.2617981507937195,245.3837622029098,1001,10000,Clouds,8,0,11,5,0,1,1,0.0,0.0,70.01034487085649,68.26318533327422,64.59864251974493,3.6666666666666665,69.87214130812558,4.0
2026-05-11T09:00:00+00:00,Karachi,24.8607,67.0011,openweathermap_historical,54.31096406009607,0.01,0.030853358461733794,43.8,0.39,64.15719487039262,96.23579230558892,0.5,3,16.298931196875976,70.48255777311246,3.2731245582371296,241.67251169965505,1001,10000,Clouds,9,0,11,5,0,1,1,0.0,0.0,71.2373007624992,69.12689130454721,64.40032623059018,3.3333333333333335,53.67803640927483,3.0
2026-05-11T10:00:00+00:00,Karachi,24.8607,67.0011,openweathermap_historical,74.179473654387,0.01,0.03983777771588744,43.8,0.39,69.99068399629331,104.98602599443997,0.5,3,25.328345808907144,82.32204611667277,8.213958337687044,228.155192947268,1001,10000,Clouds,10,0,11,5,0,0,1,0.0,0.0,73.81316976895515,68.07085171141621,65.28293798855736,3.0,57.761478797405324,3.0
2026-05-11T11:00:00+00:00,Karachi,24.8607,67.0011,openweathermap_historical,72.21276243848232,0.01,0.061483167525137494,43.8,0.39,47.511098618513344,71.26664792777001,0.5,3,29.746696179864394,51.55611387062332,4.845379807804544,271.21797771786726,1001,10000,Clouds,11,0,11,5,0,0,1,0.0,0.0,60.552992495066455,65.28166868296144,64.50499721464736,3.0,42.025769032959346,2.0
2026-05-11T12:00:00+00:00,Karachi,24.8607,67.0011,openweathermap_historical,75.2884279080006,0.01,0.06055219078628927,43.8,0.39,48.204491102544935,72.30673665381741,0.5,3,19.884278498323344,67.93860710624595,7.401382228068011,256.6081357773999,1001,10000,Clouds,12,0,11,5,0,0,1,0.0,0.0,55.23542457245056,63.23636266747485,63.967367902306854,3.0,42.511143771781455,2.0
2026-05-11T13:00:00+00:00,Karachi,24.8607,67.0011,openweathermap_historical,76.23444126766576,0.01,0.03228738321070852,43.8,0.39,46.102704153184185,69.15405622977627,0.5,3,27.962041872937604,58.70586884379328,8.312151250952711,186.7158170551349,1001,10000,Clouds,13,0,11,5,0,0,1,0.0,0.0,47.272764624747516,60.54296719685129,62.207151894224296,3.0,41.03989290722893,3.0
2026-05-11T14:00:00+00:00,Karachi,24.8607,67.0011,openweathermap_historical,83.25023184117578,0.01,0.03953477468183421,43.8,0.39,85.23881069792091,127.85821604688137,0.5,3,32.17566641453187,70.15100472931849,5.525633568085254,263.9348615478462,1001,10000,Clouds,14,0,11,5,0,0,1,0.0,0.0,59.84866865121671,60.20083057314156,63.8184582360993,3.0,68.43516748854465,3.0
2026-05-11T15:00:00+00:00,Karachi,24.8607,67.0011,openweathermap_historical,67.7019742312564,0.01,0.0527226444134935,43.8,0.39,40.98019090695003,61.47028636042504,0.5,3,24.567930757615855,58.34804908136726,6.350609632920757,245.54444285247223,1001,10000,Clouds,15,0,11,5,0,0,1,0.0,0.0,57.44056858601841,56.33799657923445,63.11603424284343,3.0,37.45413363486502,3.0
2026-05-11T16:00:00+00:00,Karachi,24.8607,67.0011,openweathermap_historical,74.58657909683689,0.01,-0.0015547725043743646,43.8,0.39,57.97164019407712,86.95746029111568,0.5,3,27.850346745134985,65.9670828762277,8.96746041456934,243.03880429521942,1001,10000,Clouds,16,0,11,5,0,0,1,0.0,0.0,61.396880599649386,54.334822612198415,62.50259156318237,3.0,49.34814813585399,3.0
2026-05-11T17:00:00+00:00,Karachi,24.8607,67.0011,openweathermap_historical,80.38804961044576,0.01,0.045421910699690655,43.8,0.39,79.69976856299202,119.54965284448804,0.5,4,21.826622215597006,73.15965063911473,7.20904444848659,218.4699886576241,1001,10000,Clouds,17,0,11,5,0,1,1,0.0,0.0,59.550533221339755,59.699600936278195,62.46460252957494,3.3333333333333335,64.55783799409441,2.0
2026-05-11T18:00:00+00:00,Karachi,24.8607,67.0011,openweathermap_historical,71.09244694715775,0.01,0.06587117136885212,43.8,0.39,91.56912125937177,137.35368188905767,0.5,3,23.26405026108004,70.19202216779613,7.097558609229219,207.2017133914507,1001,10000,Clouds,18,0,11,5,0,1,1,0.0,0.0,76.41351000548033,66.92703929574934,64.27819031212844,3.3333333333333335,72.86638488156024,2.0
2026-05-11T19:00:00+00:00,Karachi,24.8607,67.0011,openweathermap_historical,89.87492324773666,0.01,0.006027999736082236,43.8,0.39,57.59948044157214,86.3992206623582,0.5,3,28.096815180897437,72.90460799982154,7.141460587323606,277.2994511589721,1001,10000,Clouds,19,0,11,5,0,1,1,0.0,0.0,76.28945675464534,68.84316867714733,63.362429052385664,3.3333333333333335,49.0876363091005,3.0
2026-05-11T20:00:00+00:00,Karachi,24.8607,67.0011,openweathermap_historical,70.64341825118834,0.01,0.06037791460719147,43.8,0.39,70.9741005420996,106.4611508131494,0.5,2,25.264393839560345,68.65237708917648,6.765664148486057,222.68333773165736,1001,10000,Clouds,20,0,11,5,0,1,1,0.0,0.0,73.38090074768121,66.46571698451044,63.48076735319854,2.6666666666666665,58.44987037946973,3.0
2026-05-11T21:00:00+00:00,Karachi,24.8607,67.0011,openweathermap_historical,75.50032388432143,0.01,0.048062307197155145,43.8,0.39,49.280481867700985,73.92072280155148,0.5,3,16.62342089039808,66.04933311864541,7.557058107273151,257.85306452709676,1001,10000,Clouds,21,0,11,5,0,0,1,0.0,0.0,59.284687617124284,67.84909881130227,62.285257120201315,2.6666666666666665,43.26433730739069,3.0
2026-05-11T22:00:00+00:00,Karachi,24.8607,67.0011,openweathermap_historical,77.46843914259085,0.01,0.03151011910942443,43.8,0.39,35.9163304092034,53.874495613805095,0.5,4,29.455980071407108,79.24788065038125,8.236696384426619,201.3978503485817,1001,10000,Clouds,22,0,11,5,0,0,1,0.0,0.0,52.05697093966804,64.17321384715666,62.21513501468254,3.0,33.90943128644238,4.0
2026-05-11T23:00:00+00:00,Karachi,24.8607,67.0011,openweathermap_historical,81.95420690412467,0.01,0.060990552354171286,43.8,0.39,71.81818075572386,107.72727113358579,0.5,2,22.07298954530055,60.501250391626236,7.806792088412302,199.70469191956687,1001,10000,Clouds,23,0,11,5,0,0,1,0.0,0.0,52.33833101087612,62.859615879278614,63.113019756104194,3.0,59.040726529006704,3.0
2026-05-12T00:00:00+00:00,Karachi,24.8607,67.0011,openweathermap_historical,74.65777692023559,0.01,0.04357540019725536,43.8,0.39,43.63781505702917,65.45672258554376,0.5,4,21.10755822978498,68.71909084852479,5.333377649275377,245.84077946861038,1001,10000,Clouds,0,1,12,5,0,0,1,0.0,0.0,50.45744207398551,54.87106484555486,61.55401481750038,3.3333333333333335,39.31447053992042,3.0
2026-05-12T01:00:00+00:00,Karachi,24.8607,67.0011,openweathermap_historical,80.99045433039332,0.01,0.06361984086325863,43.8,0.39,50.412990935634895,75.61948640345234,0.5,3,22.034781199874743,56.638773527301495,7.177421299109265,214.81506600942876,1001,10000,Clouds,1,1,12,5,0,0,1,0.0,0.0,55.28966224946268,53.673316594565314,61.72415714589227,3.0,44.05709365494443,3.0
2026-05-12T02:00:00+00:00,Karachi,24.8607,67.0011,openweathermap_historical,77.39898808606766,0.01,0.03069086428517739,43.8,0.39,48.64954582886378,72.97431874329567,0.5,3,26.608162487437877,59.075356147844175,7.930585741285603,227.2380429331571,1001,10000,Clouds,2,1,12,5,0,0,1,0.0,0.0,47.56678394050932,49.952557475692686,61.22057259165473,3.3333333333333335,42.82268208020465,4.0
2026-05-12T03:00:00+00:00,Karachi,24.8607,67.0011,openweathermap_historical,79.04039590882027,0.01,0.07209528783780707,43.8,0.39,59.12021881378089,88.68032822067133,0.5,2,25.202663459049077,66.7170561069128,6.567266303066162,217.57931562729092,1001,10000,Clouds,3,1,12,5,0,0,1,0.0,0.0,52.727585192759896,51.59251363337267,61.22662508211416,2.6666666666666665,50.152153169646624,4.0
2026-05-12T04:00:00+00:00,Karachi,24.8607,67.0011,openweathermap_historical,73.03687688208527,0.01,0.07157509098307391,43.8,0.39,50.21447024254524,75.32170536381786,0.5,3,27.467500492505454,61.611042386845405,5.196337640557675,252.19961554891876,1001,10000,Clouds,4,1,12,5,0,0,1,0.0,0.0,52.66141162839667,53.97553693892964,60.138606277425225,2.6666666666666665,43.918129169781665,3.0
2026-05-12T05:00:00+00:00,Karachi,24.8607,67.0011,openweathermap_historical,77.77778960965065,0.01,0.0368979135102479,43.8,0.39,89.79582334147088,134.69373501220633,0.5,3,19.20778590538609,69.35813851607078,3.088817943035218,254.4769276194769,1001,10000,Clouds,5,1,12,5,0,0,1,0.0,0.0,66.37683746593238,56.971810703220804,61.20317405043476,2.6666666666666665,71.62507633902962,4.0
2026-05-12T06:00:00+00:00,Karachi,24.8607,67.0011,openweathermap_historical,72.54354187635803,0.01,0.03121387493367956,43.8,0.39,52.821564688293854,79.23234703244079,0.5,4,22.85983575467309,58.18150872543273,12.700126469439745,214.88478828999163,1001,10000,Clouds,6,1,12,5,0,0,1,0.0,0.0,64.27728609077003,58.50243564176492,60.88422561263599,3.3333333333333335,45.7430952818057,4.0
2026-05-12T07:00:00+00:00,Karachi,24.8607,67.0011,openweathermap_historical,75.79706043446211,0.01,0.012323315810454254,43.8,0.39,60.48595338749123,90.72893008123684,0.5,3,31.904773020968896,71.44254606591115,6.119076599964906,232.97814074032007,1001,10000,Clouds,7,1,12,5,0,1,1,0.0,0.0,67.70111380575203,60.18126271707431,60.81017879640956,3.3333333333333335,51.108167371243866,5.0
2026-05-12T08:00:00+00:00,Karachi,24.8607,67.0011,openweathermap_historical,70.40024384935518,0.01,0.0060477692689420715,43.8,0.39,80.49272036451954,120.73908054677932,0.5,4,23.373716718335487,64.49412648188297,6.494800917598582,239.4716556242719,1001,10000,Clouds,8,1,12,5,0,1,1,0.0,0.0,64.60007948010157,65.48845847301693,60.52689087659039,3.6666666666666665,65.11290425516368,4.0
2026-05-12T09:00:00+00:00,Karachi,24.8607,67.0011,openweathermap_historical,63.38817690803912,0.01,0.02571363896760639,43.8,0.39,89.73406743693866,134.601101155408,0.5,3,28.916263832009058,63.823896172135214,6.252459768448441,235.83663204097252,1001,10000,Clouds,9,1,12,5,0,1,1,0.0,0.0,76.90424706298319,70.59076657687656,61.5925939001965,3.3333333333333335,71.58184720585707,3.0
2026-05-12T10:00:00+00:00,Karachi,24.8607,67.0011,openweathermap_historical,81.38424766855188,0.01,0.05283661261944111,43.8,0.39,50.57921849713169,75.86882774569753,0.5,3,25.362759053886027,54.4238587254976,9.483431491666192,235.03099324145305,1001,10000,Clouds,10,1,12,5,0,0,1,0.0,0.0,73.60200209953,70.65155795264097,60.78378283773142,3.3333333333333335,44.17345294799219,3.0
2026-05-12T11:00:00+00:00,Karachi,24.8607,67.0011,openweathermap_historical,72.53862862988044,0.01,0.03390960441197965,43.8,0.39,58.705257174027906,88.05788576104186,0.5,2,17.91202080912926,48.60644538879275,8.812535080938984,263.3190926235257,1001,10000,Clouds,11,1,12,5,0,0,1,0.0,0.0,66.33951436936611,65.46979692473381,61.25020611087786,2.6666666666666665,49.86168002181954,3.0
2026-05-12T12:00:00+00:00,Karachi,24.8607,67.0011,openweathermap_historical,86.21019015265281,0.01,0.03834582830940802,43.8,0.39,35.215507756433745,52.82326163465062,0.5,2,26.217313623808685,71.28263402968295,7.1430755985862895,261.392597755956,1001,10000,Clouds,12,1,12,5,0,0,1,0.0,0.0,48.166661142531154,62.535454102757136,60.70899847145656,2.3333333333333335,33.41885542950362,3.0
2026-05-12T13:00:00+00:00,Karachi,24.8607,67.0011,openweathermap_historical,59.786237568592206,0.01,0.040272200475943,43.8,0.39,62.29437742933987,93.4415661440098,0.5,3,26.39280960982902,57.0235993589346,6.042776936583741,237.91280782913037,1001,10000,Clouds,13,1,12,5,0,0,1,0.0,0.0,52.07171411993388,62.83685810973191,61.383651524629705,2.3333333333333335,52.37406420053791,2.0
2026-05-12T14:00:00+00:00,Karachi,24.8607,67.0011,openweathermap_historical,81.15561184304599,0.01,0.016284795016347452,43.8,0.39,52.51352951420638,78.77029427130958,0.5,3,17.21390351675359,69.194342428974,6.304591935701364,207.1965249695836,1001,10000,Clouds,14,1,12,5,0,0,1,0.0,0.0,50.00780489999337,58.173659634679716,60.02009814197495,2.6666666666666665,45.52747065994447,3.0
2026-05-12T15:00:00+00:00,Karachi,24.8607,67.0011,openweathermap_historical,78.87327873677678,0.01,0.039068273635650005,43.8,0.39,88.26800271433474,132.40200407150212,0.5,3,28.691564673506633,74.29199897235017,6.681336960376879,237.2918025497227,1001,10000,Clouds,15,1,12,5,0,0,1,0.0,0.0,67.69196988596038,57.92931551424572,61.99042363394931,3.0,70.55560190003433,4.0
2026-05-12T16:00:00+00:00,Karachi,24.8607,67.0011,openweathermap_historical,67.71414418318109,0.01,0.014308576147387436,43.8,0.39,59.777626636111016,89.66643995416652,0.5,3,30.44611602512545,67.85594323902767,5.732572917442911,247.1450049567801,1001,10000,Clouds,16,1,12,5,0,0,1,0.0,0.0,66.85305295488409,59.46238353740895,62.065673069034055,3.0,50.61233864527772,4.0
2026-05-12T17:00:00+00:00,Karachi,24.8607,67.0011,openweathermap_historical,93.05506454971183,0.01,0.06115424196004497,43.8,0.39,58.674966779899705,88.01245016984956,0.5,2,30.57308497242851,86.50545972601162,5.6754586103503275,196.60465021921678,1001,10000,Clouds,17,1,12,5,0,1,1,0.0,0.0,68.90686537678187,59.45733513838758,61.18963966140521,2.6666666666666665,49.84047674592979,4.0
2026-05-12T18:00:00+00:00,Karachi,24.8607,67.0011,openweathermap_historical,70.7089557079443,0.01,0.04142577428052008,43.8,0.39,99.61407564644374,149.4211134696656,0.5,2,32.86075910131456,43.42091476375458,4.551301512310112,211.23807988930395,1001,10000,Clouds,18,1,12,5,0,1,1,0.0,0.0,72.68888968748486,70.19042978672258,61.524846094199866,2.3333333333333335,78.49785295251063,4.0
2026-05-12T19:00:00+00:00,Karachi,24.8607,67.0011,openweathermap_historical,80.03411757846035,0.01,0.02331801919686999,43.8,0.39,53.3583287816367,80.03749317245504,0.5,3,25.370055427807365,59.397642540467324,8.373534310453168,260.6773341493874,1001,10000,Clouds,19,1,12,5,0,1,1,0.0,0.0,70.54912373599342,68.70108834543872,61.34813144170257,2.3333333333333335,46.118830147145694,3.0
2026-05-12T20:00:00+00:00,Karachi,24.8607,67.0011,openweathermap_historical,77.19539682959066,0.01,0.08899561719321043,43.8,0.39,43.179443937196766,64.76916590579515,0.5,3,22.092472635332268,64.96952591172412,7.231977061677468,219.71379404949758,1001,10000,Clouds,20,1,12,5,0,1,1,0.0,0.0,65.38394945509243,67.14540741593711,60.19002074983161,2.6666666666666665,38.99361075603774,4.0
2026-05-12T21:00:00+00:00,Karachi,24.8607,67.0011,openweathermap_historical,78.88670053209273,0.01,0.019298906868542104,43.8,0.39,65.83457105263915,98.75185657895872,0.5,3,22.320372032021602,49.096533762844466,6.917599190888002,223.05907065642188,1001,10000,Clouds,21,1,12,5,0,0,1,0.0,0.0,54.12411459049091,63.406502138987854,60.8797744658707,3.0,54.85219973684741,3.0
2026-05-12T22:00:00+00:00,Karachi,24.8607,67.0011,openweathermap_historical,75.51978723214002,0.01,0.054638184048553085,43.8,0.39,65.991708856336,98.987563284504,0.5,4,21.11423953148208,61.31239801495267,7.447592654449201,253.05002842892026,1001,10000,Clouds,22,1,12,5,0,0,1,0.0,0.0,58.335241282057346,64.44218250902534,62.13291523450122,3.3333333333333335,54.96219619943521,2.0
2026-05-12T23:00:00+00:00,Karachi,24.8607,67.0011,openweathermap_historical,84.70106126298712,0.01,0.06992847481027131,43.8,0.39,45.77500103733875,68.66250155600812,0.5,3,13.74130383372047,68.81401470802102,8.219741902226524,204.24840633976837,1001,10000,Clouds,23,1,12,5,0,0,1,0.0,0.0,59.200426982104666,62.29218821859851,61.04778274623518,3.3333333333333335,40.81050072613712,2.0
2026-05-13T00:00:00+00:00,Karachi,24.8607,67.0011,openweathermap_historical,61.94846614532349,0.01,0.059471653336512935,43.8,0.39,42.70961104651926,64.06441656977888,0.5,3,22.46657239575761,59.393014946550615,7.380410214079894,229.77123797062364,1001,10000,Clouds,0,2,13,5,0,0,1,0.0,0.0,51.492106980064705,52.80811078527777,61.00910757913061,3.3333333333333335,38.664727732563485,3.0
2026-05-13T01:00:00+00:00,Karachi,24.8607,67.0011,openweathermap_historical,91.71460367124396,0.01,0.021025084293069856,43.8,0.39,59.232867627762474,88.84930144164372,0.5,3,31.84362565254551,65.68620289010367,6.66012985214086,243.5967790803468,1001,10000,Clouds,1,2,13,5,0,0,1,0.0,0.0,49.239159903873535,53.7872005929654,61.37660244130259,3.0,50.23100733943373,3.0
2026-05-13T02:00:00+00:00,Karachi,24.8607,67.0011,openweathermap_historical,63.168112760912635,0.01,0.02591294564399798,43.8,0.39,66.05658077164874,99.08487115747312,0.5,4,26.85517789202797,89.30700137112821,8.527855686799953,218.78513960565118,1001,10000,Clouds,2,2,13,5,0,0,1,0.0,0.0,55.99968648197686,57.60005673204072,62.101895563918625,3.3333333333333335,55.00760654015413,3.0
2026-05-13T03:00:00+00:00,Karachi,24.8607,67.0011,openweathermap_historical,66.82548725015744,0.01,0.054527463496420334,43.8,0.39,62.791723116968676,94.18758467545301,0.5,4,26.256883889453334,80.31455762024586,7.686043002987919,227.6531623666457,1001,10000,Clouds,3,2,13,5,0,0,1,0.0,0.0,62.69372383879334,57.092915409428976,62.25487490988477,3.6666666666666665,52.72220618187808,3.0
2026-05-13T04:00:00+00:00,Karachi,24.8607,67.0011,openweathermap_historical,86.18112281759916,0.01,0.029379899119219833,43.8,0.39,64.33981204779009,96.50971807168514,0.5,3,18.584097429296264,66.6299827105439,9.697955977384066,249.36938481638123,1001,10000,Clouds,4,2,13,5,0,0,1,0.0,0.0,64.3960386454692,56.81759927467133,62.84343081843665,3.6666666666666665,53.80586843345307,4.0
2026-05-13T05:00:00+00:00,Karachi,24.8607,67.0011,openweathermap_historical,88.34911357676492,0.01,0.02675976771331254,43.8,0.39,80.34232704292809,120.51349056439213,0.5,4,24.388942278792204,66.50424263346056,5.476584337107294,225.95329568614417,1001,10000,Clouds,5,2,13,5,0,0,1,0.0,0.0,69.15795406922899,62.57882027560289,62.4495351393307,3.6666666666666665,65.00762893004968,3.0
2026-05-13T06:00:00+00:00,Karachi,24.8607,67.0011,openweathermap_historical,82.0302872246324,0.01,0.055123130873105955,43.8,0.39,55.41978492249064,83.12967738373597,0.5,4,23.356551589394186,81.61208992863816,8.914983117584859,242.5337550485487,1001,10000,Clouds,6,2,13,5,0,0,1,0.0,0.0,66.70064133773631,64.69718258826478,62.557794315755565,3.6666666666666665,47.561849445743455,4.0
2026-05-13T07:00:00+00:00,Karachi,24.8607,67.0011,openweathermap_historical,97.15310235508073,0.01,0.04877039909488598,43.8,0.39,73.63441752008038,110.45162628012056,0.5,5,20.306452018919508,57.76985728096979,6.394840986471552,249.45355828812814,1001,10000,Clouds,7,2,13,5,0,1,1,0.0,0.0,69.79884316183308,67.0974409036511,63.105646987946784,4.333333333333333,60.31209226405627,4.0
2026-05-13T08:00:00+00:00,Karachi,24.8607,67.0011,openweathermap_historical,69.87018322440059,0.01,0.019465654329978925,43.8,0.39,77.383738415773,116.0756076236595,0.5,4,26.327740459914693,60.98328523445384,6.164102005793599,226.77096739979334,1001,10000,Clouds,8,2,13,5,0,1,1,0.0,0.0,68.81264695278138,68.98530051100515,62.97610607341567,4.333333333333333,62.9366168910411,4.0
2026-05-13T09:00:00+00:00,Karachi,24.8607,67.0011,openweathermap_historical,101.19779433420828,0.01,0.04273501539359859,43.8,0.39,55.47088857754196,83.20633286631295,0.5,3,23.089207583217387,65.66264886876907,8.374108510272375,240.41719869702487,1001,10000,Clouds,9,2,13,5,0,1,1,0.0,0.0,68.82968150446514,67.7651614211007,61.548473620940804,4.0,47.59762200427938,3.0
2026-05-13T10:00:00+00:00,Karachi,24.8607,67.0011,openweathermap_historical,62.385339419220735,0.01,0.0148017006997922,43.8,0.39,66.4566912910642,99.6850369365963,0.5,3,25.353625417408956,62.3159371685547,7.402999908389483,253.65085606626337,1001,10000,Clouds,10,2,13,5,0,0,1,0.0,0.0,66.4371060947931,68.11797462831305,62.21003498735467,3.3333333333333335,55.28768390374495,3.0
2026-05-13T11:00:00+00:00,Karachi,24.8607,67.0011,openweathermap_historical,82.54488572307805,0.01,0.04371109971262559,43.8,0.39,91.77284484808061,137.65926727212093,0.5,3,29.113245771542232,71.62872449185319,9.744416222570065,264.65095195201627,1001,10000,Clouds,11,2,13,5,0,0,1,0.0,0.0,71.23347490556229,70.02306092917179,63.58785114044019,3.0,73.00899139365643,3.0
2026-05-13T12:00:00+00:00,Karachi,24.8607,67.0011,openweathermap_historical,72.71647055772048,0.01,0.05906458696396387,43.8,0.39,93.77248712337973,140.6587306850696,0.5,3,22.595041443090903,52.219998470803006,7.210884572818776,257.7252932816432,1001,10000,Clouds,12,2,13,5,0,0,1,0.0,0.0,84.00067442084155,76.41517796265332,66.02772528072961,3.0,74.40874098636581,3.0
2026-05-13T13:00:00+00:00,Karachi,24.8607,67.0011,openweathermap_historical,77.43706303780333,0.01,0.04580228071292871,43.8,0.39,71.51671483752948,107.27507225629421,0.5,2,30.247841768039038,88.68812461004023,8.429315526224018,250.9573329059255,1001,10000,Clouds,13,2,13,5,0,0,1,0.0,0.0,85.68734893632997,76.06222751556149,66.41198933940417,2.6666666666666665,58.82970038627064,4.0
2026-05-13T14:00:00+00:00,Karachi,24.8607,67.0011,openweathermap_historical,80.89157310898618,0.01,0.04527916074113548,43.8,0.39,42.17024300590127,63.255364508851905,0.5,3,25.12935745247385,55.895625161585556,8.249510912360181,223.99486803234691,1001,10000,Clouds,14,2,13,5,0,0,1,0.0,0.0,69.1531483222702,70.19331161391621,65.9810190682248,2.6666666666666665,38.287170104130894,3.0
2026-05-13T15:00:00+00:00,Karachi,24.8607,67.0011,openweathermap_historical,70.88550644935756,0.01,0.01411356232119251,43.8,0.39,22.99144052670548,34.487160790058226,0.5,4,24.23202235992214,79.70753556677278,6.435896527370134,222.0915656623937,1001,10000,Clouds,15,2,13,5,0,0,1,0.0,0.0,45.559466123378776,64.78007027211014,63.26116231040692,3.0,24.862008368693836,3.0
2026-05-13T16:00:00+00:00,Karachi,24.8607,67.0011,openweathermap_historical,90.06499134247086,0.01,0.07809815014254132,43.8,0.39,73.41222228106707,110.11833342160061,0.5,4,29.231479952269346,74.03033256932142,7.124985740003709,204.85943486134343,1001,10000,Clouds,16,2,13,5,0,0,1,0.0,0.0,46.19130193789132,65.93932543711061,63.82927046228008,3.6666666666666665,60.156555596746955,3.0
2026-05-13T17:00:00+00:00,Karachi,24.8607,67.0011,openweathermap_historical,73.02750247677548,0.01,0.04737604570564599,43.8,0.39,85.92316914605394,128.8847537190809,0.5,4,17.58308150136374,61.221958567082886,5.19667885618636,220.0409047630396,1001,10000,Clouds,17,2,13,5,0,1,1,0.0,0.0,60.775610651275535,64.96437948677283,64.9646122275365,4.0,68.91421840223776,3.0
2026-05-13T18:00:00+00:00,Karachi,24.8607,67.0011,openweathermap_historical,71.55780237992951,0.01,0.05338335903599615,43.8,0.39,71.80144833581907,107.7021725037286,0.5,4,27.632925403372173,69.20258677590823,7.479089135011128,253.5766465068157,1001,10000,Clouds,18,2,13,5,0,1,1,0.0,0.0,77.04561325431341,61.302539688846046,63.80575275626048,4.0,59.02901383507336,3.0
2026-05-13T19:00:00+00:00,Karachi,24.8607,67.0011,openweathermap_historical,88.06757566664278,0.01,0.02869120998342199,43.8,0.39,48.93775583597408,73.40663375396112,0.5,3,25.544310547244088,67.42052289112293,8.961121946815073,226.48152399607338,1001,10000,Clouds,19,2,13,5,0,1,1,0.0,0.0,68.88745777261573,57.539379855253486,63.621562216857875,3.6666666666666665,43.02442908518186,3.0
2026-05-13T20:00:00+00:00,Karachi,24.8607,67.0011,openweathermap_historical,97.2244380962144,0.01,0.04732787992260561,43.8,0.39,97.6727357667073,146.50910365006095,0.5,4,25.710703552008717,75.50306245248278,9.416367727777308,232.97737322526592,1001,10000,Clouds,20,2,13,5,0,1,1,0.0,0.0,72.8039799795002,66.78979531538782,65.89211604308748,3.6666666666666665,77.13891503669512,4.0
2026-05-13T21:00:00+00:00,Karachi,24.8607,67.0011,openweathermap_historical,59.872894202521394,0.01,0.05525522066645371,43.8,0.39,51.782349718820186,77.67352457823029,0.5,3,19.602790054574985,49.127126988542756,8.46165891801111,246.58630292382605,1001,10000,Clouds,21,2,13,5,0,0,1,0.0,0.0,66.13094710716723,71.58828018074027,65.30660682084502,3.3333333333333335,45.01564480317413,3.0
2026-05-13T22:00:00+00:00,Karachi,24.8607,67.0011,openweathermap_historical,86.30424659578121,0.01,0.0424125249665125,43.8,0.39,69.64728966375871,104.47093449563806,0.5,2,35.108036871614914,72.88321789409282,9.129951054622818,262.17887298482736,1001,10000,Clouds,22,2,13,5,0,0,1,0.0,0.0,73.03412504976211,70.96079141118888,65.45892268782097,3.0,57.5211027646311,2.0
2026-05-13T23:00:00+00:00,Karachi,24.8607,67.0011,openweathermap_historical,54.447676256232725,0.01,0.0385705238962059,43.8,0.39,90.34726394338975,135.52089591508462,0.5,2,27.544679816438883,84.1629388644623,9.661048972759573,225.72125283306605,1001,10000,Clouds,23,2,13,5,0,0,1,0.0,0.0,70.59230110865626,71.69814054407819,67.31610030890643,2.3333333333333335,72.01108476037282,4.0
2026-05-14T00:00:00+00:00,Karachi,24.8607,67.0011,openweathermap_historical,79.46904347130689,0.01,-0.008626059750225318,43.8,0.39,32.327367029076086,48.49105054361413,0.5,3,27.964999005149185,64.0017577211908,5.447812411235215,277.45366246598564,1001,10000,Clouds,0,3,14,5,0,0,1,0.0,0.0,64.10730687874155,65.11912699295435,66.88350680817963,2.3333333333333335,31.39715692035326,4.0
2026-05-14T01:00:00+00:00,Karachi,24.8607,67.0011,openweathermap_historical,55.65958028438041,0.01,0.056268280680713885,43.8,0.39,87.24826902015143,130.87240353022713,0.5,3,14.057593567533129,46.91470754562715,7.226334203381271,288.7836049798347,1001,10000,Clouds,1,3,14,5,0,0,1,0.0,0.0,69.97429999753912,71.50421252365058,68.05081519952917,2.6666666666666665,69.84178831410601,2.0
2026-05-14T02:00:00+00:00,Karachi,24.8607,67.0011,openweathermap_historical,83.43822679549316,0.01,0.03510328667327568,43.8,0.39,74.25512278002061,111.38268417003093,0.5,3,28.1927813229815,49.265550008433365,8.873285256815052,234.97891913352177,1001,10000,Clouds,2,3,14,5,0,0,1,0.0,0.0,64.61025294308274,67.60127702586946,68.39242111654467,3.0,60.746585946014434,3.0
2026-05-14T03:00:00+00:00,Karachi,24.8607,67.0011,openweathermap_historical,68.70877378847783,0.01,0.073521655967171,43.8,0.39,67.77963823165867,101.66945734748799,0.5,3,24.569702174656538,76.37433979057856,5.132589872782134,262.6706204585606,1001,10000,Clouds,3,3,14,5,0,0,1,0.0,0.0,76.42767667727695,70.26749177800922,68.60025091299008,3.0,56.213746762161065,3.0
2026-05-14T04:00:00+00:00,Karachi,24.8607,67.0011,openweathermap_historical,52.61720362023961,0.01,0.03222380889651662,43.8,0.39,71.31751856420347,106.97627784630521,0.5,4,26.468561970460737,58.80639504324103,2.1642242335464976,227.03797405139102,1001,10000,Clouds,4,3,14,5,0,0,1,0.0,0.0,71.11742652529428,70.54586326141667,68.89098868450729,3.3333333333333335,58.69026299494243,3.0
2026-05-14T05:00:00+00:00,Karachi,24.8607,67.0011,openweathermap_historical,85.76715073350297,0.01,0.05744922621274401,43.8,0.39,104.33131964754051,156.49697947131077,0.5,3,18.91258021057228,60.380571575970464,3.959026452871472,239.30992779221324,1001,10000,Clouds,5,3,14,5,0,0,1,0.0,0.0,81.14282548113425,72.87653921210845,69.89053004303283,3.3333333333333335,81.79992375327836,3.0
2026-05-14T06:00:00+00:00,Karachi,24.8607,67.0011,openweathermap_historical,76.38850078985023,0.01,0.03760660729174073,43.8,0.39,91.28701880673162,136.93052821009744,0.5,4,27.414087450773813,68.56863635176595,7.860307871681864,239.42927656619224,1001,10000,Clouds,6,3,14,5,0,0,1,0.0,0.0,88.97861900615857,82.70314784171772,71.38499812154286,3.6666666666666665,72.66891316471214,4.0
2026-05-14T07:00:00+00:00,Karachi,24.8607,67.0011,openweathermap_historical,70.41074855586939,0.01,0.04806269515105745,43.8,0.39,94.15844482191862,141.23766723287793,0.5,4,17.0590018807507,65.51831896789241,6.6166147895861815,232.34255947522686,1001,10000,Clouds,7,3,14,5,0,1,1,0.0,0.0,96.59226109206362,83.85484380867892,72.24016592578612,3.6666666666666665,74.67891137534303,4.0
2026-05-14T08:00:00+00:00,Karachi,24.8607,67.0011,openweathermap_historical,78.67993935142994,0.01,0.020652046282142174,43.8,0.39,53.69966939574525,80.54950409361787,0.5,4,22.21290363163905,68.48567434054078,9.726443230862117,240.19825764143337,1001,10000,Clouds,8,3,14,5,0,1,1,0.0,0.0,79.7150443414652,80.42893491129969,71.2533297166183,4.0,46.35776857702167,5.0
2026-05-14T09:00:00+00:00,Karachi,24.8607,67.0011,openweathermap_historical,73.65800710911967,0.01,0.002715382451323578,43.8,0.39,65.42263825577922,98.13395738366883,0.5,3,21.382983854971137,61.83194281912494,4.694821841637102,217.8944336949541,1001,10000,Clouds,9,3,14,5,0,1,1,0.0,0.0,71.09358415781439,80.03610158198644,71.66798595321151,3.6666666666666665,54.56384677904546,3.0
2026-05-14T10:00:00+00:00,Karachi,24.8607,67.0011,openweathermap_historical,84.7706162048967,0.01,0.0958300801818015,43.8,0.39,52.5140552820061,78.77108292300915,0.5,3,23.752006807268764,54.24284594368804,7.714680434767106,253.90342911710744,1001,10000,Clouds,10,3,14,5,0,0,1,0.0,0.0,57.21212097784356,76.90219103495356,71.08704278616743,3.3333333333333335,45.52783869740427,3.0
2026-05-14T11:00:00+00:00,Karachi,24.8607,67.0011,openweathermap_historical,58.29962921515173,0.01,0.06103290424565889,43.8,0.39,86.91846862205749,130.37770293308623,0.5,3,29.049942505103097,72.58522503882605,8.716744156178658,221.57334155159515,1001,10000,Clouds,11,3,14,5,0,0,1,0.0,0.0,68.28505405328097,74.00004919737306,70.88477711008314,3.0,69.61092803544024,3.0
2026-05-14T12:00:00+00:00,Karachi,24.8607,67.0011,openweathermap_historical,84.20282418375112,0.01,0.09000721640253863,43.8,0.39,49.283833388912655,73.92575008336898,0.5,3,18.338991503015194,51.75242923447455,8.434594525569896,201.28139759430576,1001,10000,Clouds,12,3,14,5,0,0,1,0.0,0.0,62.90545243099211,66.99951829440322,69.03108320448034,3.0,43.26668337223886,4.0
2026-05-14T13:00:00+00:00,Karachi,24.8607,67.0011,openweathermap_historical,80.63313134888445,0.01,0.03529147652493614,43.8,0.39,64.73074337969051,97.09611506953576,0.5,4,24.405476104343002,71.97492279937563,4.119752628932899,224.3837245599687,1001,10000,Clouds,13,3,14,5,0,0,1,0.0,0.0,66.97768179688693,62.094901387365205,68.74833439373705,3.3333333333333335,54.07952036578336,3.0
2026-05-14T14:00:00+00:00,Karachi,24.8607,67.0011,openweathermap_historical,93.43435531223068,0.01,0.027951496421310864,43.8,0.39,85.7896439805308,128.6844659707962,0.5,3,17.28003357661779,65.75400469449986,3.613278436627424,256.30495401420166,1001,10000,Clouds,14,3,14,5,0,0,1,0.0,0.0,66.60140691637802,67.44323048482946,70.5658094343466,3.3333333333333335,68.82075078637156,3.0
2026-05-14T15:00:00+00:00,Karachi,24.8607,67.0011,openweathermap_historical,61.699686257415344,0.01,0.023413544461429767,43.8,0.39,80.78547729321129,121.17821593981694,0.5,3,24.678492543206836,72.73822651061687,6.302731925085219,229.3042283248101,1001,10000,Clouds,15,3,14,5,0,0,1,0.0,0.0,77.10195488447756,70.0037036577348,72.97389429961768,3.3333333333333335,65.31783410524791,3.0
2026-05-14T16:00:00+00:00,Karachi,24.8607,67.0011,openweathermap_historical,74.30064272594487,0.01,0.04190280425352815,43.8,0.39,46.21054014908518,69.31581022362778,0.5,3,19.318185445156516,62.811146078189516,7.3656111229848715,259.15652995417094,1001,10000,Clouds,16,3,14,5,0,0,1,0.0,0.0,70.92855380760912,68.95311780224799,71.84049087745177,3.0,41.115378104359635,3.0
2026-05-14T17:00:00+00:00,Karachi,24.8607,67.0011,openweathermap_historical,78.80525206712161,0.01,0.04785196758217837,43.8,0.39,66.41151258962827,99.61726888444241,0.5,3,30.74463089889171,37.474541461236655,6.605291193124346,206.7598773741196,1001,10000,Clouds,17,3,14,5,0,1,1,0.0,0.0,64.46917667730828,65.53529179684311,71.02750518760071,3.0,55.256058812739795,3.0
2026-05-14T18:00:00+00:00,Karachi,24.8607,67.0011,openweathermap_historical,88.38169243273653,0.01,0.043344238051949036,43.8,0.39,60.841780933636684,91.26267140045502,0.5,3,38.34826655528131,69.17266861344969,10.653004087637598,209.81713260415157,1001,10000,Clouds,18,3,14,5,0,1,1,0.0,0.0,57.82127789078341,67.46161638763046,70.57085237917644,3.0,51.35724665354568,2.0
2026-05-14T19:00:00+00:00,Karachi,24.8607,67.0011,openweathermap_historical,79.26824863140101,0.01,0.03547152054210533,43.8,0.39,95.40555286987339,143.10832930481007,0.5,3,28.266685269201346,64.42773334638133,6.85810636679068,246.75846351030162,1001,10000,Clouds,19,3,14,5,0,1,1,0.0,0.0,74.21961546437949,72.57408463599427,72.50701058892224,3.0,75.55188700891138,3.0
2026-05-14T20:00:00+00:00,Karachi,24.8607,67.0011,openweathermap_historical,88.18497774506741,0.01,0.02700288544050631,43.8,0.39,83.61187188481517,125.41780782722276,0.5,4,21.343499464297814,87.01923572682087,6.6518659617862035,245.3737936145436,1001,10000,Clouds,20,3,14,5,0,1,1,0.0,0.0,79.95306856277512,72.21112262004166,71.92114126051007,3.3333333333333335,67.29631031937063,3.0
2026-05-14T21:00:00+00:00,Karachi,24.8607,67.0011,openweathermap_historical,79.37176504588484,0.01,0.04106052521872401,43.8,0.39,50.14094505550496,75.21141758325743,0.5,3,33.02206776842675,72.33454786423108,10.216428576338494,227.23559587656848,1001,10000,Clouds,21,3,14,5,0,0,1,0.0,0.0,76.38612327006454,67.10370058042395,71.85274939953861,3.3333333333333335,43.86666153885347,4.0
2026-05-14T22:00:00+00:00,Karachi,24.8607,67.0011,openweathermap_historical,81.21187156810223,0.01,0.04216200732973367,43.8,0.39,48.415792021743584,72.62368803261538,0.5,2,20.305975161703277,56.22625329900596,4.556106646736927,243.3506866662477,1001,10000,Clouds,22,3,14,5,0,0,1,0.0,0.0,60.72286965402128,67.47124255920035,70.96810366445463,3.0,42.65905441522051,2.0
2026-05-14T23:00:00+00:00,Karachi,24.8607,67.0011,openweathermap_historical,75.24764825649505,0.01,0.06137913866318319,43.8,0.39,44.40725357259513,66.6108803588927,0.5,4,21.9115634743797,63.57645263482262,10.830823758004497,217.01565511915115,1001,10000,Clouds,23,3,14,5,0,0,1,0.0,0.0,47.654663549947934,63.80386605636149,69.05393656567153,3.0,39.853077500816596,3.0
2026-05-15T00:00:00+00:00,Karachi,24.8607,67.0011,openweathermap_historical,69.20405376865139,0.01,0.019077638344087912,43.8,0.39,44.9056299617743,67.35844494266145,0.5,4,18.072218302641346,70.41068673443668,3.02038661662616,216.84836623831137,1001,10000,Clouds,0,4,15,5,0,0,1,0.0,0.0,45.90955851870438,61.14784089438442,69.57803085453395,3.3333333333333335,40.20194097324201,3.0
2026-05-15T01:00:00+00:00,Karachi,24.8607,67.0011,openweathermap_historical,67.44413503882055,0.01,0.04526622851243161,43.8,0.39,51.299833796840176,76.94975069526026,0.5,2,21.912258313520518,64.01404843351874,10.186728914081545,214.03488606509006,1001,10000,Clouds,1,4,15,5,0,0,1,0.0,0.0,46.87090577706991,53.79688771554555,68.08017938689598,3.3333333333333335,44.67788365778813,3.0
2026-05-15T02:00:00+00:00,Karachi,24.8607,67.0011,openweathermap_historical,84.66741072251777,0.01,0.01951970980984236,43.8,0.39,79.43444856804291,119.15167285206437,0.5,3,33.2326646237037,65.73233399947529,7.056710632946478,216.07862749602262,1001,10000,Clouds,2,4,15,5,0,0,1,0.0,0.0,58.54663744221917,53.10065049608352,68.29598462806358,3.0,64.37211399763004,3.0
2026-05-15T03:00:00+00:00,Karachi,24.8607,67.0011,openweathermap_historical,80.73656617829919,0.01,0.01723703845561545,43.8,0.39,52.44647313088807,78.6697096963321,0.5,3,16.381862225967076,58.80945886179728,3.0807456957518693,224.94723060708117,1001,10000,Clouds,3,4,15,5,0,0,1,0.0,0.0,61.06025183192376,53.484905175314026,67.6571027488648,2.6666666666666665,45.48053119162165,3.0
2026-05-15T04:00:00+00:00,Karachi,24.8607,67.0011,openweathermap_historical,94.76805259413891,0.01,0.013157856949205907,43.8,0.39,58.981249634802275,88.47187445220341,0.5,3,25.32210086242166,56.97425514000997,5.287256967675873,220.5555236550096,1001,10000,Clouds,4,4,15,5,0,0,1,0.0,0.0,63.62072377791113,55.24581477749047,67.14309154347309,3.0,50.0548747443616,4.0
2026-05-15T05:00:00+00:00,Karachi,24.8607,67.0011,openweathermap_historical,76.69172902793704,0.01,0.06969736411603812,43.8,0.39,91.6175980209521,137.42639703142817,0.5,3,29.747065428643623,66.05294674579022,4.111456832016815,249.45729276525765,1001,10000,Clouds,5,4,15,5,0,0,1,0.0,0.0,67.68177359554751,63.1142055188833,66.61335314236524,3.0,72.90031861466647,3.0
2026-05-15T06:00:00+00:00,Karachi,24.8607,67.0011,openweathermap_historical,86.2050683788794,0.01,0.024668578844699987,43.8,0.39,41.01490044777516,61.52235067166274,0.5,4,16.52910738576864,66.34490444197692,2.919607995544797,210.31785066873522,1001,10000,Clouds,6,4,15,5,0,0,1,0.0,0.0,63.87124936784321,62.46575059988345,64.51868154407539,3.3333333333333335,37.478430313442615,3.0
2026-05-15T07:00:00+00:00,Karachi,24.8607,67.0011,openweathermap_historical,77.76746152213683,0.01,0.06250484835103158,43.8,0.39,58.084870220932046,87.12730533139808,0.5,4,18.75604361434643,56.37390381504241,9.269433878639399,190.91782220719773,1001,10000,Clouds,7,4,15,5,0,1,1,0.0,0.0,63.57245622988646,63.59659000389876,63.01561593570094,3.6666666666666665,49.42740915465244,4.0
2026-05-15T08:00:00+00:00,Karachi,24.8607,67.0011,openweathermap_historical,89.6230474982489,0.01,0.01683881604988599,43.8,0.39,44.46024900204363,66.69037350306544,0.5,5,30.651005844778947,65.02757527255304,6.068257094314523,188.16912508855248,1001,10000,Clouds,8,4,15,5,0,1,1,0.0,0.0,47.85333989025032,57.767556742898876,62.63064008596337,4.333333333333333,39.89017430143054,3.0
2026-05-15T09:00:00+00:00,Karachi,24.8607,67.0011,openweathermap_historical,76.6655402625526,0.01,0.059908453094956224,43.8,0.39,61.02551666595787,91.53827499893681,0.5,3,32.85842173254877,67.07674568223487,6.830182255541343,214.06661271219676,1001,10000,Clouds,9,4,15,5,0,1,1,0.0,0.0,54.52354529631123,59.19739733207718,62.447426686387494,4.0,51.485861666170514,4.0
2026-05-15T10:00:00+00:00,Karachi,24.8607,67.0011,openweathermap_historical,75.6374886330698,0.01,0.07574920987099412,43.8,0.39,71.98107224069769,107.97160836104652,0.5,3,27.786844074105463,76.6956432760178,5.034771325619178,225.14185930553526,1001,10000,Clouds,10,4,15,5,0,0,1,0.0,0.0,59.155612636233094,61.36403443305975,63.25855239299964,3.6666666666666665,59.15475056848838,3.0
2026-05-15T11:00:00+00:00,Karachi,24.8607,67.0011,openweathermap_historical,82.38098793483644,0.01,0.06456550973403624,43.8,0.39,75.16083173298371,112.74124759947557,0.5,3,23.800932870629772,64.74121123286102,6.687979641947023,243.73370260527713,1001,10000,Clouds,11,4,15,5,0,0,1,0.0,0.0,69.38914021321312,58.62124005173168,62.768650855954895,3.0,61.3805822130886,3.0
2026-05-15T12:00:00+00:00,Karachi,24.8607,67.0011,openweathermap_historical,79.20878356930348,0.01,0.0223455828907687,43.8,0.39,84.58856849716895,126.88285274575342,0.5,4,27.1563230145873,73.43564462370404,7.740708456598569,239.17519107142314,1001,10000,Clouds,12,4,15,5,0,0,1,0.0,0.0,77.24349082361682,65.88351805996398,64.23968148546558,3.3333333333333335,67.97999794801827,4.0
2026-05-15T13:00:00+00:00,Karachi,24.8607,67.0011,openweathermap_historical,70.35997488290455,0.01,0.051612755850212834,43.8,0.39,50.97904441691318,76.46856662536977,0.5,3,24.489271391407545,74.72730462771152,6.450240255497278,212.09731737777514,1001,10000,Clouds,13,4,15,5,0,0,1,0.0,0.0,70.24281488235532,64.69921375929417,63.66669402868319,3.3333333333333335,44.45333109183923,4.0
2026-05-15T14:00:00+00:00,Karachi,24.8607,67.0011,openweathermap_historical,43.321314758849134,0.01,0.008893709881320211,43.8,0.39,58.8474556634258,88.2711834951387,0.5,3,31.168061490873935,77.55397282794797,6.4009107262352485,220.9228866421503,1001,10000,Clouds,14,4,15,5,0,0,1,0.0,0.0,64.80502285916934,67.0970815361912,62.54410284880382,3.3333333333333335,49.961218964398064,3.0
2026-05-15T15:00:00+00:00,Karachi,24.8607,67.0011,openweathermap_historical,64.67739339679723,0.01,0.05609167471392818,43.8,0.39,59.850926432769796,89.7763896491547,0.5,3,24.08564926424721,80.21259826950497,5.784189912301608,231.9067284122855,1001,10000,Clouds,15,4,15,5,0,0,1,0.0,0.0,56.55914217103629,66.90131649732652,61.67182989628541,3.0,50.663648502938855,2.0
2026-05-15T16:00:00+00:00,Karachi,24.8607,67.0011,openweathermap_historical,70.16239661504216,0.01,0.016807048467554854,43.8,0.39,55.88000021243778,83.82000031865667,0.5,3,26.4207133904211,62.2561890019435,6.338139259643433,231.03638614307485,1001,10000,Clouds,16,4,15,5,0,0,1,0.0,0.0,58.192794102877826,64.21780449261654,62.074724065591774,3.0,47.88400014870645,4.0
2026-05-15T17:00:00+00:00,Karachi,24.8607,67.0011,openweathermap_historical,65.25389523915243,0.01,0.06389834420438273,43.8,0.39,69.07162257481966,103.60743386222948,0.5,3,25.131441290064288,58.93561106943093,5.048791090764503,267.98327274832445,1001,10000,Clouds,17,4,15,5,0,1,1,0.0,0.0,61.60084974000912,63.2029362995892,62.18556198164142,3.0,57.118135802373764,2.0
2026-05-15T18:00:00+00:00,Karachi,24.8607,67.0011,openweathermap_historical,76.71728364276926,0.01,0.03453258816381202,43.8,0.39,100.39371004602374,150.59056506903562,0.5,2,14.005911992524316,54.8161729626363,4.619118365296856,215.80363707413014,1001,10000,Clouds,18,4,15,5,0,1,1,0.0,0.0,75.1151109444271,65.83712655773165,63.83355902799087,2.6666666666666665,79.04359703221662,3.0
2026-05-15T19:00:00+00:00,Karachi,24.8607,67.0011,openweathermap_historical,70.58173505283462,0.01,0.053426915390815156,43.8,0.39,72.27885362823174,108.41828044234762,0.5,3,23.37058439235881,55.818063586436786,8.947962969210721,227.00755197316732,1001,10000,Clouds,19,4,15,5,0,1,1,0.0,0.0,80.58139541635842,69.3870947596181,62.869946559589145,2.6666666666666665,59.363197539762226,3.0
2026-05-15T20:00:00+00:00,Karachi,24.8607,67.0011,openweathermap_historical,63.48154335659291,0.01,0.04324714147642097,43.8,0.39,67.22418819273256,100.83628228909883,0.5,3,16.093895959201287,52.38501974085256,8.806809358854737,210.88946146258897,1001,10000,Clouds,20,4,15,5,0,1,1,0.0,0.0,79.96558395566272,70.78321684783587,62.187126405752366,2.6666666666666665,55.824931734912795,3.0
2026-05-15T21:00:00+00:00,Karachi,24.8607,67.0011,openweathermap_historical,69.72977648488853,0.01,0.030259075061190625,43.8,0.39,58.763900822638256,88.14585123395739,0.5,4,22.487604926940975,73.42992844884226,7.660149327161592,240.82062201875928,1001,10000,Clouds,21,4,15,5,0,0,1,0.0,0.0,66.0889808812009,70.60204591281396,62.54641622938292,3.3333333333333335,49.90273057584678,4.0
2026-05-15T22:00:00+00:00,Karachi,24.8607,67.0011,openweathermap_historical,71.99999076137948,0.01,0.0442888526393879,43.8,0.39,64.81966062020169,97.22949093030253,0.5,2,26.05040284372832,72.9318533651961,6.123009694632372,257.80727189502215,1001,10000,Clouds,22,4,15,5,0,0,1,0.0,0.0,63.602583211857535,72.09198931410795,63.229910754318674,3.0,54.141762434141185,3.0
2026-05-15T23:00:00+00:00,Karachi,24.8607,67.0011,openweathermap_historical,73.96494955782073,0.01,0.026230616906390333,43.8,0.39,69.28760653244544,103.93140979866816,0.5,3,22.212158652182797,71.52544754420714,8.051483834839665,237.96566746816677,1001,10000,Clouds,23,4,15,5,0,0,1,0.0,0.0,64.29038932509516,72.1279866403789,64.26659212764577,3.0,57.26932457271181,3.0
2026-05-16T00:00:00+00:00,Karachi,24.8607,67.0011,openweathermap_historical,81.55041101944636,0.01,0.007831975903580445,43.8,0.39,59.156146441704564,88.73421966255685,0.5,3,27.823589882024347,53.665543482873964,8.8299437952582,215.78197327863012,1001,10000,Clouds,0,5,16,5,1,0,1,0.0,0.0,64.42113786478393,65.25505937299238,64.86036364764287,2.6666666666666665,50.1773025091932,3.0
2026-05-16T01:00:00+00:00,Karachi,24.8607,67.0011,openweathermap_historical,63.44673615619727,0.01,0.06959781453975368,43.8,0.39,72.00613211515758,108.00919817273638,0.5,3,17.157913411104385,47.31534589626686,4.087837831049754,233.13806270118144,1001,10000,Clouds,1,5,16,5,1,0,1,0.0,0.0,66.81662836310257,65.20960578748002,65.72312607757276,3.0,59.17229248061031,4.0
2026-05-16T02:00:00+00:00,Karachi,24.8607,67.0011,openweathermap_historical,82.63968314307843,0.01,0.027216558107382896,43.8,0.39,90.95959770846527,136.4393965626979,0.5,3,21.026290449238765,68.81017909389814,9.79806034413526,211.7141694746243,1001,10000,Clouds,2,5,16,5,1,0,1,0.0,0.0,74.04062542177584,69.16550737343546,66.20334062509036,3.0,72.4397183959257,3.0
2026-05-16T03:00:00+00:00,Karachi,24.8607,67.0011,openweathermap_historical,75.34025276674026,0.01,0.04898559922418045,43.8,0.39,57.59064704602643,86.38597056903964,0.5,3,23.96642745402469,66.17471753141672,8.532234953834658,247.6806247862955,1001,10000,Clouds,3,5,16,5,1,0,1,0.0,0.0,73.51879228988314,68.9699650773335,66.41768120488778,3.0,49.081452932218504,2.0
2026-05-16T04:00:00+00:00,Karachi,24.8607,67.0011,openweathermap_historical,89.05406665000555,0.01,0.014533744830358311,43.8,0.39,56.837960738416264,85.2569411076244,0.5,4,25.3057003954828,69.68135601315942,8.24466146316876,251.4239958383562,1001,10000,Clouds,4,5,16,5,1,0,1,0.0,0.0,68.46273516430269,67.6396817637026,66.3283775008717,3.3333333333333335,48.55457251689139,4.0
2026-05-16T05:00:00+00:00,Karachi,24.8607,67.0011,openweathermap_historical,83.78347414676027,0.01,0.013262031013934132,43.8,0.39,78.81459695918201,118.22189543877302,0.5,3,15.135326175524748,80.5004100313562,10.01741969047782,212.92997537588928,1001,10000,Clouds,5,5,16,5,1,0,1,0.0,0.0,64.41440158120828,69.22751350149203,65.79491912329796,3.3333333333333335,63.93821787142741,2.0
2026-05-16T06:00:00+00:00,Karachi,24.8607,67.0011,openweathermap_historical,79.02868006365891,0.01,0.03859599189915712,43.8,0.39,78.18719153214299,117.28078729821448,0.5,3,23.167986500503474,62.37887156484482,2.312840627102645,213.453274225842,1001,10000,Clouds,6,5,16,5,1,0,1,0.0,0.0,71.27991640991381,72.39935434989842,67.34376458514662,3.3333333333333335,63.499034072500095,4.0
2026-05-16T07:00:00+00:00,Karachi,24.8607,67.0011,openweathermap_historical,80.90667687503701,0.01,0.0520919926299201,43.8,0.39,70.25593209676279,105.38389814514419,0.5,4,22.197539480478227,69.37952852653024,5.810894579978328,218.20256667376054,1001,10000,Clouds,7,5,16,5,1,1,1,0.0,0.0,75.75257352936264,72.10765434683263,67.85089216330623,3.3333333333333335,57.94715246773396,4.0
2026-05-16T08:00:00+00:00,Karachi,24.8607,67.0011,openweathermap_historical,85.67619377012998,0.01,0.058328535013814034,43.8,0.39,47.8534894128814,71.7802341193221,0.5,3,32.79043736414727,40.86062389126726,7.338573479909992,238.98637264044453,1001,10000,Clouds,8,5,16,5,1,1,1,0.0,0.0,65.43220434726243,64.92330296423532,67.99227718042447,3.3333333333333335,42.265442589016985,4.0
2026-05-16T09:00:00+00:00,Karachi,24.8607,67.0011,openweathermap_historical,81.82136176999973,0.01,0.04540194335238079,43.8,0.39,82.5456350807298,123.81845262109469,0.5,4,28.186020634263553,68.8828396635857,9.413756906708105,245.8521855565202,1001,10000,Clouds,9,5,16,5,1,1,1,0.0,0.0,66.88501886345803,69.08246763668588,68.88894878103996,3.6666666666666665,66.54994455651087,3.0
2026-05-16T10:00:00+00:00,Karachi,24.8607,67.0011,openweathermap_historical,74.15630934243408,0.01,0.031089932877780415,43.8,0.39,46.35025643125809,69.52538464688713,0.5,3,29.257280798009226,64.35701193266533,6.362223630109296,221.63171837790648,1001,10000,Clouds,10,5,16,5,1,0,1,0.0,0.0,58.9164603082898,67.33451691882618,67.82099812231331,3.3333333333333335,41.21317950188067,3.0
2026-05-16T11:00:00+00:00,Karachi,24.8607,67.0011,openweathermap_historical,69.26088019655558,0.01,0.017204728743013077,43.8,0.39,57.88713056428769,86.83069584643152,0.5,3,17.0712274845427,58.91712673014648,8.690106710090797,256.5993680739876,1001,10000,Clouds,11,5,16,5,1,0,1,0.0,0.0,62.26100735875857,63.84660585301045,67.10126057361765,3.3333333333333335,49.28899139500138,3.0
2026-05-16T12:00:00+00:00,Karachi,24.8607,67.0011,openweathermap_historical,67.84708212509535,0.01,0.029986990789218022,43.8,0.39,59.538542602302456,89.30781390345368,0.5,4,28.49243403409927,57.25422799065121,6.569392441614366,245.20320065072,1001,10000,Clouds,12,5,16,5,1,0,1,0.0,0.0,54.591976532616115,60.73849769803704,66.05750949466487,3.3333333333333335,50.444979821611724,3.0
2026-05-16T13:00:00+00:00,Karachi,24.8607,67.0011,openweathermap_historical,79.42913672300558,0.01,0.09052396911968211,43.8,0.39,48.682106037425996,73.023159056139,0.5,4,22.561137239969128,57.0681534872676,5.044073217671871,242.48147839857563,1001,10000,Clouds,13,5,16,5,1,0,1,0.0,0.0,55.369259734672085,57.14286002148091,65.9618037288529,3.6666666666666665,42.8454742261982,3.0
2026-05-16T14:00:00+00:00,Karachi,24.8607,67.0011,openweathermap_historical,81.38457970221991,0.01,0.05568553905522118,43.8,0.39,65.13113165701888,97.69669748552832,0.5,3,27.368003191938662,70.93583897828552,5.691440457766023,228.54751189460532,1001,10000,Clouds,14,5,16,5,1,0,1,0.0,0.0,57.783926765582486,60.022467062170485,66.22362356191928,3.6666666666666665,54.35979215991322,3.0
2026-05-16T15:00:00+00:00,Karachi,24.8607,67.0011,openweathermap_historical,63.24457084821373,0.01,0.048087501008949304,43.8,0.39,97.3209887622709,145.98148314340636,0.5,2,17.271790269156092,75.83396371174287,6.459786211792219,235.702496201738,1001,10000,Clouds,15,5,16,5,1,0,1,0.0,0.0,70.37807548557197,62.48502600909401,67.78487615898185,3.0,76.89269213358963,3.0
2026-05-16T16:00:00+00:00,Karachi,24.8607,67.0011,openweathermap_historical,85.24988114817631,0.01,0.04424690634734815,43.8,0.39,70.24500967517174,105.36751451275762,0.5,4,23.21812768569157,72.92049890746536,7.921774114227727,226.54303009244074,1001,10000,Clouds,16,5,16,5,1,0,1,0.0,0.0,77.56571003148721,66.4674848830796,68.38341821992908,3.0,57.93950677262022,2.0
2026-05-16T17:00:00+00:00,Karachi,24.8607,67.0011,openweathermap_historical,67.1005811343964,0.01,0.022028814149685754,43.8,0.39,60.17191621301572,90.25787431952358,0.5,2,19.773724217074157,68.1276728569822,7.468331762402354,259.5384127586247,1001,10000,Clouds,17,5,16,5,1,1,1,0.0,0.0,75.9126382168195,66.84828249120095,68.01259712152059,2.6666666666666665,50.888341349111,4.0
2026-05-16T18:00:00+00:00,Karachi,24.8607,67.0011,openweathermap_historical,66.86680577354015,0.01,0.04183617453916662,43.8,0.39,72.0456839103965,108.06852586559475,0.5,3,27.48506229608292,68.88056591221368,6.999520087832748,203.58530744593168,1001,10000,Clouds,18,5,16,5,1,1,1,0.0,0.0,67.48753659952803,68.93280604254996,66.83142936586945,3.0,59.199978737277554,3.0
2026-05-16T19:00:00+00:00,Karachi,24.8607,67.0011,openweathermap_historical,66.58660018373779,0.01,0.04791898524915855,43.8,0.39,59.06291138177839,88.59436707266758,0.5,3,26.966352079909385,81.74455237346251,7.767450976524501,224.76447212420206,1001,10000,Clouds,19,5,16,5,1,1,1,0.0,0.0,63.760170501730244,70.66294026660869,66.28076510560057,2.6666666666666665,50.11203796724487,2.0
2026-05-16T20:00:00+00:00,Karachi,24.8607,67.0011,openweathermap_historical,79.73164489450066,0.01,0.031178771771905357,43.8,0.39,93.86359328426005,140.79538992639007,0.5,3,28.686032828280837,58.06543102196928,8.862609940661123,210.9319139479056,1001,10000,Clouds,20,5,16,5,1,1,1,0.0,0.0,74.99072952547836,75.45168387114889,67.39074031774753,3.0,74.47251529898205,3.0
2026-05-16T21:00:00+00:00,Karachi,24.8607,67.0011,openweathermap_historical,72.1002865822837,0.01,0.02576845583477986,43.8,0.39,39.81838022483204,59.72757033724806,0.5,4,25.166674540770618,62.88177145075676,8.055480869626003,250.0113711509489,1001,10000,Clouds,21,5,16,5,1,0,1,0.0,0.0,64.24829496362354,65.86791578157575,66.60134362617227,3.3333333333333335,36.64086615738243,3.0
2026-05-16T22:00:00+00:00,Karachi,24.8607,67.0011,openweathermap_historical,82.11159323998527,0.01,0.0022376896772220572,43.8,0.39,78.64011123157604,117.96016684736406,0.5,3,28.279523050634353,69.69297846519949,7.69719435161554,208.00800011340385,1001,10000,Clouds,22,5,16,5,1,0,1,0.0,0.0,70.77402824688942,67.2670993743098,67.17719573497955,3.3333333333333335,63.816077862103235,4.0
2026-05-16T23:00:00+00:00,Karachi,24.8607,67.0011,openweathermap_historical,57.16164805642637,0.01,0.046347420574632814,43.8,0.39,69.85455443541923,104.78183165312885,0.5,3,23.213573783882683,67.04380754693803,6.426063773374606,227.96341565012045,1001,10000,Clouds,23,5,16,5,1,0,1,0.0,0.0,62.7710152972758,68.88087241137704,67.20081856427012,3.3333333333333335,57.66618810479346,3.0
2026-05-17T00:00:00+00:00,Karachi,24.8607,67.0011,openweathermap_historical,85.41444620659969,0.01,0.04631955365064821,43.8,0.39,86.10159792405014,129.15239688607522,0.5,3,20.45479196663738,62.11101903570836,5.020876897726247,245.90531271216676,1001,10000,Clouds,0,6,17,5,1,0,1,0.0,0.0,78.19875453034852,71.22352474698597,68.32354570936785,3.0,69.0391185468351,3.0
2026-05-17T01:00:00+00:00,Karachi,24.8607,67.0011,openweathermap_historical,62.73782337459316,0.01,0.01345896881624218,43.8,0.39,65.3611624927537,98.04174373913057,0.5,4,28.18699374142759,64.52743242345593,7.402909419861032,214.5381160459364,1001,10000,Clouds,1,6,17,5,1,0,1,0.0,0.0,73.7724382840744,72.27323326548186,68.04667197510102,3.3333333333333335,54.520813744927594,2.0
2026-05-17T02:00:00+00:00,Karachi,24.8607,67.0011,openweathermap_historical,91.47097167290838,0.01,0.0006681140200664112,43.8,0.39,63.88581240128514,95.82871860192772,0.5,3,26.295421494893176,73.42252919367007,9.262581710970561,288.3310141352077,1001,10000,Clouds,2,6,17,5,1,0,1,0.0,0.0,71.78285760602971,67.27693645165272,66.91859758730185,3.3333333333333335,53.4880686808996,3.0
2026-05-17T03:00:00+00:00,Karachi,24.8607,67.0011,openweathermap_historical,63.55578114503539,0.01,0.032271500847438975,43.8,0.39,52.18403517700289,78.27605276550433,0.5,2,32.3548873206081,69.39564289749917,9.220168758684716,252.59208757240253,1001,10000,Clouds,3,6,17,5,1,0,1,0.0,0.0,60.47700335701395,69.33787894368119,66.6933220927592,3.0,45.296824623902026,3.0
2026-05-17T04:00:00+00:00,Karachi,24.8607,67.0011,openweathermap_historical,56.915092865054326,0.01,0.05954669999632002,43.8,0.39,36.11175767557968,54.16763651336952,0.5,4,29.849024074257542,68.57654457941089,6.559756288601729,236.48758690402266,1001,10000,Clouds,4,6,17,5,1,0,1,0.0,0.0,50.72720175128927,62.2498200176818,65.82973029847435,3.0,34.04623037290578,4.0
2026-05-17T05:00:00+00:00,Karachi,24.8607,67.0011,openweathermap_historical,55.2633387061945,0.01,0.03333993810442205,43.8,0.39,50.201346650266075,75.3020199753991,0.5,2,29.410548864142314,80.40210736068157,5.668667092174375,214.24032281224643,1001,10000,Clouds,5,6,17,5,1,0,1,0.0,0.0,46.16571316761625,58.97428538682294,64.63751153560284,2.6666666666666665,43.90894265518625,4.0
2026-05-17T06:00:00+00:00,Karachi,24.8607,67.0011,openweathermap_historical,75.37803886062687,0.01,0.06196499129724464,43.8,0.39,61.99705221463354,92.99557832195032,0.5,4,14.378140264550757,85.08085450138367,9.48834822944507,240.5404244206037,1001,10000,Clouds,6,6,17,5,1,0,1,0.0,0.0,49.436718846826466,54.956861101920175,63.96292239737329,3.3333333333333335,52.16593655024349,5.0
2026-05-17T07:00:00+00:00,Karachi,24.8607,67.0011,openweathermap_historical,58.55376563533136,0.01,0.023941915502687018,43.8,0.39,65.7917483182879,98.68762247743186,0.5,4,21.42409864971242,82.15792066002584,6.737621371876776,242.56469448919364,1001,10000,Clouds,7,6,17,5,1,1,1,0.0,0.0,59.33004906106254,55.02862540617587,63.776914739936835,3.3333333333333335,54.82222382280153,4.0
2026-05-17T08:00:00+00:00,Karachi,24.8607,67.0011,openweathermap_historical,79.91726244547424,0.01,0.0260586626288739,43.8,0.39,78.23958712283212,117.35938068424818,0.5,4,33.58758016242746,63.27956703581265,4.440367536062145,245.20476278677285,1001,10000,Clouds,8,6,17,5,1,1,1,0.0,0.0,68.67612921858456,57.42092119310036,65.04300214451811,4.0,63.53571098598249,3.0
2026-05-17T09:00:00+00:00,Karachi,24.8607,67.0011,openweathermap_historical,73.68464070232326,0.01,0.05162658364763084,43.8,0.39,78.68384083423243,118.02576125134864,0.5,3,23.353386288358937,53.3256324806625,7.731360620198966,264.6800652988818,1001,10000,Clouds,9,6,17,5,1,1,1,0.0,0.0,74.23839209178418,61.83755546930529,64.88209405091406,3.6666666666666665,63.8466885839627,3.0
2026-05-17T10:00:00+00:00,Karachi,24.8607,67.0011,openweathermap_historical,90.02450494355652,0.01,0.03666058852949436,43.8,0.39,64.49668758035115,96.74503137052673,0.5,3,21.512936259154596,63.64897336885623,6.584044657361595,239.45875052200716,1001,10000,Clouds,10,6,17,5,1,0,1,0.0,0.0,73.8067051791386,66.56837712010054,65.63819534879293,3.3333333333333335,53.915681306245816,3.0
2026-05-17T11:00:00+00:00,Karachi,24.8607,67.0011,openweathermap_historical,70.38754155025356,0.01,0.044633717837006676,43.8,0.39,62.07605186420366,93.1140777963055,0.5,3,19.77622242497508,56.19915310577781,8.480124652317123,222.30766413348115,1001,10000,Clouds,11,6,17,5,1,0,1,0.0,0.0,68.41886009292911,68.5474946557568,65.81273373628943,3.0,52.221236304942565,2.0
2026-05-17T12:00:00+00:00,Karachi,24.8607,67.0011,openweathermap_historical,81.3012547960679,0.01,0.05273733138336009,43.8,0.39,54.084430434371455,81.12664565155718,0.5,3,32.286476445174166,42.20241779001312,6.193427439052811,264.68140713622813,1001,10000,Clouds,12,6,17,5,1,0,1,0.0,0.0,60.21905662630879,67.22872435904645,65.58547906262564,3.0,46.62710130406002,4.0
2026-05-17T13:00:00+00:00,Karachi,24.8607,67.0011,openweathermap_historical,75.42043503395986,0.01,0.01454688408586199,43.8,0.39,34.78334134547194,52.17501201820791,0.5,3,21.58095025570429,54.26281894556807,4.975994791000383,218.59807710429908,1001,10000,Clouds,13,6,17,5,1,0,1,0.0,0.0,50.314607881349055,62.0606565302438,65.00636386712756,3.0,33.11633894183036,2.0
2026-05-17T14:00:00+00:00,Karachi,24.8607,67.0011,openweathermap_historical,71.31965632327125,0.01,0.04891552944397607,43.8,0.39,67.74279499249707,101.6141924887456,0.5,3,20.44344545978396,62.043842236384165,4.748583527014389,246.49062084092947,1001,10000,Clouds,14,6,17,5,1,0,1,0.0,0.0,52.203522257446856,60.31119117518796,65.11518317277248,3.0,56.18795649474795,2.0
2026-05-17T15:00:00+00:00,Karachi,24.8607,67.0011,openweathermap_historical,82.00285166153733,0.01,0.03596478757411346,43.8,0.39,45.20731971378599,67.810979570679,0.5,3,30.903746282042142,82.05377011042006,9.122494833666376,271.23704249724875,1001,10000,Clouds,15,6,17,5,1,0,1,0.0,0.0,49.244485350585045,54.731770988446875,62.943780295752276,3.0,40.413123799650194,4.0
2026-05-17T16:00:00+00:00,Karachi,24.8607,67.0011,openweathermap_historical,75.57733075467414,0.01,0.03343476697427002,43.8,0.39,72.71883372580042,109.07825058870063,0.5,2,36.052255361008726,70.48412372202995,8.48390655429692,256.39252716101475,1001,10000,Clouds,16,6,17,5,1,0,1,0.0,0.0,61.889649477361196,56.1021286793551,63.04685629786181,2.6666666666666665,59.671183608060296,3.0
2026-05-17T17:00:00+00:00,Karachi,24.8607,67.0011,openweathermap_historical,59.729755260547805,0.01,0.06397056424885111,43.8,0.39,100.07785159486896,150.11677739230345,0.5,4,23.673922533018803,71.87766772801906,4.244512161192937,215.27919667010062,1001,10000,Clouds,17,6,17,5,1,1,1,0.0,0.0,72.66800167815182,62.4357619677993,64.70960360543903,3.0,78.82249611640827,4.0
2026-05-17T18:00:00+00:00,Karachi,24.8607,67.0011,openweathermap_historical,64.51309345880988,0.01,0.02802585521235033,43.8,0.39,79.62471486112469,119.43707229168703,0.5,3,26.644066310608324,57.96151001159563,6.422631061383268,211.56529228429073,1001,10000,Clouds,18,6,17,5,1,1,1,0.0,0.0,84.14046672726472,66.69247603892485,65.02539656171938,3.0,64.50530040278728,3.0
2026-05-17T19:00:00+00:00,Karachi,24.8607,67.0011,openweathermap_historical,91.5169482130444,0.01,0.054165646266655904,43.8,0.39,89.09135870094389,133.63703805141583,0.5,2,21.698712725650907,63.34819461083895,8.248830365502172,221.4807006858975,1001,10000,Clouds,19,6,17,5,1,1,1,0.0,0.0,89.59797505231255,75.74381226483685,66.2765818666846,3.0,71.13195109066072,3.0
2026-05-17T20:00:00+00:00,Karachi,24.8607,67.0011,openweathermap_historical,75.99087287782802,0.01,0.029319393735483947,43.8,0.39,93.48396175457259,140.22594263185889,0.5,3,22.272192956357056,77.17660121252824,9.532817039117527,224.62544967018403,1001,10000,Clouds,20,6,17,5,1,1,1,0.0,0.0,87.40001177221376,80.03400672518276,66.26076388628096,2.6666666666666665,74.20677322820082,3.0
2026-05-17T21:00:00+00:00,Karachi,24.8607,67.0011,openweathermap_historical,71.75746827591297,0.01,0.016421818075779006,43.8,0.39,57.289921066482236,85.93488159972335,0.5,3,29.799361349137712,58.63036361283945,5.792266833465028,229.17693502377148,1001,10000,Clouds,21,6,17,5,1,0,1,0.0,0.0,79.95508050733294,82.0477736172988,66.98874475468304,2.6666666666666665,48.870944746537575,3.0
2026-05-17T22:00:00+00:00,Karachi,24.8607,67.0011,openweathermap_historical,86.60262866917249,0.01,0.06381455574848048,43.8,0.39,60.40709334316888,90.61064001475333,0.5,4,27.015238464750425,61.203500430164524,6.61848451776126,197.59111087644627,1001,10000,Clouds,22,6,17,5,1,0,1,0.0,0.0,70.39365872140795,79.99581688686021,66.22903567599941,3.3333333333333335,51.05296534021822,3.0
2026-05-17T23:00:00+00:00,Karachi,24.8607,67.0011,openweathermap_historical,76.89950582436477,0.01,0.038044168656348826,43.8,0.39,34.77653526337043,52.164802895055644,0.5,3,20.999943764938582,62.12394735748048,7.587721703610992,237.28917310297564,1001,10000,Clouds,23,6,17,5,1,0,1,0.0,0.0,50.82451655767389,69.11226416494378,64.7674515438307,3.3333333333333335,33.111574684359304,3.0
2026-05-18T00:00:00+00:00,Karachi,24.8607,67.0011,openweathermap_historical,75.41151578922859,0.01,0.014976496764364442,43.8,0.39,67.7933958322593,101.69009374838896,0.5,3,25.944906463802404,69.53948589911857,8.63695149612353,253.1186699483003,1001,10000,Clouds,0,0,18,5,0,0,1,0.0,0.0,54.32567481293291,67.14037766013288,64.00460979000609,3.3333333333333335,56.22337708258152,4.0
2026-05-18T01:00:00+00:00,Karachi,24.8607,67.0011,openweathermap_historical,67.29842611377997,0.01,0.023143055104333267,43.8,0.39,33.94869444342527,50.9230416651379,0.5,2,29.45417169288767,51.69986577792885,6.687394218744211,262.03591151087693,1001,10000,Clouds,1,0,18,5,0,0,1,0.0,0.0,45.50620851301837,57.94993361721311,62.6957569546174,2.6666666666666665,32.53208611039769,3.0
2026-05-18T02:00:00+00:00,Karachi,24.8607,67.0011,openweathermap_historical,70.2075017447295,0.01,0.027685999575085635,43.8,0.39,59.28218760308597,88.92328140462897,0.5,3,29.76226976459942,72.59275287144422,10.963095696627002,250.26288480490194,1001,10000,Clouds,2,0,18,5,0,0,1,0.0,0.0,53.67475929292356,52.24963792529868,62.50393925469243,2.6666666666666665,50.265531322160186,3.0
2026-05-18T03:00:00+00:00,Karachi,24.8607,67.0011,openweathermap_historical,92.19851858160405,0.01,0.043406237230781415,43.8,0.39,24.406584474758773,36.60987671213816,0.5,3,27.804045606378807,80.56185648810984,7.390323889853141,267.26182518965015,1001,10000,Clouds,3,0,18,5,0,0,1,0.0,0.0,39.21248884042338,46.769081826678104,61.346545475432265,2.6666666666666665,25.85260913233114,3.0
2026-05-18T04:00:00+00:00,Karachi,24.8607,67.0011,openweathermap_historical,87.67198848594974,0.01,0.0447579906959045,43.8,0.39,63.04014295544337,94.56021443316506,0.5,4,17.912107901937254,59.372458000929726,8.788843435808941,212.42465154020198,1001,10000,Clouds,4,0,18,5,0,0,1,0.0,0.0,48.90963834442942,47.20792342872385,62.46856152875992,3.3333333333333335,52.89610006881037,3.0
2026-05-18T05:00:00+00:00,Karachi,24.8607,67.0011,openweathermap_historical,74.19617244185507,0.01,0.022030961815280192,43.8,0.39,58.17604183296718,87.26406274945077,0.5,4,16.087811309520703,60.83657091531811,4.940676188356813,241.87580680201233,1001,10000,Clouds,5,0,18,5,0,0,1,0.0,0.0,48.54092308772315,51.10784119032331,62.8008404947058,3.6666666666666665,49.49122928307703,4.0
2026-05-18T06:00:00+00:00,Karachi,24.8607,67.0011,openweathermap_historical,92.74535263893499,0.01,0.061240278342498025,43.8,0.39,69.83759456825588,104.75639185238381,0.5,5,20.809181237787655,69.58009774568421,9.109489650695458,255.3404389768928,1001,10000,Clouds,6,0,18,5,0,0,1,0.0,0.0,63.68459311888885,51.44854097965608,63.12752975944006,4.333333333333333,57.65431619777912,4.0
2026-05-18T07:00:00+00:00,Karachi,24.8607,67.0011,openweathermap_historical,76.55171095692603,0.01,0.05126288442808361,43.8,0.39,77.2642708442687,115.89640626640303,0.5,4,28.61596809025552,74.03772457074186,4.582307942737216,238.15413853442854,1001,10000,Clouds,7,0,18,5,0,1,1,0.0,0.0,68.42596908183062,58.66780371312998,63.605551531355935,4.333333333333333,62.85298959098809,4.0
2026-05-18T08:00:00+00:00,Karachi,24.8607,67.0011,openweathermap_historical,62.92753144349367,0.01,0.04454482429633526,43.8,0.39,58.56803646909841,87.85205470364761,0.5,3,27.209264180195245,63.49158195598692,9.519969605546368,209.20876360865364,1001,10000,Clouds,8,0,18,5,0,1,1,0.0,0.0,68.55663396054103,58.548778524132054,62.785903587450356,4.0,49.765625528368886,5.0
2026-05-18T09:00:00+00:00,Karachi,24.8607,67.0011,openweathermap_historical,77.89061966745057,0.01,0.021743012570718763,43.8,0.39,69.90833663752123,104.86250495628184,0.5,3,34.11750141956726,65.93995830098038,10.235495840771886,201.09105231426963,1001,10000,Clouds,9,0,18,5,0,1,1,0.0,0.0,68.58021465029616,66.13240388459246,62.42025757925406,3.3333333333333335,57.703835646264864,3.0
2026-05-18T10:00:00+00:00,Karachi,24.8607,67.0011,openweathermap_historical,79.95910285732572,0.01,0.04865637162991131,43.8,0.39,80.51566727137251,120.77350090705876,0.5,3,30.6178205887501,65.38896059506435,7.732702314840067,221.5773314109371,1001,10000,Clouds,10,0,18,5,0,0,1,0.0,0.0,69.66401345933075,69.04499127058065,63.08771506637995,3.0,65.12896708996077,3.0
2026-05-18T11:00:00+00:00,Karachi,24.8607,67.0011,openweathermap_historical,76.1078454020571,0.01,0.02382568387030244,43.8,0.39,43.21928560505918,64.82892840758876,0.5,2,24.25283174172354,75.1319768751313,8.335387426849234,212.92991546098284,1001,10000,Clouds,11,0,18,5,0,0,1,0.0,0.0,64.54776317131768,66.55219856592932,62.30201647224893,2.6666666666666665,39.02149992354143,4.0
2026-05-18T12:00:00+00:00,Karachi,24.8607,67.0011,openweathermap_historical,83.21377676308722,0.01,0.05151123210330631,43.8,0.39,45.50427548492779,68.25641322739168,0.5,4,23.28100367614708,60.058656849800684,4.7498521318650155,264.86723078301543,1001,10000,Clouds,12,0,18,5,0,0,1,0.0,0.0,56.41307612045319,62.49664538537464,61.944510016022114,3.0,40.62099283944945,2.0
2026-05-18T13:00:00+00:00,Karachi,24.8607,67.0011,openweathermap_historical,62.85103913221091,0.01,0.04149515991405548,43.8,0.39,78.732165872401,118.0982488086015,0.5,2,29.987713028053154,72.09843935225842,8.996413535119729,246.50862445311407,1001,10000,Clouds,13,0,18,5,0,0,1,0.0,0.0,55.818575654129354,62.74129455673002,63.77571103797749,2.6666666666666665,63.8805161106807,4.0
2026-05-18T14:00:00+00:00,Karachi,24.8607,67.0011,openweathermap_historical,72.67087667344943,0.01,0.02073344303007044,43.8,0.39,51.823650849607475,77.73547627441121,0.5,2,25.017103288817932,76.85013988184082,3.590731794435425,220.7408261567353,1001,10000,Clouds,14,0,18,5,0,0,1,0.0,0.0,58.68669740231212,61.617230286814866,63.11241336535709,2.6666666666666665,45.04455559472524,3.0
2026-05-18T15:00:00+00:00,Karachi,24.8607,67.0011,openweathermap_historical,74.09272820650231,0.01,0.01484520723268935,43.8,0.39,44.46987603073475,66.70481404610213,0.5,4,24.70153765907826,58.75339014804841,7.650573096404566,228.13898765469756,1001,10000,Clouds,15,0,18,5,0,0,1,0.0,0.0,58.34189758424778,57.37748685235045,63.08168654522995,2.6666666666666665,39.89691322151433,3.0
2026-05-18T16:00:00+00:00,Karachi,24.8607,67.0011,openweathermap_historical,101.63467816914743,0.01,0.04864167227634585,43.8,0.39,53.686821508785144,80.53023226317771,0.5,3,28.702570652527147,53.30093226737186,7.2610167682961375,222.64714005840176,1001,10000,Clouds,16,0,18,5,0,0,1,0.0,0.0,49.99344946304249,52.90601255858589,62.28868603618765,3.0,46.348775056149606,3.0
2026-05-18T17:00:00+00:00,Karachi,24.8607,67.0011,openweathermap_historical,71.26633707141912,0.01,0.04522991193936048,43.8,0.39,66.4435611135932,99.66534167038981,0.5,4,14.376300479259339,57.6605465890551,7.237054272095727,253.4081226198133,1001,10000,Clouds,17,0,18,5,0,1,1,0.0,0.0,54.86675288437107,56.776725143341565,60.8872572661345,3.6666666666666665,55.27849277951525,3.0
2026-05-18T18:00:00+00:00,Karachi,24.8607,67.0011,openweathermap_historical,85.15370954394056,0.01,0.034134646874643314,43.8,0.39,52.6521495417055,78.97822431255824,0.5,3,30.209574960688407,72.41713246037976,9.499668851295,200.3529315763002,1001,10000,Clouds,18,0,18,5,0,1,1,0.0,0.0,57.59417738802799,57.96803748613784,59.763400377825356,3.3333333333333335,45.62450467919385,4.0
2026-05-18T19:00:00+00:00,Karachi,24.8607,67.0011,openweathermap_historical,86.10023417896673,0.01,0.04221331481810551,43.8,0.39,69.84243249872456,104.76364874808684,0.5,3,22.862860936877617,83.30758046421319,5.31783607591018,250.1424982758342,1001,10000,Clouds,19,0,18,5,0,1,1,0.0,0.0,62.97938105134113,56.48641525719177,58.96136178606622,3.3333333333333335,57.657702749107195,3.0
2026-05-18T20:00:00+00:00,Karachi,24.8607,67.0011,openweathermap_historical,86.81790388160252,0.01,0.02889972751888171,43.8,0.39,90.47702929716165,135.71554394574247,0.5,3,31.261575907128407,63.12239730917704,9.214223852913163,232.28341875555458,1001,10000,Clouds,20,0,18,5,0,1,1,0.0,0.0,70.9905371125306,62.9286449984508,58.836072933674096,3.0,72.10192050801315,3.0
2026-05-18T21:00:00+00:00,Karachi,24.8607,67.0011,openweathermap_historical,79.32058129450306,0.01,0.0349323937854242,43.8,0.39,60.13777561249262,90.20666341873893,0.5,3,22.159999052137202,69.99443224719714,5.430098622722165,247.6872104178576,1001,10000,Clouds,21,0,18,5,0,0,1,0.0,0.0,73.48574580279298,65.53996159541045,58.954733539757875,3.0,50.864442928744836,3.0
2026-05-18T22:00:00+00:00,Karachi,24.8607,67.0011,openweathermap_historical,59.32317665013508,0.01,0.056502722675394315,43.8,0.39,73.63718216625999,110.45577324938998,0.5,3,20.414000641108085,73.59036715191755,6.602033270673008,193.58824660191237,1001,10000,Clouds,22,0,18,5,0,0,1,0.0,0.0,74.75066235863812,68.86502170498959,59.505987240719996,3.0,60.314027516382,2.0
2026-05-18T23:00:00+00:00,Karachi,24.8607,67.0011,openweathermap_historical,82.76828655502294,0.01,0.035760512266035105,43.8,0.39,76.64148538536675,114.96222807805012,0.5,3,37.58348675807508,70.38604995884194,4.284106947085909,234.9878516849129,1001,10000,Clouds,23,0,18,5,0,0,1,0.0,0.0,70.13881438803982,70.56467575028518,61.25036016246984,3.0,62.41703976975673,3.0
2026-05-19T00:00:00+00:00,Karachi,24.8607,67.0011,openweathermap_historical,87.80628895344991,0.01,0.04652004288369338,43.8,0.39,97.88393627401825,146.82590441102738,0.5,4,21.308169678000404,53.673198285300266,7.425993519713922,248.14773452539188,1001,10000,Clouds,0,1,19,5,0,0,1,0.0,0.0,82.7208679418817,78.1033068723373,62.50413268087647,3.3333333333333335,77.28675539181279,3.0
2026-05-19T01:00:00+00:00,Karachi,24.8607,67.0011,openweathermap_historical,61.13298359756081,0.01,0.05348146565545781,43.8,0.39,62.97291147710756,94.45936721566133,0.5,3,24.720196498521112,51.35335978262893,5.500881016282094,242.13187832558896,1001,10000,Clouds,1,1,19,5,0,0,1,0.0,0.0,79.16611104549756,76.95838670206781,63.7134750572799,3.3333333333333335,52.84903803397529,3.0
2026-05-19T02:00:00+00:00,Karachi,24.8607,67.0011,openweathermap_historical,80.3583831262051,0.01,0.06701732790150271,43.8,0.39,31.909745484150978,47.86461822622647,0.5,3,23.075827358989063,65.39361867027877,7.699949365902704,250.18779903844856,1001,10000,Clouds,2,1,19,5,0,0,1,0.0,0.0,64.25553107842565,67.19717273323269,62.5729566356576,3.3333333333333335,31.104821838905686,3.0
2026-05-19T03:00:00+00:00,Karachi,24.8607,67.0011,openweathermap_historical,62.17716306834258,0.01,0.047479455340710276,43.8,0.39,75.54821053359136,113.32231580038703,0.5,3,28.818229999393097,59.05867159277406,5.804848614467003,217.03251646651717,1001,10000,Clouds,3,1,19,5,0,0,1,0.0,0.0,56.81028916495001,69.76557855341582,64.70385772144229,3.0,61.651747373513956,3.0
2026-05-19T04:00:00+00:00,Karachi,24.8607,67.0011,openweathermap_historical,74.4562237258905,0.01,0.04452428673351998,43.8,0.39,31.781881353821653,47.672822030732476,0.5,3,27.07726124460923,84.10788495011553,6.293883488236617,239.8869778960017,1001,10000,Clouds,4,1,19,5,0,0,1,0.0,0.0,46.4132791238547,62.78969508467609,63.40143015470806,3.0,31.01531694767516,3.0
2026-05-19T05:00:00+00:00,Karachi,24.8607,67.0011,openweathermap_historical,88.58076744552375,0.01,-0.0041900979204308325,43.8,0.39,46.30900113748786,69.4635017062318,0.5,4,22.73438392998155,64.12609137444905,5.992150633933461,203.78321862836023,1001,10000,Clouds,5,1,19,5,0,0,1,0.0,0.0,51.213031008300334,57.73428104336295,62.90697012572975,3.3333333333333335,41.1843007962415,4.0
2026-05-19T06:00:00+00:00,Karachi,24.8607,67.0011,openweathermap_historical,62.2967197765083,0.01,0.04757970557337953,43.8,0.39,53.37119171477315,80.05678757215972,0.5,4,24.87769997675393,58.559979329963674,7.276606597452636,251.74777219686692,1001,10000,Clouds,6,1,19,5,0,0,1,0.0,0.0,43.82069140202759,50.315490283488764,62.22087000683464,3.6666666666666665,46.12783420034121,4.0
2026-05-19T07:00:00+00:00,Karachi,24.8607,67.0011,openweathermap_historical,72.98743326121709,0.01,0.015631710930494033,43.8,0.39,74.0587776555995,111.08816648339925,0.5,4,20.355000608727394,72.3551063566827,8.563689797293184,218.69229206232774,1001,10000,Clouds,7,1,19,5,0,1,1,0.0,0.0,57.91299016928687,52.16313464657075,62.08730779064009,4.0,60.60914435891965,4.0
2026-05-19T08:00:00+00:00,Karachi,24.8607,67.0011,openweathermap_historical,72.87846517821033,0.01,0.035909739914831484,43.8,0.39,103.7009871810605,155.55148077159075,0.5,5,24.741817938013032,67.42085533604441,7.037620061934327,232.3354634571141,1001,10000,Clouds,8,1,19,5,0,1,1,0.0,0.0,77.04365218381109,64.12834159605568,63.9678474036385,4.333333333333333,81.35869102674235,4.0
2026-05-19T09:00:00+00:00,Karachi,24.8607,67.0011,openweathermap_historical,73.05370201763874,0.01,0.03256205502277825,43.8,0.39,73.91505966275484,110.87258949413226,0.5,3,28.87329658593132,60.40745537125199,7.3202328043471345,209.1367073251232,1001,10000,Clouds,9,1,19,5,0,1,1,0.0,0.0,83.89160816647166,63.85614978424959,64.13479419635657,4.0,60.50854176392839,3.0
2026-05-19T10:00:00+00:00,Karachi,24.8607,67.0011,openweathermap_historical,64.14048701323588,0.01,0.026459278898970436,43.8,0.39,64.4085434602107,96.61281519031604,0.5,3,23.53727762523947,62.54953446827181,0.1948374483835682,268.2318779567742,1001,10000,Clouds,10,1,19,5,0,0,1,0.0,0.0,80.67486343467539,69.2939268019811,63.46366403755817,3.6666666666666665,53.85398042214749,3.0
2026-05-19T11:00:00+00:00,Karachi,24.8607,67.0011,openweathermap_historical,75.48135947722182,0.01,0.04677085047336882,43.8,0.39,71.45515355897666,107.18273033846499,0.5,4,25.928425802978488,49.352060652817805,6.880299525699133,229.39603632621055,1001,10000,Clouds,11,1,19,5,0,0,1,0.0,0.0,69.9262522273141,73.48495220556255,64.64015853563807,3.3333333333333335,58.78660749128367,3.0
2026-05-19T12:00:00+00:00,Karachi,24.8607,67.0011,openweathermap_historical,66.01494825937755,0.01,0.028840681323869844,43.8,0.39,31.339946240250566,47.00991936037585,0.5,2,24.645414131563232,66.9136630669956,8.46364624284336,241.17396227919008,1001,10000,Clouds,12,1,19,5,0,0,1,0.0,0.0,55.73454775314601,69.8130779598088,64.04997815044318,3.0,30.7059623681754,3.0
2026-05-19T13:00:00+00:00,Karachi,24.8607,67.0011,openweathermap_historical,57.58733966534031,0.01,0.08566956610003476,43.8,0.39,55.221366271993496,82.83204940799024,0.5,4,22.516093732619762,60.527750166764136,7.276894059188176,199.19377209933083,1001,10000,Clouds,13,1,19,5,0,0,1,0.0,0.0,52.67215535707361,66.67350939587446,63.070361500426195,3.3333333333333335,47.42295639039545,3.0
2026-05-19T14:00:00+00:00,Karachi,24.8607,67.0011,openweathermap_historical,63.05460975509745,0.01,0.04105084294847528,43.8,0.39,26.911112547589617,40.36666882138442,0.5,3,32.451543803278376,63.80561801782461,8.144256060526324,216.6256646867201,1001,10000,Clouds,14,1,19,5,0,0,1,0.0,0.0,37.82414168661126,53.87519695696264,62.03233907117545,3.0,27.60577878331273,3.0
2026-05-19T15:00:00+00:00,Karachi,24.8607,67.0011,openweathermap_historical,71.89953556136192,0.01,0.045999393936797646,43.8,0.39,47.68784452066519,71.53176678099778,0.5,3,29.930198522256788,52.1348255714823,10.143045254363312,270.2739432308213,1001,10000,Clouds,15,1,19,5,0,0,1,0.0,0.0,43.27344111341614,49.503994433281036,62.16642109158922,3.3333333333333335,42.14949116446563,4.0
2026-05-19T16:00:00+00:00,Karachi,24.8607,67.0011,openweathermap_historical,81.65271465943395,0.01,-0.003668092419961015,43.8,0.39,60.91027108148526,91.3654066222279,0.5,3,24.260738920758673,51.924384637157374,6.16674233777693,199.0739762750515,1001,10000,Clouds,16,1,19,5,0,0,1,0.0,0.0,45.16974271658006,48.92094903682679,62.46739815711839,3.0,51.40518975703969,3.0
2026-05-19T17:00:00+00:00,Karachi,24.8607,67.0011,openweathermap_historical,86.14453531807676,0.01,0.04594314435431016,43.8,0.39,69.67564925830503,104.51347388745754,0.5,3,19.953778000049404,58.637690561866606,8.322796615296374,279.43674650913005,1001,10000,Clouds,17,1,19,5,0,1,1,0.0,0.0,59.424588286818526,48.62436498671486,62.60206849648139,3.0,57.540954480813525,3.0
2026-05-19T18:00:00+00:00,Karachi,24.8607,67.0011,openweathermap_historical,84.96213530091838,0.01,0.03865946372990899,43.8,0.39,74.52564161874909,111.78846242812364,0.5,4,19.333565317130066,56.58598964523909,3.879251630936178,258.8602587828643,1001,10000,Clouds,18,1,19,5,0,1,1,0.0,0.0,68.3705206528465,55.82198088313128,63.51346399969153,3.3333333333333335,60.93594913312437,3.0
2026-05-19T19:00:00+00:00,Karachi,24.8607,67.0011,openweathermap_historical,65.26033809562219,0.01,0.05338612154165602,43.8,0.39,77.10392311807244,115.65588467710867,0.5,3,15.137036674940516,66.66959629439415,4.046480035042538,202.57722835180164,1001,10000,Clouds,19,1,19,5,0,1,1,0.0,0.0,73.76840466504223,59.46907369081111,63.81602610883103,3.3333333333333335,62.74074618265071,3.0
2026-05-19T20:00:00+00:00,Karachi,24.8607,67.0011,openweathermap_historical,82.65639974004488,0.01,0.06402579307417755,43.8,0.39,89.34039880321535,134.01059820482303,0.5,3,29.743174765031103,70.51088532708286,8.744517353079448,194.5170949235182,1001,10000,Clouds,20,1,19,5,0,1,1,0.0,0.0,80.32332118001233,69.8739547334154,63.7686665049166,3.3333333333333335,71.30627916225075,3.0
2026-05-19T21:00:00+00:00,Karachi,24.8607,67.0011,openweathermap_historical,87.34690536431783,0.01,0.019634607294170978,43.8,0.39,47.56123653203501,71.34185479805251,0.5,3,32.23972430595293,68.31663960737387,9.399020417173672,200.19288026812157,1001,10000,Clouds,21,1,19,5,0,0,1,0.0,0.0,71.33518615110764,69.85285340197704,63.24464404323086,3.0,42.06086557242451,4.0
2026-05-19T22:00:00+00:00,Karachi,24.8607,67.0011,openweathermap_historical,70.72616691754759,0.01,0.047395016724478434,43.8,0.39,57.334995967273485,86.00249395091024,0.5,2,26.05395969452962,68.58683162504214,6.953896259535244,236.7508350263403,1001,10000,Clouds,22,1,19,5,0,0,1,0.0,0.0,64.74554376750798,69.25697421627507,62.56538628493976,2.6666666666666665,48.90249717709145,3.0
2026-05-19T23:00:00+00:00,Karachi,24.8607,67.0011,openweathermap_historical,86.06897124043643,0.01,0.044662378363189564,43.8,0.39,71.99278859210031,107.98918288815047,0.5,3,30.717361211851223,51.39525844364822,3.525687339401811,216.40560626763346,1001,10000,Clouds,23,1,19,5,0,0,1,0.0,0.0,58.96300703046964,69.64316410524094,62.371690585220335,2.6666666666666665,59.16295201447022,4.0
2026-05-20T00:00:00+00:00,Karachi,24.8607,67.0011,openweathermap_historical,69.13788171424943,0.01,0.02379990523265824,43.8,0.39,39.44251991148077,59.16377986722116,0.5,3,30.676708536641712,61.24285356394524,7.130334955893805,215.3455586251331,1001,10000,Clouds,0,2,20,5,0,0,1,0.0,0.0,56.25676815695156,63.795977154029565,59.9366315701146,2.6666666666666665,36.377763938036544,3.0
2026-05-20T01:00:00+00:00,Karachi,24.8607,67.0011,openweathermap_historical,68.159178887903,0.01,0.026851235043617097,43.8,0.39,53.48472518494492,80.22708777741738,0.5,3,22.64281219211394,57.77328566068031,7.431161289705289,230.69622893893452,1001,10000,Clouds,1,2,20,5,0,0,1,0.0,0.0,54.973344562842044,59.85944416517498,59.54129047460782,3.0,46.207307629461454,3.0
2026-05-20T02:00:00+00:00,Karachi,24.8607,67.0011,openweathermap_historical,73.53278415388606,0.01,0.034680006747551624,43.8,0.39,81.32992099336343,121.99488149004515,0.5,3,21.097478836697107,62.074574953250476,6.836198054058214,269.3815946245385,1001,10000,Clouds,2,2,20,5,0,0,1,0.0,0.0,58.08572202992974,58.524364530199655,61.60046445415835,3.0,65.69894469535441,3.0
2026-05-20T03:00:00+00:00,Karachi,24.8607,67.0011,openweathermap_historical,61.85702179313605,0.01,0.05892991900948605,43.8,0.39,55.54043519113099,83.31065278669648,0.5,3,20.093040046189856,62.1259894878183,10.46764389408833,244.70961564183264,1001,10000,Clouds,3,2,20,5,0,0,1,0.0,0.0,63.451693789813156,59.85423097338232,60.76680714822249,3.0,47.646304633791694,2.0
2026-05-20T04:00:00+00:00,Karachi,24.8607,67.0011,openweathermap_historical,62.14410777623504,0.01,0.04814998794795208,43.8,0.39,80.49302306784115,120.73953460176173,0.5,3,23.93104090746185,66.60289438840695,9.168215160538248,222.5420073354943,1001,10000,Clouds,4,2,20,5,0,0,1,0.0,0.0,72.45445975077857,63.71390215681026,62.79643805297331,3.0,65.11311614748881,3.0
2026-05-20T05:00:00+00:00,Karachi,24.8607,67.0011,openweathermap_historical,93.0591407157333,0.01,0.0554568889961922,43.8,0.39,56.17369850921455,84.26054776382183,0.5,4,34.11814414449853,48.87168295198754,7.912903174316794,269.19012376609015,1001,10000,Clouds,5,2,20,5,0,0,1,0.0,0.0,64.06905225606226,61.077387142995974,63.20746711012858,3.3333333333333335,48.08958895645019,3.0
2026-05-20T06:00:00+00:00,Karachi,24.8607,67.0011,openweathermap_historical,80.38254327780122,0.01,0.07588731176531972,43.8,0.39,62.84167704099703,94.26251556149555,0.5,4,31.239695907037166,67.41385293987123,9.330948361614032,188.0144857444842,1001,10000,Clouds,6,2,20,5,0,0,1,0.0,0.0,66.50279953935096,64.97724666458201,63.60207066538791,3.6666666666666665,52.757173928697924,4.0
2026-05-20T07:00:00+00:00,Karachi,24.8607,67.0011,openweathermap_historical,75.7221850206401,0.01,0.06524712437146407,43.8,0.39,63.69837689657256,95.54756534485884,0.5,4,22.994751417527148,49.88285554778567,3.4226437332890836,243.45232057057947,1001,10000,Clouds,7,2,20,5,0,1,1,0.0,0.0,60.90458414892809,66.67952194985328,63.17038730042845,4.0,53.35686382760079,5.0
2026-05-20T08:00:00+00:00,Karachi,24.8607,67.0011,openweathermap_historical,82.36914548361231,0.01,0.04582114135009822,43.8,0.39,93.54687958988265,140.32031938482396,0.5,4,24.525541224108245,41.95161459595873,7.650895798364428,250.44998774881807,1001,10000,Clouds,8,2,20,5,0,1,1,0.0,0.0,73.36231117581745,68.71568171593982,62.74729948412938,4.0,74.25081571291786,5.0
2026-05-20T09:00:00+00:00,Karachi,24.8607,67.0011,openweathermap_historical,94.65370471946758,0.01,0.033345230599462844,43.8,0.39,89.0977254190773,133.64658812861597,0.5,3,26.357486092767346,65.84811682867785,7.194673143540848,234.203046247376,1001,10000,Clouds,9,2,20,5,0,1,1,0.0,0.0,82.1143273018442,74.30856342059754,63.37991055730948,3.6666666666666665,71.13640779335412,4.0
2026-05-20T10:00:00+00:00,Karachi,24.8607,67.0011,openweathermap_historical,81.78331863286972,0.01,0.03205677686122579,43.8,0.39,32.46974588157098,48.704618822356466,0.5,3,24.046446694309363,63.48879121358769,7.578170731836635,270.6178125231421,1001,10000,Clouds,10,2,20,5,0,0,1,0.0,0.0,71.70478363017702,66.30468388955252,62.04912732486616,3.3333333333333335,31.496822117099683,3.0
2026-05-20T11:00:00+00:00,Karachi,24.8607,67.0011,openweathermap_historical,57.43978255968718,0.01,0.042534495953147046,43.8,0.39,68.76984969822495,103.15477454733741,0.5,3,32.841867611721824,70.18768578029096,7.896225747948592,239.52519361209946,1001,10000,Clouds,11,2,20,5,0,0,1,0.0,0.0,63.44577366629111,68.40404242105426,61.93723966400151,3.0,56.90689478875746,3.0
2026-05-20T12:00:00+00:00,Karachi,24.8607,67.0011,openweathermap_historical,63.75652981397973,0.01,0.0901702417145582,43.8,0.39,27.75725336934095,41.63588005401142,0.5,3,18.339843368068735,60.619661699492745,10.808293397425617,225.85790991255755,1001,10000,Clouds,12,2,20,5,0,0,1,0.0,0.0,42.99894964971233,62.556638475778236,61.78796079438027,3.0,28.19807735853867,3.0
2026-05-20T13:00:00+00:00,Karachi,24.8607,67.0011,openweathermap_historical,74.64071242049265,0.01,0.08841676213824919,43.8,0.39,36.47218573580656,54.70827860370984,0.5,3,21.340987781180093,69.64793207148377,3.561548387210126,252.60251839994976,1001,10000,Clouds,13,2,20,5,0,0,1,0.0,0.0,44.33309626779086,58.0189399489839,61.00674493870582,3.0,34.29853001506459,3.0
2026-05-20T14:00:00+00:00,Karachi,24.8607,67.0011,openweathermap_historical,96.0483892135162,0.01,0.014346617986446632,43.8,0.39,80.57309521569032,120.85964282353547,0.5,3,27.83253957615836,78.48464886938814,9.702553391693861,233.99897035162797,1001,10000,Clouds,14,2,20,5,0,0,1,0.0,0.0,48.26751144027932,55.85664255328518,63.242660883210014,3.0,65.16916665098323,3.0
2026-05-20T15:00:00+00:00,Karachi,24.8607,67.0011,openweathermap_historical,74.42862159412506,0.01,0.038079934642941085,43.8,0.39,59.67182284849114,89.50773427273671,0.5,4,22.362552784842705,62.586747773186666,9.436230145245661,223.2321412524988,1001,10000,Clouds,15,2,20,5,0,0,1,0.0,0.0,58.90570126666271,50.95232545818748,63.74199331353609,3.3333333333333335,50.5382759939438,2.0
2026-05-20T16:00:00+00:00,Karachi,24.8607,67.0011,openweathermap_historical,77.09302366480931,0.01,0.04581807163056382,43.8,0.39,80.30519254779004,120.45778882168506,0.5,3,20.101729325466227,56.46808158987095,10.958060184154416,244.51840118256828,1001,10000,Clouds,16,2,20,5,0,0,1,0.0,0.0,73.51670353732388,58.92489990255732,64.5501150412988,3.3333333333333335,64.98163478345303,3.0
2026-05-20T17:00:00+00:00,Karachi,24.8607,67.0011,openweathermap_historical,79.02430412841792,0.01,0.02939133902423744,43.8,0.39,53.43066106853815,80.14599160280723,0.5,3,26.187101172274254,49.00194981639595,5.077154669790108,265.4463916119885,1001,10000,Clouds,17,2,20,5,0,1,1,0.0,0.0,64.46922548827315,56.368368464276195,63.873240533391844,3.3333333333333335,46.16946274797671,3.0
2026-05-20T18:00:00+00:00,Karachi,24.8607,67.0011,openweathermap_historical,60.319620427709864,0.01,0.06123685786030571,43.8,0.39,76.55052221577903,114.82578332366853,0.5,3,21.310375568248418,59.668249099610804,8.316219710712872,247.63707068966363,1001,10000,Clouds,18,2,20,5,0,1,1,0.0,0.0,70.09545861070247,64.50057993868255,63.957610558268094,3.0,62.35336555104532,3.0
2026-05-20T19:00:00+00:00,Karachi,24.8607,67.0011,openweathermap_historical,74.41962614558545,0.01,0.013809271677108673,43.8,0.39,77.77133940152135,116.65700910228202,0.5,3,20.287200057631125,55.346934164560324,9.037033789792716,200.5312389596047,1001,10000,Clouds,19,2,20,5,0,1,1,0.0,0.0,69.25084089527955,71.38377221630167,63.985419570078456,3.0,63.20793758106495,3.0
2026-05-20T20:00:00+00:00,Karachi,24.8607,67.0011,openweathermap_historical,77.45015616805593,0.01,0.07928201722423707,43.8,0.39,64.44695729546322,96.67043594319483,0.5,3,30.55618124019835,64.59630032207336,6.849834189236533,203.89751573081915,1001,10000,Clouds,20,2,20,5,0,1,1,0.0,0.0,72.92293963758792,68.69608256293048,62.94819284058878,3.0,53.88087010682426,2.0
2026-05-20T21:00:00+00:00,Karachi,24.8607,67.0011,openweathermap_historical,88.62012440196428,0.01,0.06147974160030721,43.8,0.39,50.2986192105659,75.44792881584885,0.5,4,24.23361236861522,76.4304434422077,11.247166697103552,239.0782645922566,1001,10000,Clouds,21,2,20,5,0,0,1,0.0,0.0,64.17230530251688,67.13388195660961,63.062250452194235,3.3333333333333335,43.97703344739614,3.0
2026-05-20T22:00:00+00:00,Karachi,24.8607,67.0011,openweathermap_historical,85.13259100177896,0.01,0.04844605958491338,43.8,0.39,54.742163391612195,82.11324508741829,0.5,3,35.92483328162048,70.86177163412916,8.204180474645232,256.99675943589784,1001,10000,Clouds,22,2,20,5,0,0,1,0.0,0.0,56.49591329921382,62.873377097246646,62.95421576154168,3.3333333333333335,47.087514374128546,3.0
2026-05-20T23:00:00+00:00,Karachi,24.8607,67.0011,openweathermap_historical,65.03503156606288,0.01,0.09302222776515358,43.8,0.39,75.63614101493012,113.45421152239518,0.5,4,28.97394641212609,57.894600723894115,8.731214148887858,217.89913771070124,1001,10000,Clouds,23,2,20,5,0,0,1,0.0,0.0,60.22564120570278,66.5742904216453,63.10602211249293,3.6666666666666665,61.713298710451085,4.0
2026-05-21T00:00:00+00:00,Karachi,24.8607,67.0011,openweathermap_historical,89.42151410799644,0.01,0.02219904650831318,43.8,0.39,59.49848937760126,89.24773406640189,0.5,3,19.400356485114543,64.69185810526174,8.163548012596827,253.13171396600836,1001,10000,Clouds,0,3,21,5,0,0,1,0.0,0.0,63.292264594714574,63.73228494861567,63.94168750691461,3.3333333333333335,50.41694256432089,3.0
2026-05-21T01:00:00+00:00,Karachi,24.8607,67.0011,openweathermap_historical,69.53527796130587,0.01,0.05390164811622737,43.8,0.39,50.38610626061374,75.57915939092061,0.5,3,26.75155356972006,59.95209244210806,8.759197787004549,240.120008061239,1001,10000,Clouds,1,3,21,5,0,0,1,0.0,0.0,61.84024555104842,59.168079425131076,63.812578385067475,3.3333333333333335,44.03827438242962,2.0
2026-05-21T02:00:00+00:00,Karachi,24.8607,67.0011,openweathermap_historical,59.25271371032193,0.01,0.050488190370334585,43.8,0.39,93.63596366153729,140.45394549230593,0.5,3,26.581566532865626,56.07139072275138,6.3218414115364405,216.92683320741412,1001,10000,Clouds,2,3,21,5,0,0,1,0.0,0.0,67.84018643325082,64.03291381947675,64.32533016290806,3.0,74.3131745630761,2.0
2026-05-21T03:00:00+00:00,Karachi,24.8607,67.0011,openweathermap_historical,86.35186275271158,0.01,0.057809414638326395,43.8,0.39,65.05314282390907,97.5797142358636,0.5,2,18.796501642737475,66.7664029377345,6.832771624042074,241.46453174060105,1001,10000,Clouds,3,3,21,5,0,0,1,0.0,0.0,69.69173758202008,66.49200108836727,64.72169298094049,2.6666666666666665,54.305199976736354,4.0
2026-05-21T04:00:00+00:00,Karachi,24.8607,67.0011,openweathermap_historical,62.35826052353984,0.01,0.015288431299856148,43.8,0.39,42.62849233255626,63.942738498834395,0.5,3,31.46593502893286,62.6281865853267,7.0045606485199725,261.2462058682989,1001,10000,Clouds,4,3,21,5,0,0,1,0.0,0.0,67.1058662726676,64.47305591185797,63.14400420030361,2.6666666666666665,38.60794463278938,3.0
2026-05-21T05:00:00+00:00,Karachi,24.8607,67.0011,openweathermap_historical,60.90805203931834,0.01,0.035191577150369024,43.8,0.39,57.382228640281085,86.07334296042163,0.5,3,27.2907353231006,58.13143980098288,11.551044606010246,236.12222358515237,1001,10000,Clouds,5,3,21,5,0,0,1,0.0,0.0,55.02128793224886,61.43073718274979,63.194359622431385,2.6666666666666665,48.93556004819676,3.0
2026-05-21T06:00:00+00:00,Karachi,24.8607,67.0011,openweathermap_historical,64.63349611706866,0.01,-0.010570989998156081,43.8,0.39,69.979715217944,104.969572826916,0.5,4,24.361328069491446,63.867459669952105,4.8298279755649585,269.6373536122394,1001,10000,Clouds,6,3,21,5,0,0,1,0.0,0.0,56.6634787302605,63.177608156140245,63.491777879804175,3.3333333333333335,57.75380065256081,4.0
2026-05-21T07:00:00+00:00,Karachi,24.8607,67.0011,openweathermap_historical,72.35380485886502,0.01,0.021799558736869874,43.8,0.39,93.9524393471934,140.92865902079012,0.5,5,26.447835138576398,57.24644640771258,8.814011219158623,225.65974570097106,1001,10000,Clouds,7,3,21,5,0,1,1,0.0,0.0,73.77146106847289,70.4386636705702,64.75236381524671,4.0,74.53470754303538,3.0
2026-05-21T08:00:00+00:00,Karachi,24.8607,67.0011,openweathermap_historical,86.33603586239967,0.01,0.05693314204645476,43.8,0.39,81.24619111097299,121.86928666645949,0.5,5,27.46675900593201,74.01676755722227,6.2553798318103055,242.21845780824592,1001,10000,Clouds,8,3,21,5,0,1,1,0.0,0.0,81.72611522537018,68.37370157880947,64.23983512862547,4.666666666666667,65.6403337776811,5.0
2026-05-21T09:00:00+00:00,Karachi,24.8607,67.0011,openweathermap_historical,73.87425235424318,0.01,0.05024939711810462,43.8,0.39,70.73323814712296,106.09985722068444,0.5,4,30.889860013222503,79.68971344989721,6.130600485295807,249.94370163482571,1001,10000,Clouds,9,3,21,5,0,1,1,0.0,0.0,81.9772895350965,69.32038413267846,63.47464815896071,4.666666666666667,58.28126670298607,3.0
2026-05-21T10:00:00+00:00,Karachi,24.8607,67.0011,openweathermap_historical,64.88558633582551,0.01,0.03723365202070485,43.8,0.39,33.61766940708513,50.4265041106277,0.5,3,24.932219260083233,66.1243611141465,9.274491802645175,261.92244223687135,1001,10000,Clouds,10,3,21,5,0,0,1,0.0,0.0,61.86569955506042,67.8185803117666,63.522478305857135,4.0,32.30036858495959,3.0
2026-05-21T11:00:00+00:00,Karachi,24.8607,67.0011,openweathermap_historical,63.249465886133216,0.01,0.03023736770803788,43.8,0.39,69.81900443289942,104.72850664934913,0.5,3,28.048008431349217,74.97220836066253,5.913053709844296,228.73912351332436,1001,10000,Clouds,11,3,21,5,0,0,1,0.0,0.0,58.05663732903589,69.89137627720298,63.566193086468566,3.3333333333333335,57.6413031030296,2.0
2026-05-21T12:00:00+00:00,Karachi,24.8607,67.0011,openweathermap_historical,66.33146943441979,0.01,0.047670171739965364,43.8,0.39,58.191600416175085,87.28740062426263,0.5,3,26.75020527670084,68.04961855455794,8.621629807920044,245.80505494227228,1001,10000,Clouds,12,3,21,5,0,0,1,0.0,0.0,53.87609141871993,67.92669047690816,64.83429088008666,3.0,49.50212029132256,3.0
2026-05-21T13:00:00+00:00,Karachi,24.8607,67.0011,openweathermap_historical,86.77290139864151,0.01,0.07115558406477417,43.8,0.39,45.64226633977174,68.4633995096576,0.5,3,20.323586374188586,89.91129121421508,2.8364209482434104,250.82241450322636,1001,10000,Clouds,13,3,21,5,0,0,1,0.0,0.0,57.884290396282125,59.87499497567122,65.21637757191853,3.0,40.71758643784022,2.0
2026-05-21T14:00:00+00:00,Karachi,24.8607,67.0011,openweathermap_historical,62.45876580053297,0.01,0.06512746513010176,43.8,0.39,22.33935545560191,33.50903318340286,0.5,3,30.90832923350288,64.63608487428738,7.661596481765252,220.16103385583725,1001,10000,Clouds,14,3,21,5,0,0,1,0.0,0.0,42.05774073718296,50.057189033109374,62.789971748581515,3.0,24.405548818921336,2.0
2026-05-21T15:00:00+00:00,Karachi,24.8607,67.0011,openweathermap_historical,99.2839515475396,0.01,0.031079878243056285,43.8,0.39,26.186108737514665,39.279163106271994,0.5,2,17.482653971996314,53.441437580157505,9.852582454358577,242.4924009241305,1001,10000,Clouds,15,3,21,5,0,0,1,0.0,0.0,31.389243510962825,42.632667464841326,61.394733660624176,2.6666666666666665,27.098276116260266,4.0
2026-05-21T16:00:00+00:00,Karachi,24.8607,67.0011,openweathermap_historical,70.34953612695956,0.01,0.028169389717277032,43.8,0.39,70.83340577682515,106.25010866523772,0.5,3,13.108499858030871,63.76048723684413,7.083639233915638,236.9208792033632,1001,10000,Clouds,16,3,21,5,0,0,1,0.0,0.0,39.786289989980624,48.83529019313133,61.00007587850063,2.6666666666666665,58.35138404377761,3.0
2026-05-21T17:00:00+00:00,Karachi,24.8607,67.0011,openweathermap_historical,75.43760950470615,0.01,0.06474597422323493,43.8,0.39,66.27593098794094,99.41389648191141,0.5,3,29.066057841876123,81.58238742288398,8.310698901888081,226.20227025296577,1001,10000,Clouds,17,3,21,5,0,1,1,0.0,0.0,54.43181516742697,48.24477795230492,61.53529545847574,2.6666666666666665,55.16115169155866,3.0
2026-05-21T18:00:00+00:00,Karachi,24.8607,67.0011,openweathermap_historical,70.87663474434578,0.01,0.027891391172804637,43.8,0.39,71.26647108661858,106.89970662992786,0.5,3,25.175885939177423,74.02051067716886,5.2647842777165526,222.03105956844723,1001,10000,Clouds,18,3,21,5,0,1,1,0.0,0.0,69.45860261712828,50.42392306404549,61.31512666142739,3.0,58.65452976063301,2.0
2026-05-21T19:00:00+00:00,Karachi,24.8607,67.0011,openweathermap_historical,85.65064557881179,0.01,0.07188433684883411,43.8,0.39,93.53199313877366,140.2979897081605,0.5,3,28.744674869729337,79.27189702627635,8.444016729772667,252.71285910875488,1001,10000,Clouds,19,3,21,5,0,1,1,0.0,0.0,77.02479840444444,58.405544197212485,61.97182056714624,3.0,74.24039519714157,3.0
2026-05-21T20:00:00+00:00,Karachi,24.8607,67.0011,openweathermap_historical,71.39463032153337,0.01,0.03415728252726932,43.8,0.39,66.49384109718004,99.74076164577005,0.5,2,28.3989438619552,75.42915613164377,2.788312164334286,197.0448268623009,1001,10000,Clouds,20,3,21,5,0,1,1,0.0,0.0,77.09743510752415,65.7646251374755,62.05710739221778,2.6666666666666665,55.313688768026026,3.0
2026-05-21T21:00:00+00:00,Karachi,24.8607,67.0011,openweathermap_historical,86.72821603065985,0.01,0.045339428155032314,43.8,0.39,75.81841937396666,113.72762906095,0.5,3,36.01490294761915,52.11633260996269,4.4215922076856735,232.1407272339643,1001,10000,Clouds,21,3,21,5,0,0,1,0.0,0.0,78.61475120330684,74.03667691021751,63.12043239902615,2.6666666666666665,61.84089356177667,2.0
2026-05-21T22:00:00+00:00,Karachi,24.8607,67.0011,openweathermap_historical,70.66491937488694,0.01,0.04898929751135839,43.8,0.39,43.416530534174974,65.12479580126247,0.5,3,24.10130135769959,69.06796909583888,10.24431803878916,208.6320465292212,1001,10000,Clouds,22,3,21,5,0,0,1,0.0,0.0,61.90959700177394,69.46719770310914,62.64853102996625,2.6666666666666665,39.15957137392248,3.0
2026-05-21T23:00:00+00:00,Karachi,24.8607,67.0011,openweathermap_historical,82.20161356122249,0.01,0.02204423127573781,43.8,0.39,72.09995347163178,108.14993020744767,0.5,4,31.34493742759007,60.53123006709685,6.398858739126898,208.4268374634852,1001,10000,Clouds,23,3,21,5,0,0,1,0.0,0.0,63.77830112659118,70.43786811705762,62.50118988232882,3.3333333333333335,59.23796743014225,3.0
2026-05-22T00:00:00+00:00,Karachi,24.8607,67.0011,openweathermap_historical,76.76154788994184,0.01,0.06973643315982174,43.8,0.39,95.3447802750446,143.01717041256688,0.5,3,19.484762446898966,52.6536703840596,7.753038454328766,198.76989841608764,1001,10000,Clouds,0,4,22,5,0,0,1,0.0,0.0,70.28708809361717,74.45091964846195,63.99478533638896,3.3333333333333335,75.50934619253123,4.0
2026-05-22T01:00:00+00:00,Karachi,24.8607,67.0011,openweathermap_historical,84.35847164190704,0.01,0.04750398766605237,43.8,0.39,67.37973728961242,101.06960593441863,0.5,2,23.824481312824243,59.82693384859868,3.0385488164070082,217.1261629147578,1001,10000,Clouds,1,4,22,5,0,0,1,0.0,0.0,78.27482367876298,70.09221034026841,64.70285329593058,3.0,55.9338161027287,3.0
2026-05-22T02:00:00+00:00,Karachi,24.8607,67.0011,openweathermap_historical,64.81905840864064,0.01,-0.0072041920672687235,43.8,0.39,64.86196633921159,97.29294950881739,0.5,2,27.896536061892167,48.107131262658385,4.309867244272976,213.3824763976067,1001,10000,Clouds,2,4,22,5,0,0,1,0.0,0.0,75.86216130128959,69.82023121394035,63.50393674083367,2.3333333333333335,54.17137643744812,4.0
2026-05-22T03:00:00+00:00,Karachi,24.8607,67.0011,openweathermap_historical,69.49471384784388,0.01,0.016938426233531482,43.8,0.39,68.14959797944118,102.22439696916177,0.5,4,23.74445816135736,60.468325621320645,6.136417456836966,250.190907610343,1001,10000,Clouds,3,4,22,5,0,0,1,0.0,0.0,66.79710053608845,68.54209431485276,63.632955705647504,2.6666666666666665,56.47271858560883,4.0
2026-05-22T04:00:00+00:00,Karachi,24.8607,67.0011,openweathermap_historical,75.42334384531583,0.01,0.030791454517040934,43.8,0.39,74.98973115718347,112.4845967357752,0.5,3,29.08810022516234,82.815025572388,5.269296182948471,243.58942767524147,1001,10000,Clouds,4,4,22,5,0,0,1,0.0,0.0,69.33376515861214,73.8042944186875,64.98134065667364,3.0,61.26081181002843,3.0
2026-05-22T05:00:00+00:00,Karachi,24.8607,67.0011,openweathermap_historical,79.69918300193723,0.01,0.01938954927647076,43.8,0.39,66.93152763714941,100.39729145572412,0.5,3,29.016067621038502,55.83970467031686,6.7906395811103115,258.3026315302486,1001,10000,Clouds,5,4,22,5,0,0,1,0.0,0.0,70.0236189245914,72.94289011294045,65.37922811487648,3.3333333333333335,55.62006934600459,2.0
2026-05-22T06:00:00+00:00,Karachi,24.8607,67.0011,openweathermap_historical,92.04792339364988,0.01,0.025399015347162632,43.8,0.39,52.03012989835474,78.0451948475321,0.5,4,39.59595884481061,72.22390599867407,5.708305113950154,241.12084373299055,1001,10000,Clouds,6,4,22,5,0,0,1,0.0,0.0,64.65046289756259,65.72378171682547,64.63132872656027,3.3333333333333335,45.189090928848316,4.0
2026-05-22T07:00:00+00:00,Karachi,24.8607,67.0011,openweathermap_historical,83.91383555236638,0.01,0.05320438465235905,43.8,0.39,73.07844247621402,109.61766371432103,0.5,3,25.52785079860523,63.64992868673521,6.9774208133593945,220.71567071399141,1001,10000,Clouds,7,4,22,5,0,1,1,0.0,0.0,64.01336667057278,66.6735659145924,63.761578856936126,3.3333333333333335,59.92290973334982,4.0
2026-05-22T08:00:00+00:00,Karachi,24.8607,67.0011,openweathermap_historical,74.1549218997283,0.01,0.012663290556601644,43.8,0.39,37.754270516816426,56.631405775224636,0.5,5,29.997364829383795,73.8042493201249,9.445912616760022,236.72600537037434,1001,10000,Clouds,8,4,22,5,0,1,1,0.0,0.0,54.28761429712845,62.15561661085988,61.949415498846264,4.0,35.195989361771495,4.0
2026-05-22T09:00:00+00:00,Karachi,24.8607,67.0011,openweathermap_historical,81.82101390747899,0.01,0.048514032588550526,43.8,0.39,76.92024344314056,115.38036516471084,0.5,3,31.380738682011618,71.83738160428419,7.983884144171586,271.7017344667572,1001,10000,Clouds,9,4,22,5,0,1,1,0.0,0.0,62.584318812057056,63.61739085480976,62.207207386180336,3.6666666666666665,62.612170410198395,2.0
2026-05-22T10:00:00+00:00,Karachi,24.8607,67.0011,openweathermap_historical,78.23555552318128,0.01,0.045385218522312344,43.8,0.39,52.923152095007,79.3847281425105,0.5,3,18.887073323349117,58.678658244703854,10.458145517753131,221.3365013693983,1001,10000,Clouds,10,4,22,5,0,0,1,0.0,0.0,55.86588868498805,59.93962767778036,63.011602498177076,3.6666666666666665,45.8142064665049,3.0
2026-05-22T11:00:00+00:00,Karachi,24.8607,67.0011,openweathermap_historical,84.79590563153556,0.01,0.04269791218701118,43.8,0.39,63.707484894658364,95.56122734198755,0.5,2,30.278184170933308,82.19386081278867,8.269970838771371,257.27242136111926,1001,10000,Clouds,11,4,22,5,0,0,1,0.0,0.0,64.5169601442687,59.40228722069852,62.756955850750366,2.6666666666666665,53.36323942626086,3.0
2026-05-22T12:00:00+00:00,Karachi,24.8607,67.0011,openweathermap_historical,53.780499584467194,0.01,0.0412735681850485,43.8,0.39,44.656911843750144,66.98536776562521,0.5,3,32.452945669546295,66.243318201187,6.645048927405515,233.70676321110514,1001,10000,Clouds,12,4,22,5,0,0,1,0.0,0.0,53.762516277805226,58.173417544931084,62.193010493566,2.6666666666666665,40.0278382906251,3.0
2026-05-22T13:00:00+00:00,Karachi,24.8607,67.0011,openweathermap_historical,68.3081133632655,0.01,0.03126751206859006,43.8,0.39,38.87310845438223,58.30966268157335,0.5,2,29.133605490496382,61.93674347188017,5.9409684913615415,234.15047795852007,1001,10000,Clouds,13,4,22,5,0,0,1,0.0,0.0,49.079168397596966,52.47252854129246,61.910962248341434,2.3333333333333335,35.97917591806757,3.0
2026-05-22T14:00:00+00:00,Karachi,24.8607,67.0011,openweathermap_historical,70.08075159578748,0.01,0.05282456916251608,43.8,0.39,75.94512376043927,113.9176856406589,0.5,2,28.629313062090716,57.45855832634587,7.028529058183702,247.77506277203378,1001,10000,Clouds,14,4,22,5,0,0,1,0.0,0.0,53.158381352857276,58.837670748562935,64.14453592770967,2.3333333333333335,61.92958663230749,2.0
2026-05-22T15:00:00+00:00,Karachi,24.8607,67.0011,openweathermap_historical,71.09939789907835,0.01,0.011330845777600615,43.8,0.39,53.54856954677349,80.32285432016025,0.5,4,27.02043372747355,53.14986426561591,7.14010213077492,243.24596186007335,1001,10000,Clouds,15,4,22,5,0,0,1,0.0,0.0,56.12226725386506,54.94239176583509,65.28463846142877,2.6666666666666665,46.251998682741444,4.0
2026-05-22T16:00:00+00:00,Karachi,24.8607,67.0011,openweathermap_historical,92.65364982938517,0.01,0.03954443533874596,43.8,0.39,55.86083116177814,83.7912467426672,0.5,3,28.538554900774237,51.88954322217921,5.851921063085592,243.99189296500535,1001,10000,Clouds,16,4,22,5,0,0,1,0.0,0.0,61.7848414896637,55.43200494363028,64.66078118580182,3.0,47.8705818132447,2.0
2026-05-22T17:00:00+00:00,Karachi,24.8607,67.0011,openweathermap_historical,98.05006747458283,0.01,0.029128337047868297,43.8,0.39,77.26168353588615,115.89252530382922,0.5,3,21.580675803926884,69.76625621510706,7.782162837434283,245.5157760165927,1001,10000,Clouds,17,4,22,5,0,1,1,0.0,0.0,62.22369474814599,57.69103805050157,65.11852087529954,3.3333333333333335,62.85117847512031,3.0
2026-05-22T18:00:00+00:00,Karachi,24.8607,67.0011,openweathermap_historical,74.26041810019096,0.01,0.06644369076766522,43.8,0.39,76.36913240842647,114.55369861263969,0.5,2,22.97035899622672,62.000716905444115,5.226661916961715,227.09503817090794,1001,10000,Clouds,18,4,22,5,0,1,1,0.0,0.0,69.83054903536365,62.97640814461429,65.3311317637082,2.6666666666666665,62.22639268589853,3.0
2026-05-22T19:00:00+00:00,Karachi,24.8607,67.0011,openweathermap_historical,79.52825308055263,0.01,0.017141420924790693,43.8,0.39,68.58182782304472,102.87274173456709,0.5,3,19.61998803145702,69.76944061692444,3.5259963157447736,223.89538093017663,1001,10000,Clouds,19,4,22,5,0,1,1,0.0,0.0,74.07088125578584,67.9278613727247,64.29154154221949,2.6666666666666665,56.7752794761313,3.0
2026-05-22T20:00:00+00:00,Karachi,24.8607,67.0011,openweathermap_historical,70.5467322556538,0.01,0.044221486156532736,43.8,0.39,51.795890814008665,77.693836221013,0.5,3,18.8116440276267,60.466359415637356,3.728247508751885,235.76639892554564,1001,10000,Clouds,20,4,22,5,0,1,1,0.0,0.0,65.58228368182667,63.90298921498627,63.679126947087354,2.6666666666666665,45.02512356980607,2.0
2026-05-22T21:00:00+00:00,Karachi,24.8607,67.0011,openweathermap_historical,75.03721590635386,0.01,0.02737211033864645,43.8,0.39,49.53059310520085,74.29588965780127,0.5,2,27.582994929624487,69.41252252742132,6.015199497526953,260.90681798783766,1001,10000,Clouds,21,4,22,5,0,0,1,0.0,0.0,56.6361039140848,63.23332647472416,62.58380085255545,2.6666666666666665,43.4394151736406,4.0
2026-05-22T22:00:00+00:00,Karachi,24.8607,67.0011,openweathermap_historical,81.83169976458613,0.01,0.040540344184349444,43.8,0.39,43.51231059690889,65.26846589536333,0.5,3,20.828146296365027,58.72759428587999,5.65701726470087,273.49725686287815,1001,10000,Clouds,22,4,22,5,0,0,1,0.0,0.0,48.27959817203953,61.175239713912624,62.5877916885027,2.6666666666666665,39.22661741783622,3.0
2026-05-22T23:00:00+00:00,Karachi,24.8607,67.0011,openweathermap_historical,92.88541036517475,0.01,0.021534761834574086,43.8,0.39,39.26470199435879,58.89705299153818,0.5,3,23.354190500692027,70.2998349696247,5.710859946219165,250.64227452768648,1001,10000,Clouds,23,4,22,5,0,0,1,0.0,0.0,44.102535232156235,54.8424094569914,61.21965621028298,2.6666666666666665,36.253291396051154,3.0
2026-05-23T00:00:00+00:00,Karachi,24.8607,67.0011,openweathermap_historical,61.03803122909444,0.01,0.04203457196352222,43.8,0.39,58.58790242300621,87.88185363450933,0.5,4,38.34056879705954,64.41909903756262,3.5662442030148562,238.49528558762296,1001,10000,Clouds,0,5,23,5,1,0,1,0.0,0.0,47.12163833809135,51.87887112608802,59.688119633114724,3.3333333333333335,49.77953169610436,3.0
2026-05-23T01:00:00+00:00,Karachi,24.8607,67.0011,openweathermap_historical,77.14889157137601,0.01,0.01931059415989565,43.8,0.39,36.02771800610438,54.04157700915657,0.5,3,20.865054248699785,63.94350938970982,6.978509379775008,217.18976484960064,1001,10000,Clouds,1,5,23,5,1,0,1,0.0,0.0,44.62677414115652,46.45318615659797,58.38178549630189,3.3333333333333335,33.987402604273065,3.0
2026-05-23T02:00:00+00:00,Karachi,24.8607,67.0011,openweathermap_historical,73.10938427753089,0.01,0.05934556351282491,43.8,0.39,65.7004714956556,98.5507072434834,0.5,4,21.789190224252298,50.99642942948275,9.021833016009847,258.533083693145,1001,10000,Clouds,2,5,23,5,1,0,1,0.0,0.0,53.438697308255456,48.770616270205785,58.416723211153716,3.6666666666666665,54.758330046958925,2.0
2026-05-23T03:00:00+00:00,Karachi,24.8607,67.0011,openweathermap_historical,85.66563470165205,0.01,0.038522128556048724,43.8,0.39,56.65553486268993,84.9833022940349,0.5,4,23.26970625056544,60.69228140342472,10.48324594801204,198.48208206552766,1001,10000,Clouds,3,5,23,5,1,0,1,0.0,0.0,52.79457478815002,49.958106563120644,57.937803914622414,3.6666666666666665,48.42687440388296,3.0
2026-05-23T04:00:00+00:00,Karachi,24.8607,67.0011,openweathermap_historical,77.40582728254972,0.01,0.04758105027095911,43.8,0.39,28.2122483512447,42.31837252686705,0.5,3,28.369297544299105,71.29672976377127,4.2805163410469795,226.88680636457553,1001,10000,Clouds,4,5,23,5,1,0,1,0.0,0.0,50.18941823653014,47.408096188843274,55.988742131041626,3.6666666666666665,28.516573845871292,2.0
2026-05-23T05:00:00+00:00,Karachi,24.8607,67.0011,openweathermap_historical,63.3905406802276,0.01,0.050742559894637565,43.8,0.39,69.9645954440239,104.94689316603585,0.5,2,26.962090020599646,57.66294795124591,4.330304022541021,251.55630047741727,1001,10000,Clouds,5,5,23,5,1,0,1,0.0,0.0,51.610792885986235,52.524745097120785,56.11511995632807,3.0,57.74321681081673,2.0
2026-05-23T06:00:00+00:00,Karachi,24.8607,67.0011,openweathermap_historical,78.26846265682154,0.01,0.04264729279080026,43.8,0.39,41.56862087334893,62.35293131002339,0.5,4,21.60199527232097,70.49915512446893,5.627046410208827,223.61598530197145,1001,10000,Clouds,6,5,23,5,1,0,1,0.0,0.0,46.5818215562059,49.68819817217791,55.67922374695283,3.0,37.86603461134425,4.0
2026-05-23T07:00:00+00:00,Karachi,24.8607,67.0011,openweathermap_historical,83.35315044505175,0.01,0.04429507813409586,43.8,0.39,79.10061034761169,118.65091552141755,0.5,4,23.759896704118916,65.63638315346144,6.9148172487119846,243.28759106285148,1001,10000,Clouds,7,5,23,5,1,1,1,0.0,0.0,63.54460888832822,56.86701356242912,55.930147408261064,3.3333333333333335,64.1384272433282,4.0
2026-05-23T08:00:00+00:00,Karachi,24.8607,67.0011,openweathermap_historical,79.65535559896581,0.01,0.02792181605329662,43.8,0.39,71.91916422992526,107.87874634488789,0.5,4,26.14893345138926,64.52731494229738,8.079162953932082,240.33844377790757,1001,10000,Clouds,8,5,23,5,1,1,1,0.0,0.0,64.19613181696201,57.90346235147407,57.35368464630727,4.0,59.111414960947684,4.0
2026-05-23T09:00:00+00:00,Karachi,24.8607,67.0011,openweathermap_historical,63.187914686984364,0.01,0.013117885831229966,43.8,0.39,79.8492471949043,119.77387079235643,0.5,2,20.55198957169213,58.24379619401753,9.123967646364266,262.3030582428939,1001,10000,Clouds,9,5,23,5,1,1,1,0.0,0.0,76.95634059081381,61.76908107350979,57.47572646929742,3.3333333333333335,64.66247303643301,3.0
2026-05-23T10:00:00+00:00,Karachi,24.8607,67.0011,openweathermap_historical,70.61218680869686,0.01,0.033368015707858655,43.8,0.39,58.720594853562396,88.08089228034359,0.5,3,22.23151658668482,80.97092969455103,7.620695668290158,230.08223993099318,1001,10000,Clouds,10,5,23,5,1,0,1,0.0,0.0,70.16300209279737,66.85380549056275,57.71728658423723,3.0,49.87241639749368,3.0
2026-05-23T11:00:00+00:00,Karachi,24.8607,67.0011,openweathermap_historical,90.34075179636193,0.01,0.029759758972283883,43.8,0.39,42.075821974750546,63.11373296212582,0.5,3,27.44952722975124,69.90566500360548,6.063783200836031,266.885227476602,1001,10000,Clouds,11,5,23,5,1,0,1,0.0,0.0,60.215221341072464,62.20567657901719,56.81596729590774,2.6666666666666665,38.22107538232538,3.0
2026-05-23T12:00:00+00:00,Karachi,24.8607,67.0011,openweathermap_historical,69.95314082447968,0.01,0.06335645644150208,43.8,0.39,92.67121022969687,139.00681534454532,0.5,3,18.207257962804512,38.80497359488528,8.781845820353308,199.27732693201438,1001,10000,Clouds,12,5,23,5,1,0,1,0.0,0.0,64.48920901933666,70.72277480507518,58.81656306198885,3.0,73.63784716078781,3.0
2026-05-23T13:00:00+00:00,Karachi,24.8607,67.0011,openweathermap_historical,94.52493778545593,0.01,0.05085872730979921,43.8,0.39,55.04079540873293,82.56119311309939,0.5,3,21.050543935910614,78.03804830299073,5.460293036379961,193.84075740296046,1001,10000,Clouds,13,5,23,5,1,0,1,0.0,0.0,63.2626092043935,66.71280564859539,59.4902166850868,3.0,47.29655678611306,3.0
2026-05-23T14:00:00+00:00,Karachi,24.8607,67.0011,openweathermap_historical,76.20851130902497,0.01,-0.003702631610524164,43.8,0.39,50.729469276961986,76.09420391544298,0.5,2,12.07241833432036,85.21801958842019,2.5571424245704915,240.37500487897972,1001,10000,Clouds,14,5,23,5,1,0,1,0.0,0.0,66.14715830513065,63.1811898231015,58.439564414941906,2.6666666666666665,44.27862849387339,3.0
2026-05-23T15:00:00+00:00,Karachi,24.8607,67.0011,openweathermap_historical,88.96011153070633,0.01,0.022515880448905283,43.8,0.39,37.458998997988374,56.18849849698256,0.5,4,20.44807512621204,86.90980211018257,5.88919592924981,232.3474147504347,1001,10000,Clouds,15,5,23,5,1,0,1,0.0,0.0,47.74308789456115,56.11614845694885,57.769165642075855,3.0,34.98929929859187,4.0
2026-05-23T16:00:00+00:00,Karachi,24.8607,67.0011,openweathermap_historical,86.72705239308,0.01,0.045632393783003516,43.8,0.39,43.03868541286941,64.55802811930411,0.5,2,30.877446021812645,51.39773627905225,7.837279997427444,224.0284611782584,1001,10000,Clouds,16,5,23,5,1,0,1,0.0,0.0,43.742384562606645,53.502496883500015,57.23490956920466,2.6666666666666665,38.895079789008584,4.0
2026-05-23T17:00:00+00:00,Karachi,24.8607,67.0011,openweathermap_historical,70.78273431224748,0.01,0.04318830059371777,43.8,0.39,61.50856569156868,92.26284853735302,0.5,3,25.080636433934952,50.65102321079273,5.67343687262081,236.6150991586828,1001,10000,Clouds,17,5,23,5,1,1,1,0.0,0.0,47.33541670080887,56.741287502969705,56.578529659024774,3.0,51.823995984098076,4.0
2026-05-23T18:00:00+00:00,Karachi,24.8607,67.0011,openweathermap_historical,69.13702817496845,0.01,0.016115102177308997,43.8,0.39,84.09179979793218,126.13769969689827,0.5,3,25.582395637103765,69.94055754264744,7.569981718795886,254.353107859859,1001,10000,Clouds,18,5,23,5,1,1,1,0.0,0.0,62.879683634123474,55.311385764342255,56.90030746692084,2.6666666666666665,67.63225985855253,3.0
2026-05-23T19:00:00+00:00,Karachi,24.8607,67.0011,openweathermap_historical,63.7465239109013,0.01,0.02890951742799138,43.8,0.39,69.51324035370803,104.26986053056204,0.5,3,20.333446860177926,60.87825946827286,6.0359572760743365,239.9884542083176,1001,10000,Clouds,19,5,23,5,1,1,1,0.0,0.0,71.70453528106968,57.723459921838106,56.939116322365145,3.0,57.42726824759562,3.0
2026-05-23T20:00:00+00:00,Karachi,24.8607,67.0011,openweathermap_historical,86.693492143608,0.01,0.043612723045586776,43.8,0.39,70.39056073467594,105.58584110201392,0.5,2,32.0923614282592,78.27270000078427,3.977641419084397,225.84657333685166,1001,10000,Clouds,20,5,23,5,1,1,1,0.0,0.0,74.66520029543877,61.000308498123765,57.713894235726286,2.6666666666666665,58.04139251427317,3.0
2026-05-23T21:00:00+00:00,Karachi,24.8607,67.0011,openweathermap_historical,66.94931621351762,0.01,0.007536588886390014,43.8,0.39,74.57397911310933,111.860968669664,0.5,4,21.01408453748808,71.19805053852608,4.7428210420240084,221.98619964014244,1001,10000,Clouds,21,5,23,5,1,0,1,0.0,0.0,71.49259340049782,67.1861385173106,58.75736865272247,3.0,60.96978537917654,2.0
2026-05-23T22:00:00+00:00,Karachi,24.8607,67.0011,openweathermap_historical,91.48510245329794,0.01,0.05083410726546365,43.8,0.39,67.69899391957038,101.54849087935557,0.5,3,29.02697347509524,60.36356984735329,5.778524161051351,255.90137772188265,1001,10000,Clouds,22,5,23,5,1,0,1,0.0,0.0,70.88784458911861,71.29618993509409,59.765147124500025,3.0,56.15729574369927,2.0
2026-05-23T23:00:00+00:00,Karachi,24.8607,67.0011,openweathermap_historical,81.02267431801837,0.01,0.03182087394329626,43.8,0.39,47.145184827619666,70.7177772414295,0.5,3,29.653215150987684,67.91413788078644,5.3523745934025735,225.92331505848006,1001,10000,Clouds,23,5,23,5,1,0,1,0.0,0.0,63.139385953433184,68.90229312443593,60.093500575885905,3.3333333333333335,41.769629379333765,3.0
2026-05-24T00:00:00+00:00,Karachi,24.8607,67.0011,openweathermap_historical,99.91150161462186,0.01,0.040664013365757826,43.8,0.39,65.69152624428624,98.53728936642935,0.5,3,23.122637023436727,58.47141270969169,6.875013855731886,245.2622755959908,1001,10000,Clouds,0,6,24,5,1,0,1,0.0,0.0,60.17856833049215,65.83558086549493,60.38948490177256,3.0,54.75206837100037,3.0
2026-05-24T01:00:00+00:00,Karachi,24.8607,67.0011,openweathermap_historical,92.74264865543657,0.01,0.030816567729571347,43.8,0.39,55.04853795449864,82.57280693174796,0.5,3,23.8076703012945,55.52527509351205,8.815227516666518,241.15419056405608,1001,10000,Clouds,1,6,24,5,1,0,1,0.0,0.0,55.96174967546824,63.42479713229337,61.182019066288994,3.0,47.30197656814906,2.0
2026-05-24T02:00:00+00:00,Karachi,24.8607,67.0011,openweathermap_historical,76.27211718428966,0.01,0.03285404195791059,43.8,0.39,82.25914011550084,123.38871017325127,0.5,2,23.633119974807467,55.695641947360485,10.478693322051692,258.3857197550367,1001,10000,Clouds,2,6,24,5,1,0,1,0.0,0.0,67.6664014380953,65.40289369576419,61.87196359211588,2.6666666666666665,66.34939808085059,3.0
2026-05-24T03:00:00+00:00,Karachi,24.8607,67.0011,openweathermap_historical,75.00634487632105,0.01,0.029056504321146433,43.8,0.39,65.9235423921868,98.88531358828021,0.5,3,20.24585331389889,63.23891582109941,7.873612389348293,246.14299174826178,1001,10000,Clouds,3,6,24,5,1,0,1,0.0,0.0,67.74374015406215,63.9611542422771,62.25813057251158,2.6666666666666665,54.91447967453077,3.0
2026-05-24T04:00:00+00:00,Karachi,24.8607,67.0011,openweathermap_historical,66.9497989188672,0.01,0.0010019962792213594,43.8,0.39,70.5790862743402,105.8686294115103,0.5,2,38.1114581739546,76.293558776747,10.424438141622637,203.10142611683875,1001,10000,Clouds,4,6,24,5,1,0,1,0.0,0.0,72.92058959400934,64.44116963473873,64.0234154859739,2.3333333333333335,58.17336039203815,2.0
2026-05-24T05:00:00+00:00,Karachi,24.8607,67.0011,openweathermap_historical,64.95265239388354,0.01,0.06109519749847518,43.8,0.39,65.60532244634564,98.40798366951846,0.5,2,28.291100154347113,78.0730716350311,5.433695192347587,208.85472803463938,1001,10000,Clouds,5,6,24,5,1,0,1,0.0,0.0,67.36931703762427,67.51785923785972,63.84177911107063,2.3333333333333335,54.69172571244195,3.0
2026-05-24T06:00:00+00:00,Karachi,24.8607,67.0011,openweathermap_historical,72.14661827131403,0.01,0.049606272173723875,43.8,0.39,51.230036641945716,76.84505496291857,0.5,4,24.430364071444785,65.66524062974825,9.292933694888085,228.12104852863715,1001,10000,Clouds,6,6,24,5,1,0,1,0.0,0.0,62.471481787543915,65.10761097080298,64.24433810142882,2.6666666666666665,44.629025649362006,5.0
2026-05-24T07:00:00+00:00,Karachi,24.8607,67.0011,openweathermap_historical,67.83610038301084,0.01,0.017586463334060203,43.8,0.39,94.23850876510747,141.35776314766122,0.5,4,28.366252167245154,70.26917397685334,4.436044924508443,233.56934707779945,1001,10000,Clouds,7,6,24,5,1,1,1,0.0,0.0,70.35795595113301,71.63927277257112,64.87508386882449,3.3333333333333335,74.73495613557523,4.0
2026-05-24T08:00:00+00:00,Karachi,24.8607,67.0011,openweathermap_historical,92.84199291899424,0.01,0.04597378224860212,43.8,0.39,53.218063001349094,79.82709450202364,0.5,4,22.296345037526255,65.01938605140514,11.179621324894232,204.1224362186323,1001,10000,Clouds,8,6,24,5,1,1,1,0.0,0.0,66.22886946946748,66.79909325354582,64.09587131763381,4.0,46.02064410094437,5.0
2026-05-24T09:00:00+00:00,Karachi,24.8607,67.0011,openweathermap_historical,71.05901639007291,0.01,0.025706047020639243,43.8,0.39,95.5220146158603,143.28302192379044,0.5,3,30.37977705733458,72.98865479226885,4.626440926120076,235.50549381908147,1001,10000,Clouds,9,6,24,5,1,1,1,0.0,0.0,80.99286212743901,71.7321719574914,64.74890329350698,3.6666666666666665,75.6334102311022,3.0
2026-05-24T10:00:00+00:00,Karachi,24.8607,67.0011,openweathermap_historical,85.41088684547799,0.01,0.034493129967543903,43.8,0.39,51.194328948325335,76.791493422488,0.5,3,12.758785004815126,67.09889759739694,4.467826071648966,240.37632425161598,1001,10000,Clouds,10,6,24,5,1,0,1,0.0,0.0,66.64480218851163,68.50137906982226,64.43530888078878,3.3333333333333335,44.60403026382774,4.0
2026-05-24T11:00:00+00:00,Karachi,24.8607,67.0011,openweathermap_historical,77.04127728113865,0.01,0.02245577280082225,43.8,0.39,37.92426684828096,56.88640027242144,0.5,3,19.234148980775085,67.13849824478248,12.324941066136635,215.77519007802016,1001,10000,Clouds,11,6,24,5,1,0,1,0.0,0.0,61.54687013748892,63.88786980347815,64.26232741718587,3.0,35.31498679379667,2.0
2026-05-24T12:00:00+00:00,Karachi,24.8607,67.0011,openweathermap_historical,74.02376883901005,0.01,0.01393738214093421,43.8,0.39,54.02132311801148,81.03198467701722,0.5,3,30.36365256961387,62.8354887733135,8.850175839022697,230.49186343353898,1001,10000,Clouds,12,6,24,5,1,0,1,0.0,0.0,47.713306304872646,64.35308421615578,62.651915454198985,3.0,46.582926182608034,3.0
2026-05-24T13:00:00+00:00,Karachi,24.8607,67.0011,openweathermap_historical,82.46450366656951,0.01,0.02377482554964128,43.8,0.39,58.03038556421203,87.04557834631805,0.5,3,28.27681337202708,75.17684329260523,9.136816874792409,242.46138210687846,1001,10000,Clouds,13,6,24,5,1,0,1,0.0,0.0,49.991991843501545,58.318397016006536,62.77648171067728,3.0,49.38926989494843,3.0
2026-05-24T14:00:00+00:00,Karachi,24.8607,67.0011,openweathermap_historical,89.88255605166825,0.01,0.03898354643765286,43.8,0.39,65.25235880006387,97.87853820009582,0.5,3,20.2767649814791,68.90215664051954,6.9192821463032885,242.4925145454645,1001,10000,Clouds,14,6,24,5,1,0,1,0.0,0.0,59.10135582742919,60.324112982459006,63.38160210747319,3.0,54.444651160044714,3.0
2026-05-24T15:00:00+00:00,Karachi,24.8607,67.0011,openweathermap_historical,83.31275489238593,0.01,0.06000519257476836,43.8,0.39,77.00487853009109,115.50731779513663,0.5,4,26.9532597853443,62.29050099951608,7.6020237204268435,247.59664259562194,1001,10000,Clouds,15,6,24,5,1,0,1,0.0,0.0,66.76254096478907,57.23792363483079,65.02934708797748,3.3333333333333335,62.67141497106377,2.0
2026-05-24T16:00:00+00:00,Karachi,24.8607,67.0011,openweathermap_historical,78.98468894932921,0.01,0.017314919475960217,43.8,0.39,53.92300139470271,80.88450209205406,0.5,4,21.134092080442034,85.0755559308098,6.685831278789093,234.74837615588103,1001,10000,Clouds,16,6,24,5,1,0,1,0.0,0.0,65.39341290828594,57.692702375893695,65.4828602538872,3.6666666666666665,46.5141009762919,3.0
2026-05-24T17:00:00+00:00,Karachi,24.8607,67.0011,openweathermap_historical,72.62021032761038,0.01,0.05275512072331208,43.8,0.39,76.41057274770904,114.61585912156356,0.5,4,25.844163646770912,85.91377269925616,1.6014328655877161,218.79899275393274,1001,10000,Clouds,17,6,24,5,1,1,1,0.0,0.0,69.112817557501,64.10708669246503,66.10377721455971,4.0,62.25540092339634,3.0
2026-05-24T18:00:00+00:00,Karachi,24.8607,67.0011,openweathermap_historical,96.21497561863094,0.01,0.050974838802054,43.8,0.39,79.71941732807187,119.5791259921078,0.5,3,28.219504143922357,56.18680297729598,5.983764077716527,248.61364724817085,1001,10000,Clouds,18,6,24,5,1,1,1,0.0,0.0,70.0176638234946,68.39010239414176,65.92159461164886,3.6666666666666665,64.57159212965031,3.0
2026-05-24T19:00:00+00:00,Karachi,24.8607,67.0011,openweathermap_historical,68.3241953304718,0.01,0.02565591397606801,43.8,0.39,81.85026591823419,122.77539887735128,0.5,3,25.249322171455646,81.66321420274573,5.514094718076467,245.30514400228455,1001,10000,Clouds,19,6,24,5,1,1,1,0.0,0.0,79.3267519980051,72.36008245314547,66.43563734350413,3.3333333333333335,66.06318614276394,3.0
2026-05-24T20:00:00+00:00,Karachi,24.8607,67.0011,openweathermap_historical,84.22315390108432,0.01,0.04441125992702,43.8,0.39,66.59466783232142,99.89200174848213,0.5,3,25.440465382308037,62.90650464177755,6.249521153366628,258.13904409920815,1001,10000,Clouds,20,6,24,5,1,1,1,0.0,0.0,76.05478369287589,72.58380062518837,66.27747513923934,3.0,55.384267482625,2.0
2026-05-24T21:00:00+00:00,Karachi,24.8607,67.0011,openweathermap_historical,87.4158674727196,0.01,0.06393726779920283,43.8,0.39,65.91616071596522,98.87424107394783,0.5,2,28.604852003000012,73.43512643137159,7.417948688705649,209.05659183783385,1001,10000,Clouds,21,6,24,5,1,0,1,0.0,0.0,71.45369815550698,70.73568098950075,65.916732706025,2.6666666666666665,54.90931250117566,3.0
2026-05-24T22:00:00+00:00,Karachi,24.8607,67.0011,openweathermap_historical,67.88362040269905,0.01,0.05584171222508323,43.8,0.39,59.02067729192656,88.53101593788983,0.5,2,24.038140909965698,78.29310389593718,2.5060926184800483,274.6723867902071,1001,10000,Clouds,22,6,24,5,1,0,1,0.0,0.0,63.84383528007112,71.58529363903806,65.55513617987319,2.3333333333333335,50.08247410434859,3.0
2026-05-24T23:00:00+00:00,Karachi,24.8607,67.0011,openweathermap_historical,67.45443515833983,0.01,0.04660312175024619,43.8,0.39,57.487134603562616,86.23070190534392,0.5,3,25.088898116255464,57.60580399280689,4.75277663993908,240.97008826170233,1001,10000,Clouds,23,6,24,5,1,0,1,0.0,0.0,60.80799087048485,68.43138728168032,65.9860507538708,2.3333333333333335,49.00899422249383,3.0
2026-05-25T00:00:00+00:00,Karachi,24.8607,67.0011,openweathermap_historical,82.77395910214051,0.01,0.06502845080929105,43.8,0.39,44.62211799568355,66.93317699352534,0.5,3,26.500203221925116,62.080796502764464,7.878738714704821,208.83147110994412,1001,10000,Clouds,0,0,25,5,0,0,1,0.0,0.0,53.70997663039097,62.58183739294893,65.10815874351236,2.6666666666666665,40.003482596978486,3.0
2026-05-25T01:00:00+00:00,Karachi,24.8607,67.0011,openweathermap_historical,73.6534553694905,0.01,0.03638230321327394,43.8,0.39,55.61622261171446,83.42433391757169,0.5,2,19.712292934884392,62.60405718787266,8.699679612050007,211.19275647560912,1001,10000,Clouds,1,0,25,5,0,0,1,0.0,0.0,52.5751584036536,58.20949684186231,65.13181227089636,2.6666666666666665,47.699355828200126,3.0
2026-05-25T02:00:00+00:00,Karachi,24.8607,67.0011,openweathermap_historical,73.11930691729543,0.01,0.03689044518283009,43.8,0.39,61.14299659286888,91.71449488930332,0.5,3,21.795424786663897,66.99211693300279,9.667805647735314,253.93105304954034,1001,10000,Clouds,2,0,25,5,0,0,1,0.0,0.0,53.79377906675569,57.30088496862022,64.25197295745335,2.6666666666666665,51.56809761500823,2.0
2026-05-25T03:00:00+00:00,Karachi,24.8607,67.0011,openweathermap_historical,69.16955088001134,0.01,0.01128828418765531,43.8,0.39,46.65933157867346,69.98899736801019,0.5,3,29.15057600232335,50.8041750892147,5.920933989246335,287.40494936565005,1001,10000,Clouds,3,0,25,5,0,0,1,0.0,0.0,54.47285026108566,54.091413445738254,63.4492975068903,2.6666666666666665,41.429532105071424,3.0
2026-05-25T04:00:00+00:00,Karachi,24.8607,67.0011,openweathermap_historical,66.80719805362375,0.01,0.016984624850841512,43.8,0.39,54.83525881395076,82.25288822092614,0.5,2,20.03380713932388,65.83437847812657,4.058876287193217,209.4255550919272,1001,10000,Clouds,4,0,25,5,0,0,1,0.0,0.0,54.212528995164426,53.393843699408954,62.793304696040735,2.6666666666666665,47.15268116976553,2.0
2026-05-25T05:00:00+00:00,Karachi,24.8607,67.0011,openweathermap_historical,91.84825816089422,0.01,0.0493185580552381,43.8,0.39,65.91987146468225,98.87980719702337,0.5,3,20.284030217628263,58.57007561045902,5.739561497173515,245.09358318928622,1001,10000,Clouds,5,0,25,5,0,0,1,0.0,0.0,55.80482061910221,54.799299842928896,62.8064109051381,2.6666666666666665,54.91191002527758,3.0
2026-05-25T06:00:00+00:00,Karachi,24.8607,67.0011,openweathermap_historical,66.92856282415705,0.01,0.05248707232980863,43.8,0.39,70.98227588414068,106.47341382621102,0.5,5,28.601001116457372,58.403131649638766,9.402794820749133,235.49921451660052,1001,10000,Clouds,6,0,25,5,0,0,1,0.0,0.0,63.912468720924615,59.19265949100509,63.629420873562886,3.3333333333333335,58.45559311889848,5.0
2026-05-25T07:00:00+00:00,Karachi,24.8607,67.0011,openweathermap_historical,101.42100001258267,0.01,0.055690566116531004,43.8,0.39,70.53874896297117,105.80812344445675,0.5,4,28.991151906966405,69.35361051181187,6.571251667102076,201.7742337066311,1001,10000,Clouds,7,0,25,5,0,1,1,0.0,0.0,69.14696543726475,61.67974721621454,62.64193088180721,4.0,58.14512427407982,4.0
2026-05-25T08:00:00+00:00,Karachi,24.8607,67.0011,openweathermap_historical,78.9699519542872,0.01,0.04580042491865997,43.8,0.39,62.68014248993076,94.02021373489615,0.5,5,29.79625100766087,68.64477654858834,6.400265022034568,259.32318498907944,1001,10000,Clouds,8,0,25,5,0,1,1,0.0,0.0,68.06705577901425,61.93593819905818,63.036184193831446,4.666666666666667,52.64409974295154,4.0
2026-05-25T09:00:00+00:00,Karachi,24.8607,67.0011,openweathermap_historical,85.68830575966109,0.01,0.01936112488189606,43.8,0.39,68.71289156009581,103.06933734014372,0.5,3,26.360872403696945,56.59455016847676,5.539782649138607,212.25677043423434,1001,10000,Clouds,9,0,25,5,0,1,1,0.0,0.0,67.31059433766598,65.61153152929523,61.919137399841254,4.0,56.86702409206707,4.0
2026-05-25T10:00:00+00:00,Karachi,24.8607,67.0011,openweathermap_historical,69.78348783185012,0.01,0.07564969594590704,43.8,0.39,54.72992937888703,82.09489406833055,0.5,4,16.657090171776876,45.12089067597013,7.14407035038637,204.45721259563805,1001,10000,Clouds,10,0,25,5,0,0,1,0.0,0.0,62.040987809637926,65.59397662345128,62.06645408444799,4.0,47.07895056522092,3.0
2026-05-25T11:00:00+00:00,Karachi,24.8607,67.0011,openweathermap_historical,76.1846597513354,0.01,0.03244064034819116,43.8,0.39,47.62962119170474,71.44443178755711,0.5,2,21.33419070243706,62.08400368227323,1.7754499220903561,225.78116898621198,1001,10000,Clouds,11,0,25,5,0,0,1,0.0,0.0,57.02414737689592,62.54560157795503,62.47084384875732,3.0,42.10873483419332,3.0
2026-05-25T12:00:00+00:00,Karachi,24.8607,67.0011,openweathermap_historical,91.15571912384135,0.01,0.0402652809805467,43.8,0.39,50.72649688931273,76.08974533396909,0.5,3,19.156229500569452,64.67595966085227,9.58990105448368,229.3183825505054,1001,10000,Clouds,12,0,25,5,0,0,1,0.0,0.0,51.02868248663489,59.169638412150384,62.333559422561535,3.0,44.276547822518914,3.0
2026-05-25T13:00:00+00:00,Karachi,24.8607,67.0011,openweathermap_historical,77.4663788893724,0.01,0.03236877309375644,43.8,0.39,74.46382534267057,111.69573801400585,0.5,3,37.56276994178755,49.30403052068526,9.785396886345676,232.00048917099127,1001,10000,Clouds,13,0,25,5,0,0,1,0.0,0.0,57.606647807896074,59.823817808766954,63.0182860799973,2.6666666666666665,60.892677739869406,3.0
2026-05-25T14:00:00+00:00,Karachi,24.8607,67.0011,openweathermap_historical,79.00140154016968,0.01,0.02819888048012273,43.8,0.39,33.88355490856354,50.82533236284531,0.5,3,24.64379590305488,65.4157303998409,8.291475038217213,228.53023193006703,1001,10000,Clouds,14,0,25,5,0,0,1,0.0,0.0,53.02462571351566,55.024386545205736,61.71125258451813,3.0,32.48648843599448,4.0
2026-05-25T15:00:00+00:00,Karachi,24.8607,67.0011,openweathermap_historical,65.95255188941377,0.01,0.040903606163877164,43.8,0.39,62.51710692062727,93.7756603809409,0.5,2,32.70446053204961,66.40021107224815,7.2808923453087235,230.8957456137316,1001,10000,Clouds,15,0,25,5,0,0,1,0.0,0.0,56.95482905728718,53.99175577196098,61.1075954341238,2.6666666666666665,52.529974844439096,3.0
2026-05-25T16:00:00+00:00,Karachi,24.8607,67.0011,openweathermap_historical,77.16480453130481,0.01,0.04977816572863883,43.8,0.39,61.44458267923132,92.16687401884698,0.5,3,24.340606299929703,72.87334567091389,8.923702533224448,223.86793860171744,1001,10000,Clouds,16,0,25,5,0,0,1,0.0,0.0,52.615081502807435,55.11086465535169,61.420994654312494,2.6666666666666665,51.77920787546192,3.0
2026-05-25T17:00:00+00:00,Karachi,24.8607,67.0011,openweathermap_historical,77.27216715925387,0.01,0.06616163380442293,43.8,0.39,70.80670147597863,106.21005221396794,0.5,3,14.214548228975401,62.2285901839311,9.47212956201289,214.56215405709756,1001,10000,Clouds,17,0,25,5,0,1,1,0.0,0.0,64.92279702527912,58.973711369397336,61.187500017990395,2.6666666666666665,58.33269103318504,4.0
2026-05-25T18:00:00+00:00,Karachi,24.8607,67.0011,openweathermap_historical,81.36759103675234,0.01,0.030599457486438563,43.8,0.39,64.92274359940382,97.38411539910572,0.5,3,25.61722858872129,69.87180185865965,8.914732456628643,245.87190836631055,1001,10000,Clouds,18,0,25,5,0,1,1,0.0,0.0,65.72467591820464,61.33975248774586,60.57097194596256,3.0,54.21392051958267,2.0
2026-05-25T19:00:00+00:00,Karachi,24.8607,67.0011,openweathermap_historical,62.30936392339589,0.01,0.04511502156426651,43.8,0.39,65.6247333668012,98.43710005020179,0.5,3,32.411295331268185,70.69680646796287,1.8682909925922884,255.90231245701762,1001,10000,Clouds,19,0,25,5,0,1,1,0.0,0.0,67.11805948072794,59.86657049176762,59.89490808965285,3.0,54.70531335676084,3.0
2026-05-25T20:00:00+00:00,Karachi,24.8607,67.0011,openweathermap_historical,87.92658423692008,0.01,0.06673780705397296,43.8,0.39,77.44385333843394,116.16578000765091,0.5,2,27.45830323053428,43.066805617144475,7.888024912342649,247.94050122641463,1001,10000,Clouds,20,0,25,5,0,1,1,0.0,0.0,69.33044343487971,67.12662023007937,60.346957485740866,2.6666666666666665,62.978697336903764,2.0
2026-05-25T21:00:00+00:00,Karachi,24.8607,67.0011,openweathermap_historical,85.26730662008549,0.01,0.03639666582964633,43.8,0.39,60.17829070108199,90.26743605162298,0.5,3,30.950379736374902,65.59613462568576,8.921048610109816,253.5444739720071,1001,10000,Clouds,21,0,25,5,0,0,1,0.0,0.0,67.74895913543911,66.73681752682181,60.107879568454074,2.6666666666666665,50.892803490757395,3.0
2026-05-25T22:00:00+00:00,Karachi,24.8607,67.0011,openweathermap_historical,63.113195538502545,0.01,0.04910898094596556,43.8,0.39,76.25286969840724,114.37930454761086,0.5,3,24.31102313508397,53.92721586982596,6.45145649311445,222.10370934569258,1001,10000,Clouds,22,0,25,5,0,0,1,0.0,0.0,71.29167124597446,69.20486536335113,60.82588758539077,2.6666666666666665,62.14500878888507,4.0
2026-05-25T23:00:00+00:00,Karachi,24.8607,67.0011,openweathermap_historical,53.31529898339964,0.01,0.023258810168793085,43.8,0.39,45.35871604044343,68.03807406066515,0.5,3,25.550071793725042,75.22024856808596,9.446658419511532,244.59712867277997,1001,10000,Clouds,23,0,25,5,0,0,1,0.0,0.0,60.596625479977604,64.96353445742861,60.32053681192747,3.0,40.519101228310404,3.0
2026-05-26T00:00:00+00:00,Karachi,24.8607,67.0011,openweathermap_historical,94.6959731805284,0.01,0.07315152427334687,43.8,0.39,63.846592587577014,95.76988888136552,0.5,3,18.726816638388744,71.3258608514288,8.040201971283045,203.2945133069741,1001,10000,Clouds,0,1,26,5,0,0,1,0.0,0.0,61.819392775475954,64.78417595545746,61.12155658658969,3.0,53.46061481130391,3.0
2026-05-26T01:00:00+00:00,Karachi,24.8607,67.0011,openweathermap_historical,90.34797565424198,0.01,0.05082675651996788,43.8,0.39,73.64785974975297,110.47178962462945,0.5,3,23.562385958702837,48.06617539018418,6.802610299509459,221.69037637568536,1001,10000,Clouds,1,1,26,5,0,0,1,0.0,0.0,60.95105612592453,66.12136368594943,61.87287480067463,3.0,60.32150182482708,3.0
2026-05-26T02:00:00+00:00,Karachi,24.8607,67.0011,openweathermap_historical,59.192533405451044,0.01,0.046395584631001414,43.8,0.39,36.18624185984692,54.27936278977039,0.5,2,21.16943628691361,69.94730368902049,3.411253608103013,207.18402048234594,1001,10000,Clouds,2,1,26,5,0,0,1,0.0,0.0,57.893564732392356,59.24509510618493,60.83301002013206,2.6666666666666665,34.09836930189285,3.0
2026-05-26T03:00:00+00:00,Karachi,24.8607,67.0011,openweathermap_historical,72.31415463532726,0.01,0.014177021684002884,43.8,0.39,50.64995946308251,75.97493919462377,0.5,3,22.59681116539258,47.210037305164775,5.936562531814314,215.2412998938293,1001,10000,Clouds,3,1,26,5,0,0,1,0.0,0.0,53.494687024227524,57.65703989985169,60.99928618198243,2.6666666666666665,44.22297162415776,3.0
2026-05-26T04:00:00+00:00,Karachi,24.8607,67.0011,openweathermap_historical,67.71973274970378,0.01,0.040757167038947176,43.8,0.39,42.7773628951915,64.16604434278725,0.5,2,32.236901000333596,57.812953655149016,8.924631950360544,232.56150287588747,1001,10000,Clouds,4,1,26,5,0,0,1,0.0,0.0,43.204521406040364,52.07778876598238,60.49687385203413,2.3333333333333335,38.712154026634046,2.0
2026-05-26T05:00:00+00:00,Karachi,24.8607,67.0011,openweathermap_historical,87.65615258123225,0.01,0.037199896135147494,43.8,0.39,58.63827979073599,87.95741968610399,0.5,3,19.137246923783778,73.36195437451066,8.338381357409677,266.16824003786473,1001,10000,Clouds,5,1,26,5,0,0,1,0.0,0.0,50.68853404967006,54.29104939103115,60.19347419895303,2.6666666666666665,49.81479585351519,2.0
2026-05-26T06:00:00+00:00,Karachi,24.8607,67.0011,openweathermap_historical,72.79800424256938,0.01,0.02833031495703077,43.8,0.39,35.31164081411562,52.96746122117343,0.5,5,27.3600700762506,59.448179898346794,4.103530662148485,191.10745982392933,1001,10000,Clouds,6,1,26,5,0,0,1,0.0,0.0,45.5757611666811,49.535224095454254,58.70719773770199,3.3333333333333335,33.48614856988094,3.0
2026-05-26T07:00:00+00:00,Karachi,24.8607,67.0011,openweathermap_historical,65.52094476055244,0.01,0.03436651229163111,43.8,0.39,58.4759820500363,87.71397307505445,0.5,4,18.57634136628123,50.08499817799475,8.214425461886096,233.92719894454515,1001,10000,Clouds,7,1,26,5,0,1,1,0.0,0.0,50.80863421829603,47.00657781216814,58.204582449663036,4.0,49.70118743502542,4.0
2026-05-26T08:00:00+00:00,Karachi,24.8607,67.0011,openweathermap_historical,86.44423417505368,0.01,0.047034556975332244,43.8,0.39,56.69170037737713,85.0375505660657,0.5,4,24.125703284794145,58.44891005982384,7.98607882045631,232.3336281328264,1001,10000,Clouds,8,1,26,5,0,1,1,0.0,0.0,50.15977441384308,50.42415423175651,57.95506402830663,4.333333333333333,48.452190264163995,5.0
2026-05-26T09:00:00+00:00,Karachi,24.8607,67.0011,openweathermap_historical,85.51722772829187,0.01,0.031714491809990086,43.8,0.39,91.2869347738442,136.93040216076628,0.5,4,31.780265399220163,48.79623430214603,2.9404743708432264,225.50477655104243,1001,10000,Clouds,9,1,26,5,0,1,1,0.0,0.0,68.8182057337526,57.196983450216784,58.89564916221281,4.0,72.66885434169095,3.0
2026-05-26T10:00:00+00:00,Karachi,24.8607,67.0011,openweathermap_historical,72.99831984447643,0.01,0.06894531947234847,43.8,0.39,58.25302781220949,87.37954171831423,0.5,3,22.282081717644484,58.77493976193015,4.192502064711283,239.57212238633196,1001,10000,Clouds,10,1,26,5,0,0,1,0.0,0.0,68.74388765447699,59.77626093638645,59.04244493026792,3.6666666666666665,49.545119468546645,3.0
2026-05-26T11:00:00+00:00,Karachi,24.8607,67.0011,openweathermap_historical,88.49944750377543,0.01,0.05666439072926975,43.8,0.39,70.65656106434349,105.98484159651524,0.5,3,24.37601624088876,38.866482473498195,6.124000851944635,235.82965170338784,1001,10000,Clouds,11,1,26,5,0,0,1,0.0,0.0,73.39884121679911,61.77930781532104,60.00190075829453,3.3333333333333335,58.227592745040454,2.0
2026-05-26T12:00:00+00:00,Karachi,24.8607,67.0011,openweathermap_historical,70.0609963876983,0.01,0.06604004812055461,43.8,0.39,47.61812958397984,71.42719437596975,0.5,3,25.299513207364253,71.91035042324556,7.5631860330834195,207.26191151236995,1001,10000,Clouds,12,1,26,5,0,0,1,0.0,0.0,58.84257282017766,63.83038927696507,59.87238545390567,3.0,42.10069070878589,2.0
2026-05-26T13:00:00+00:00,Karachi,24.8607,67.0011,openweathermap_historical,82.74454695242767,0.01,0.006245892260358356,43.8,0.39,35.65870547100704,53.48805820651056,0.5,3,23.022890264195794,87.83270609260592,8.049526474242802,226.5656821292982,1001,10000,Clouds,13,1,26,5,0,0,1,0.0,0.0,51.31113203977685,60.02750984712686,58.255505459253015,3.0,33.72909382970493,4.0
2026-05-26T14:00:00+00:00,Karachi,24.8607,67.0011,openweathermap_historical,86.87226693684809,0.01,0.003149087395506789,43.8,0.39,54.192318014114804,81.28847702117221,0.5,4,24.845000722254465,60.02039582633639,6.524516363719228,249.71275615417738,1001,10000,Clouds,14,1,26,5,0,0,1,0.0,0.0,45.82305102303395,59.61094611991647,59.101703921984324,3.3333333333333335,46.702622609880365,3.0
2026-05-26T15:00:00+00:00,Karachi,24.8607,67.0011,openweathermap_historical,64.77981772922922,0.01,0.039123657014909774,43.8,0.39,63.80444066204967,95.70666099307451,0.5,3,25.786241241306456,56.17883112455222,5.233456807142982,232.64087745158534,1001,10000,Clouds,15,1,26,5,0,0,1,0.0,0.0,51.218488049057235,55.03053043461739,59.155342827876915,3.3333333333333335,53.43110846343477,2.0
2026-05-26T16:00:00+00:00,Karachi,24.8607,67.0011,openweathermap_historical,75.98934708096719,0.01,0.04634685155154062,43.8,0.39,52.51236274544101,78.76854411816151,0.5,3,33.53789302568733,62.566161527633284,5.3017129659319755,205.4357729519453,1001,10000,Clouds,16,1,26,5,0,0,1,0.0,0.0,56.83637380720188,54.073752923489316,58.783166997302324,3.3333333333333335,45.52665392180871,3.0
2026-05-26T17:00:00+00:00,Karachi,24.8607,67.0011,openweathermap_historical,75.26370921329588,0.01,0.07188621066129774,43.8,0.39,64.18928667082454,96.28393000623682,0.5,4,21.31370081700138,52.6111728011823,6.160034655984313,260.8983002429305,1001,10000,Clouds,17,1,26,5,0,1,1,0.0,0.0,60.168696692771796,52.995873857902815,58.50744138042091,3.3333333333333335,53.70050066957718,3.0
2026-05-26T18:00:00+00:00,Karachi,24.8607,67.0011,openweathermap_historical,77.2718346445441,0.01,0.04113764727007981,43.8,0.39,82.18387257448106,123.27580886172159,0.5,2,28.761893176395496,56.49894351818453,6.603480419543662,242.0671455686762,1001,10000,Clouds,18,1,26,5,0,1,1,0.0,0.0,66.2951739969156,58.756831022986354,59.226655087715784,3.0,66.29671080213674,3.0
2026-05-26T19:00:00+00:00,Karachi,24.8607,67.0011,openweathermap_historical,79.70156630788377,0.01,0.04821204954044379,43.8,0.39,82.14967670480193,123.2245150572029,0.5,3,24.11742999828469,57.57976639784483,7.488158336942803,240.64408885511278,1001,10000,Clouds,19,1,26,5,0,1,1,0.0,0.0,76.1742786500359,66.50532622861884,59.91519439346582,3.0,66.27277369336136,3.0
2026-05-26T20:00:00+00:00,Karachi,24.8607,67.0011,openweathermap_historical,68.76513213459596,0.01,0.03614562246419469,43.8,0.39,89.82186107828414,134.73279161742622,0.5,2,19.723236506648547,62.27132740898489,10.434410957035547,243.0088478418006,1001,10000,Clouds,20,1,26,5,0,1,1,0.0,0.0,84.71847011918909,72.44358340598039,60.43094471595958,2.3333333333333335,71.64330275479891,3.0
2026-05-26T21:00:00+00:00,Karachi,24.8607,67.0011,openweathermap_historical,64.45904326197581,0.01,0.03489206761976557,43.8,0.39,44.38278347821336,66.57417521732005,0.5,3,23.238910950804105,77.64050697613902,7.728019021100037,246.80592784298142,1001,10000,Clouds,21,1,26,5,0,0,1,0.0,0.0,72.11810708709987,69.20664054200768,59.772798581673385,2.6666666666666665,39.835948434749355,3.0
2026-05-26T22:00:00+00:00,Karachi,24.8607,67.0011,openweathermap_historical,63.031834873606556,0.01,0.019803438213588053,43.8,0.39,42.3235510558598,63.4853265837897,0.5,4,21.84087392167022,59.282172154532105,5.5811340842799355,245.66188421840837,1001,10000,Clouds,22,1,26,5,0,0,1,0.0,0.0,58.842731870785826,67.50850526041081,58.35907697156724,3.0,38.39448573910186,3.0
2026-05-26T23:00:00+00:00,Karachi,24.8607,67.0011,openweathermap_historical,76.36584566567093,0.01,0.010257546605262777,43.8,0.39,66.11775810880633,99.17663716320949,0.5,3,19.285799857535217,61.57091428945262,7.102281492636554,245.9645514325662,1001,10000,Clouds,23,1,26,5,0,0,1,0.0,0.0,50.94136421429322,67.82991716674111,59.22403705774903,3.3333333333333335,55.05043067616444,2.0
2026-05-27T00:00:00+00:00,Karachi,24.8607,67.0011,openweathermap_historical,80.42120873066332,0.01,0.010732054202119846,43.8,0.39,36.62488124597259,54.93732186895888,0.5,3,23.79949137093412,80.70723195269592,1.4983278750663729,209.06736427987056,1001,10000,Clouds,0,2,27,5,0,0,1,0.0,0.0,48.355396803546306,60.23675194532302,58.08979908518217,3.3333333333333335,34.405416872180815,2.0
2026-05-27T01:00:00+00:00,Karachi,24.8607,67.0011,openweathermap_historical,77.50503477594113,0.01,0.019586158916504517,43.8,0.39,62.48959099272554,93.73438648908831,0.5,3,27.89038878241533,50.928463662005754,8.727095521553352,222.54918695102464,1001,10000,Clouds,1,2,27,5,0,0,1,0.0,0.0,55.07741011583488,56.960070993310296,57.624871220306034,3.0,52.51071369490788,3.0
2026-05-27T02:00:00+00:00,Karachi,24.8607,67.0011,openweathermap_historical,84.97142270804339,0.01,0.07608688324408303,43.8,0.39,49.67831612472814,74.5174741870922,0.5,3,20.074587762310603,60.949545597640885,7.721498796890593,222.611703958451,1001,10000,Clouds,2,2,27,5,0,0,1,0.0,0.0,49.597596121142146,50.26948016771763,58.187040981342754,3.0,43.5428212873097,3.0
2026-05-27T03:00:00+00:00,Karachi,24.8607,67.0011,openweathermap_historical,96.33662889826348,0.01,0.055385442305064335,43.8,0.39,93.375084749932,140.062627124898,0.5,3,31.355833786256134,82.58517980800679,4.578814155921016,211.26694846081182,1001,10000,Clouds,3,2,27,5,0,0,1,0.0,0.0,68.51433062246196,58.43486371300407,59.967254534961484,3.0,74.1305593249524,3.0
2026-05-27T04:00:00+00:00,Karachi,24.8607,67.0011,openweathermap_historical,82.0069649738904,0.01,0.016415910376054225,43.8,0.39,77.63560850721673,116.4534127608251,0.5,2,26.512052600484452,59.23252122350365,9.41063827669087,200.04920546513597,1001,10000,Clouds,4,2,27,5,0,0,1,0.0,0.0,73.56300312729235,64.32020662156356,61.41968143546253,2.6666666666666665,63.11292595505172,2.0
2026-05-27T05:00:00+00:00,Karachi,24.8607,67.0011,openweathermap_historical,71.19734198229757,0.01,0.04305830416683964,43.8,0.39,55.69541747896071,83.54312621844106,0.5,2,32.351161360398784,57.06195903504269,3.3423961611572772,257.6171417041731,1001,10000,Clouds,5,2,27,5,0,0,1,0.0,0.0,75.5687035787032,62.58314984992262,61.2970621724719,2.3333333333333335,47.754792235272504,3.0
2026-05-27T06:00:00+00:00,Karachi,24.8607,67.0011,openweathermap_historical,69.70012584006979,0.01,0.06344494424286899,43.8,0.39,57.141237811421725,85.71185671713259,0.5,3,16.39601121356161,61.983048795035266,4.114051672938182,231.61867665977428,1001,10000,Clouds,6,2,27,5,0,0,1,0.0,0.0,63.49075459919978,66.00254261083082,62.20662871402632,2.3333333333333335,48.766866467995214,4.0
2026-05-27T07:00:00+00:00,Karachi,24.8607,67.0011,openweathermap_historical,84.64974490115893,0.01,0.02867068175034755,43.8,0.39,78.98508373293288,118.47762559939932,0.5,4,15.355346227371596,56.65215497273756,6.121680675559248,255.37289020129023,1001,10000,Clouds,7,2,27,5,0,1,1,0.0,0.0,63.94057967443849,68.75179140086537,63.06117461748033,3.0,64.05755861305302,3.0
2026-05-27T08:00:00+00:00,Karachi,24.8607,67.0011,openweathermap_historical,64.89584624519047,0.01,0.022807129273234382,43.8,0.39,73.10723294290284,109.66084941435426,0.5,5,26.703811360138754,77.35850299447361,9.07296952620993,233.42945143465937,1001,10000,Clouds,8,2,27,5,0,1,1,0.0,0.0,69.7445181624192,72.65661087056115,63.74515514104392,4.0,59.94306306003199,4.0
2026-05-27T09:00:00+00:00,Karachi,24.8607,67.0011,openweathermap_historical,89.94689559268835,0.01,0.07308958309771485,43.8,0.39,84.48866114456789,126.73299171685183,0.5,3,27.657199572542964,54.919603853877305,6.6443155940903,237.87721363712322,1001,10000,Clouds,9,2,27,5,0,1,1,0.0,0.0,78.86032594013459,71.17554026966712,63.46189373982406,4.0,67.91006280119753,3.0
2026-05-27T10:00:00+00:00,Karachi,24.8607,67.0011,openweathermap_historical,70.83393446410155,0.01,0.026463591836418353,43.8,0.39,65.25065182283616,97.87597773425423,0.5,3,27.598167313264923,65.85935996948972,7.761436848972751,212.8184417075659,1001,10000,Clouds,10,2,27,5,0,0,1,0.0,0.0,74.28218197010234,69.11138082227036,63.75346140693352,3.6666666666666665,54.44345627598531,2.0
2026-05-27T11:00:00+00:00,Karachi,24.8607,67.0011,openweathermap_historical,89.49845890121786,0.01,0.024694310030143336,43.8,0.39,59.33328963263447,88.9999344489517,0.5,2,31.172471562143674,83.22439566341635,7.754953421808487,209.20570543040685,1001,10000,Clouds,11,2,27,5,0,0,1,0.0,0.0,69.69086753334624,69.71769284788265,63.2816584306123,2.6666666666666665,50.30130274284413,3.0
2026-05-27T12:00:00+00:00,Karachi,24.8607,67.0011,openweathermap_historical,67.78059088545729,0.01,0.05309126133780364,43.8,0.39,59.72894573228194,89.59341859842291,0.5,2,26.419229116050253,71.21489797925302,6.762470004285832,251.11144533040678,1001,10000,Clouds,12,2,27,5,0,0,1,0.0,0.0,61.43762906258425,70.14897750135935,63.78627577012489,2.3333333333333335,50.578262012597364,3.0
2026-05-27T13:00:00+00:00,Karachi,24.8607,67.0011,openweathermap_historical,64.1849648671234,0.01,0.01604654881134295,43.8,0.39,56.143264875171916,84.21489731275787,0.5,4,18.427339777089742,59.27520891085308,12.862348404891419,210.76694382020213,1001,10000,Clouds,13,2,27,5,0,0,1,0.0,0.0,58.40183341336283,66.34200769173255,64.63979907863175,2.6666666666666665,48.06828541262034,2.0
2026-05-27T14:00:00+00:00,Karachi,24.8607,67.0011,openweathermap_historical,74.93092995710526,0.01,0.0709739596312258,43.8,0.39,61.88842966700552,92.83264450050828,0.5,3,23.97531909567615,53.31701922734125,10.75265505235618,265.72006484419325,1001,10000,Clouds,14,2,27,5,0,0,1,0.0,0.0,59.253546758153185,64.47220714574965,64.96047039750219,3.0,52.08990076690387,4.0
2026-05-27T15:00:00+00:00,Karachi,24.8607,67.0011,openweathermap_historical,79.07810839875776,0.01,0.0481765005815754,43.8,0.39,64.00555214738635,96.00832822107952,0.5,2,20.63303846221175,63.38750345574381,3.7377674020845197,268.3763493542017,1001,10000,Clouds,15,2,27,5,0,0,1,0.0,0.0,60.67908222985466,61.05835564621939,64.96885004272457,3.0,53.57188650317045,2.0
2026-05-27T16:00:00+00:00,Karachi,24.8607,67.0011,openweathermap_historical,88.22163560480229,0.01,0.051448403974626904,43.8,0.39,72.94171357371692,109.41257036057539,0.5,3,15.060702121224166,74.85164766060649,4.800392953472269,277.7893914192625,1001,10000,Clouds,16,2,27,5,0,0,1,0.0,0.0,66.27856512936965,62.34019927136618,65.82007299390273,2.6666666666666665,59.827199501601854,3.0
2026-05-27T17:00:00+00:00,Karachi,24.8607,67.0011,openweathermap_historical,85.81137894131652,0.01,0.013219651814167586,43.8,0.39,92.74704512400473,139.1205676860071,0.5,3,27.69217010418016,56.92220574782661,7.123367805803909,275.36126939467067,1001,10000,Clouds,17,2,27,5,0,1,1,0.0,0.0,76.56477028170274,67.9091585199279,67.00997959611857,2.6666666666666665,73.69093158680332,2.0
2026-05-27T18:00:00+00:00,Karachi,24.8607,67.0011,openweathermap_historical,62.77501851460906,0.01,0.04342083293464994,43.8,0.39,52.517496997444155,78.77624549616624,0.5,3,17.53293004093237,63.421106210255395,5.252297671773226,218.36810912231786,1001,10000,Clouds,18,2,27,5,0,1,1,0.0,0.0,72.73541856505533,66.70725039745493,65.77388061374204,3.0,45.53024789821091,4.0
2026-05-27T19:00:00+00:00,Karachi,24.8607,67.0011,openweathermap_historical,89.67875989285638,0.01,0.038279153850187334,43.8,0.39,66.36701638880001,99.55052458320002,0.5,3,24.407715012592707,69.50081463507296,5.902721495766919,257.0087515132536,1001,10000,Clouds,19,2,27,5,0,1,1,0.0,0.0,70.54385283674969,68.41120898305961,65.11626976724195,3.0,55.22491147216002,3.0
2026-05-27T20:00:00+00:00,Karachi,24.8607,67.0011,openweathermap_historical,73.22256318956845,0.01,0.009336625970745593,43.8,0.39,87.53898870569172,131.30848305853758,0.5,3,24.96404030637095,46.9221972031388,5.239487422403246,220.10041271761781,1001,10000,Clouds,20,2,27,5,0,1,1,0.0,0.0,68.80783403064535,72.686302156174,65.02115008505059,3.0,70.0452920939842,2.0
2026-05-27T21:00:00+00:00,Karachi,24.8607,67.0011,openweathermap_historical,82.9838895494029,0.01,0.05997619017436221,43.8,0.39,48.63514900320946,72.9527235048142,0.5,3,32.274548050953555,69.2864319390964,3.4929179896921534,269.71067244120593,1001,10000,Clouds,21,2,27,5,0,0,1,0.0,0.0,67.51371803256711,70.12456829881117,65.19833198192545,3.0,42.812604302246626,4.0
2026-05-27T22:00:00+00:00,Karachi,24.8607,67.0011,openweathermap_historical,71.41917716227374,0.01,0.03840979025054399,43.8,0.39,54.12339533428223,81.18509300142334,0.5,3,34.25349874517685,74.66400924707173,5.81475782902021,219.21078430763563,1001,10000,Clouds,22,2,27,5,0,0,1,0.0,0.0,63.43251101439453,66.98818192557205,65.68999216019304,3.0,46.654376733997566,2.0
2026-05-27T23:00:00+00:00,Karachi,24.8607,67.0011,openweathermap_historical,79.11860809676897,0.01,0.0750354304904989,43.8,0.39,68.18604266085573,102.2790639912836,0.5,2,27.86081449886339,49.313123339357546,6.424627526099338,238.8097398833166,1001,10000,Clouds,23,2,27,5,0,0,1,0.0,0.0,56.9815289994492,62.89468151504722,65.7761706831951,2.6666666666666665,56.49822986259902,2.0
2026-05-28T00:00:00+00:00,Karachi,24.8607,67.0011,openweathermap_historical,71.92845720402688,0.01,0.09170017853702386,43.8,0.39,52.41534760400829,78.62302140601244,0.5,2,21.993386408371034,67.34213255867914,5.797524359008493,225.04847160818008,1001,10000,Clouds,0,3,28,5,0,0,1,0.0,0.0,58.241595199715476,62.877656616141245,66.43410678144659,2.3333333333333335,45.4587433228058,3.0
2026-05-28T01:00:00+00:00,Karachi,24.8607,67.0011,openweathermap_historical,69.35783064282214,0.01,0.0223632598194822,43.8,0.39,84.54410308822088,126.81615463233132,0.5,3,18.259896660601967,50.02161995687867,6.41715837044392,227.39234952188895,1001,10000,Clouds,1,3,28,5,0,0,1,0.0,0.0,68.38183111769503,65.90717106604471,67.35304478542555,2.3333333333333335,67.94887216175462,4.0
2026-05-28T02:00:00+00:00,Karachi,24.8607,67.0011,openweathermap_historical,67.63931380392347,0.01,0.039177496418671,43.8,0.39,46.7026331228977,70.05394968434655,0.5,3,29.962487176160117,71.34133254989382,10.35539974022017,267.41871487078623,1001,10000,Clouds,2,3,28,5,0,0,1,0.0,0.0,61.220694605042354,59.101111802245725,67.22905799368262,2.6666666666666665,41.459843186028394,2.0
2026-05-28T03:00:00+00:00,Karachi,24.8607,67.0011,openweathermap_historical,78.20442292378549,0.01,0.001719269412463434,43.8,0.39,41.52375571579863,62.28563357369794,0.5,3,24.151164271569645,74.23672193444561,9.034780107843082,224.56511879419816,1001,10000,Clouds,3,3,28,5,0,0,1,0.0,0.0,57.590163975639136,57.91587958767724,65.06858595059373,3.0,37.83462900105904,3.0
2026-05-28T04:00:00+00:00,Karachi,24.8607,67.0011,openweathermap_historical,77.7618791902202,0.01,0.036617335775187915,43.8,0.39,78.2543999515087,117.38159992726305,0.5,2,29.66394933340846,60.41892299540398,7.819255730556228,252.4302082356811,1001,10000,Clouds,4,3,28,5,0,0,1,0.0,0.0,55.49359626340174,61.93771369054832,65.09436892743923,2.6666666666666665,63.5460799660561,4.0
2026-05-28T05:00:00+00:00,Karachi,24.8607,67.0011,openweathermap_historical,90.43543417574794,0.01,0.056150802324564916,43.8,0.39,72.20810420258412,108.31215630387618,0.5,3,16.4556896489265,67.16691823285765,9.160044904618559,231.73783080345268,1001,10000,Clouds,5,3,28,5,0,0,1,0.0,0.0,63.99541995663054,62.60805728083639,65.78239754092354,2.6666666666666665,59.31367294180889,3.0
2026-05-28T06:00:00+00:00,Karachi,24.8607,67.0011,openweathermap_historical,90.02155081656008,0.01,0.03069460753342003,43.8,0.39,71.46063422586624,107.19095133879937,0.5,4,24.155687622334277,71.8630176810612,5.108723119708274,232.72396957995053,1001,10000,Clouds,6,3,28,5,0,0,1,0.0,0.0,73.97437945998642,65.78227171781272,66.37903905819205,3.0,58.79044395810638,4.0
2026-05-28T07:00:00+00:00,Karachi,24.8607,67.0011,openweathermap_historical,86.38150056309027,0.01,0.07644324535864006,43.8,0.39,78.12986782561602,117.19480173842402,0.5,3,25.67770558352025,62.40031323012679,9.619029198019014,238.3237147080684,1001,10000,Clouds,7,3,28,5,0,1,1,0.0,0.0,73.93286875135551,64.71323250737858,66.34340506205386,3.3333333333333335,63.45890747793121,4.0
2026-05-28T08:00:00+00:00,Karachi,24.8607,67.0011,openweathermap_historical,77.5885216259144,0.01,0.033539333787859636,43.8,0.39,91.09754489927937,136.64631734891907,0.5,4,28.549652204381587,44.460324894626226,6.981833237307113,232.9432542317648,1001,10000,Clouds,8,3,28,5,0,1,1,0.0,0.0,80.22934898358727,72.11238447010885,67.09300139356955,3.6666666666666665,72.53628142949556,5.0
2026-05-28T09:00:00+00:00,Karachi,24.8607,67.0011,openweathermap_historical,79.48581554489537,0.01,0.01578820483737098,43.8,0.39,57.65160070008092,86.47740105012139,0.5,3,20.73957283598623,70.8067589831313,4.856806076179531,229.85073903714363,1001,10000,Clouds,9,3,28,5,0,1,1,0.0,0.0,75.6263378083255,74.8003586341559,65.97479054171593,3.3333333333333335,49.12412049005665,4.0
2026-05-28T10:00:00+00:00,Karachi,24.8607,67.0011,openweathermap_historical,62.579232710639324,0.01,0.031182496454948104,43.8,0.39,58.359673865532024,87.53951079829804,0.5,2,28.75523567528164,75.3835613521241,3.870809889145182,224.90748710038292,1001,10000,Clouds,10,3,28,5,0,0,1,0.0,0.0,69.03627315496416,71.48457095315977,65.68766646016158,3.0,49.619771705872424,3.0
2026-05-28T11:00:00+00:00,Karachi,24.8607,67.0011,openweathermap_historical,79.9767574168706,0.01,0.011080572800498761,43.8,0.39,71.7263494382407,107.58952415736105,0.5,3,22.400110017821685,49.44338035045723,6.818047662446643,199.20264149581678,1001,10000,Clouds,11,3,28,5,0,0,1,0.0,0.0,62.579208001284606,71.40427849243588,66.20404395206184,2.6666666666666665,58.976444606768496,2.0
2026-05-28T12:00:00+00:00,Karachi,24.8607,67.0011,openweathermap_historical,64.62854485191531,0.01,0.03392517323297648,43.8,0.39,51.45730069780094,77.1859510467014,0.5,3,30.906928490008745,81.27427369449725,4.786140200025924,231.09374118178104,1001,10000,Clouds,12,3,28,5,0,0,1,0.0,0.0,60.514441333857945,68.07038957109167,65.85939207562514,2.6666666666666665,44.78811048846066,3.0
2026-05-28T13:00:00+00:00,Karachi,24.8607,67.0011,openweathermap_historical,86.19139417558655,0.01,-0.006638837278166838,43.8,0.39,55.406640687069256,83.10996103060388,0.5,2,30.399570085232938,46.830514546063576,4.996026963074815,238.12084831307143,1001,10000,Clouds,13,3,28,5,0,0,1,0.0,0.0,59.53009694103702,64.28318504800053,65.82869940112086,2.6666666666666665,47.55264848094848,3.0
2026-05-28T14:00:00+00:00,Karachi,24.8607,67.0011,openweathermap_historical,84.73915616369106,0.01,0.0281704537507941,43.8,0.39,62.685228153770645,94.02784223065596,0.5,4,29.242823710379263,39.353374747617806,8.529869983814008,269.62134249601246,1001,10000,Clouds,14,3,28,5,0,0,1,0.0,0.0,56.51638984621368,59.54779892374909,65.8618993380694,3.0,52.64765970763945,3.0
2026-05-28T15:00:00+00:00,Karachi,24.8607,67.0011,openweathermap_historical,78.47393080126535,0.01,0.025249317706672967,43.8,0.39,46.79070820068269,70.18606230102404,0.5,2,21.038002834712582,64.99310472521866,6.102574754087898,220.95523688574383,1001,10000,Clouds,15,3,28,5,0,0,1,0.0,0.0,54.96085901384092,57.737650173849374,65.14461417362342,2.6666666666666665,41.52149574047788,3.0
2026-05-28T16:00:00+00:00,Karachi,24.8607,67.0011,openweathermap_historical,67.28022170316581,0.01,0.08111265562267218,43.8,0.39,31.372392274140797,47.0585884112112,0.5,3,15.629891345221784,55.335904555795786,8.480098888507758,236.18787621457219,1001,10000,Clouds,16,3,28,5,0,0,1,0.0,0.0,46.9494428761981,53.23976990861751,63.412559119474416,3.0,30.72867459189856,4.0
2026-05-28T17:00:00+00:00,Karachi,24.8607,67.0011,openweathermap_historical,85.38447056098346,0.01,0.01669928250933709,43.8,0.39,57.962385562138735,86.9435783432081,0.5,2,29.169101427489135,67.28701940071082,8.839591786018303,302.1697096019986,1001,10000,Clouds,17,3,28,5,0,1,1,0.0,0.0,45.3751620123208,50.94577592926718,61.96319830439666,2.3333333333333335,49.34166989349711,3.0
2026-05-28T18:00:00+00:00,Karachi,24.8607,67.0011,openweathermap_historical,74.62898608634896,0.01,0.06986573759635363,43.8,0.39,79.04138697802891,118.56208046704336,0.5,4,26.50428262190775,64.42997678199778,7.38377472806769,229.64434349891474,1001,10000,Clouds,18,3,28,5,0,1,1,0.0,0.0,56.1253882714362,55.543123642638506,63.06836038692103,3.0,64.09697088462025,2.0
2026-05-28T19:00:00+00:00,Karachi,24.8607,67.0011,openweathermap_historical,77.98267080238539,0.01,0.024353422578453243,43.8,0.39,70.96954967569985,106.45432451354978,0.5,3,29.911778970575654,83.85861040003496,3.947329904830568,244.30716348230865,1001,10000,Clouds,19,3,28,5,0,1,1,0.0,0.0,69.32444073862256,58.136941807410274,63.260132607208526,3.0,58.4466847729899,3.0
2026-05-28T20:00:00+00:00,Karachi,24.8607,67.0011,openweathermap_historical,79.42795995804772,0.01,0.08006978317892004,43.8,0.39,65.63134003326192,98.44701004989288,0.5,2,25.06969301008645,64.43258849366347,3.462265616108115,244.678280397569,1001,10000,Clouds,20,3,28,5,0,1,1,0.0,0.0,71.88075889566362,58.62796045399215,62.34731391252395,3.0,54.70993802328335,3.0
2026-05-28T21:00:00+00:00,Karachi,24.8607,67.0011,openweathermap_historical,55.70969120019404,0.01,0.05510471061716261,43.8,0.39,79.53070381212846,119.29605571819269,0.5,4,22.076966173491297,49.576029588106906,9.42294474136994,199.82128431662534,1001,10000,Clouds,21,3,28,5,0,0,1,0.0,0.0,72.04386450703014,64.08462638923312,63.6346286962289,3.0,64.43949266848993,3.0
2026-05-28T22:00:00+00:00,Karachi,24.8607,67.0011,openweathermap_historical,66.45960155934574,0.01,0.05770334369414425,43.8,0.39,52.902244409978714,79.35336661496807,0.5,2,12.839130869145539,68.9168213836476,3.921411526451039,219.23885184332985,1001,10000,Clouds,22,3,28,5,0,0,1,0.0,0.0,66.02142941845642,67.67293507853942,63.58374740771626,2.6666666666666665,45.7995710869851,3.0
2026-05-28T23:00:00+00:00,Karachi,24.8607,67.0011,openweathermap_historical,74.9708327128727,0.01,0.038425894837825596,43.8,0.39,70.49723220086312,105.74584830129469,0.5,2,13.531665693531021,63.96974300984428,8.29554671470774,234.93696572316827,1001,10000,Clouds,23,3,28,5,0,0,1,0.0,0.0,67.6433934743235,69.76207618499349,63.680046971883236,2.6666666666666665,58.11606254060419,3.0
2026-05-29T00:00:00+00:00,Karachi,24.8607,67.0011,openweathermap_historical,72.22424857563033,0.01,0.05544522436413581,43.8,0.39,75.83447404459986,113.75171106689979,0.5,3,24.73409008329934,56.281670465554846,7.028209235337859,227.93237243069802,1001,10000,Clouds,0,4,29,5,0,0,1,0.0,0.0,66.41131688514729,69.22759069608865,64.65584390690789,2.3333333333333335,61.85213183121991,3.0
2026-05-29T01:00:00+00:00,Karachi,24.8607,67.0011,openweathermap_historical,74.49696298248938,0.01,0.03797819116450957,43.8,0.39,55.06666742329615,82.60000113494422,0.5,4,22.38183634710269,72.13119638091888,4.729756533488677,190.8277718928461,1001,10000,Clouds,1,4,29,5,0,0,1,0.0,0.0,67.13279122291976,66.57711032068804,63.42761742086935,3.0,47.31466719630731,2.0
2026-05-29T02:00:00+00:00,Karachi,24.8607,67.0011,openweathermap_historical,83.41552869020722,0.01,0.033677663360184996,43.8,0.39,33.548164945788116,50.322247418682174,0.5,2,26.44715726112135,76.73468909217358,4.224523552248474,241.22125124814272,1001,10000,Clouds,2,4,29,5,0,0,1,0.0,0.0,54.8164354712281,61.22991447277574,62.87951458015646,3.0,32.251715462051685,3.0
2026-05-29T03:00:00+00:00,Karachi,24.8607,67.0011,openweathermap_historical,93.99854056684882,0.01,0.05899974767052127,43.8,0.39,59.10645128746289,88.65967693119433,0.5,3,25.20984662540178,81.4035493088152,5.430259228778779,211.71901772902822,1001,10000,Clouds,3,4,29,5,0,0,1,0.0,0.0,49.24042788551577,57.82587238533148,63.61212689564247,3.0,50.14251590122402,3.0
2026-05-29T04:00:00+00:00,Karachi,24.8607,67.0011,openweathermap_historical,74.89743479476519,0.01,-0.004944227960339179,43.8,0.39,45.46991022359808,68.20486533539712,0.5,4,32.25618487488555,65.85837211724738,5.967036067875618,198.1761457932856,1001,10000,Clouds,4,4,29,5,0,0,1,0.0,0.0,46.04150881894975,56.5871500209347,62.246106490312854,3.0,40.596937156518656,2.0
2026-05-29T05:00:00+00:00,Karachi,24.8607,67.0011,openweathermap_historical,75.35425486322646,0.01,0.035981137560404566,43.8,0.39,74.31589746290577,111.47384619435866,0.5,3,23.078245446392078,54.08784549213852,4.607844504371077,246.917908125516,1001,10000,Clouds,5,4,29,5,0,0,1,0.0,0.0,59.630752991322304,57.22359423127515,62.33393120949293,3.3333333333333335,60.789128224034044,3.0
2026-05-29T06:00:00+00:00,Karachi,24.8607,67.0011,openweathermap_historical,76.7960917829753,0.01,0.021782449459548773,43.8,0.39,45.12374454052442,67.68561681078663,0.5,4,23.247736550592187,71.16674657072487,5.679174793679449,218.35364894293008,1001,10000,Clouds,6,4,29,5,0,0,1,0.0,0.0,54.96985074234281,52.105139313929236,61.23656080593702,3.6666666666666665,40.3546211783671,3.0
2026-05-29T07:00:00+00:00,Karachi,24.8607,67.0011,openweathermap_historical,82.12352002786551,0.01,0.032978535174588576,43.8,0.39,67.8297484715169,101.74462270727534,0.5,4,22.65591680320861,76.94621824820808,6.7981622399725925,269.62124126974726,1001,10000,Clouds,7,4,29,5,0,1,1,0.0,0.0,62.42313015831575,54.2323194886327,60.80738916618288,3.6666666666666665,56.24882393006183,4.0
2026-05-29T08:00:00+00:00,Karachi,24.8607,67.0011,openweathermap_historical,81.44649604365057,0.01,0.07421954665112976,43.8,0.39,84.421979604456,126.632969406684,0.5,5,30.428096475442715,67.43374651034561,4.581416434053454,203.16387466593298,1001,10000,Clouds,8,4,29,5,0,1,1,0.0,0.0,65.79182420549915,62.711288598410675,60.529240612231916,4.333333333333333,67.86338572311921,4.0
2026-05-29T09:00:00+00:00,Karachi,24.8607,67.0011,openweathermap_historical,75.7398927757536,0.01,0.07020582239753065,43.8,0.39,69.21971105407985,103.82956658111978,0.5,4,20.16490263372568,67.75312500531352,3.955127532937582,196.49897525072598,1001,10000,Clouds,9,4,29,5,0,1,1,0.0,0.0,73.82381304335097,64.39683189284683,61.0112452103152,4.333333333333333,57.2217977378559,2.0
2026-05-29T10:00:00+00:00,Karachi,24.8607,67.0011,openweathermap_historical,63.76533918784029,0.01,0.045385167632890355,43.8,0.39,60.440053500446844,90.66008025067026,0.5,3,27.517683988265116,56.99847436027266,10.068221813905103,257.050412882005,1001,10000,Clouds,10,4,29,5,0,0,1,0.0,0.0,71.36058138632761,66.89185577232163,61.09792769510332,4.0,51.076037450312796,2.0
2026-05-29T11:00:00+00:00,Karachi,24.8607,67.0011,openweathermap_historical,45.81607436061317,0.01,0.01816435429357223,43.8,0.39,71.35438569630557,107.03157854445836,0.5,2,25.300112742554514,85.2858437020069,8.88177819456685,209.58954057947193,1001,10000,Clouds,11,4,29,5,0,0,1,0.0,0.0,67.00471675027747,66.39827047788827,61.08242920585602,3.0,58.7160699874139,3.0
2026-05-29T12:00:00+00:00,Karachi,24.8607,67.0011,openweathermap_historical,66.774012208117,0.01,0.036977121070489276,43.8,0.39,42.60356181998384,63.90534272997576,0.5,3,25.93260921276419,62.54128582527261,9.11981031367232,255.16763525740478,1001,10000,Clouds,12,4,29,5,0,0,1,0.0,0.0,58.1326670055788,65.97824002446482,60.71352341928031,2.6666666666666665,38.59049327398869,3.0
2026-05-29T13:00:00+00:00,Karachi,24.8607,67.0011,openweathermap_historical,67.35009179733858,0.01,0.04625980176303707,43.8,0.39,46.93585590998241,70.4037838649736,0.5,3,30.648913700195784,54.64640005136076,4.462487178130132,207.78336776357634,1001,10000,Clouds,13,4,29,5,0,0,1,0.0,0.0,53.63126780875732,62.49592459754242,60.360574053568364,2.6666666666666665,41.62309913698769,3.0
2026-05-29T14:00:00+00:00,Karachi,24.8607,67.0011,openweathermap_historical,74.03325909671874,0.01,0.002128203370151127,43.8,0.39,60.67343351698735,91.01015027548102,0.5,3,30.283858243077216,63.49032857235932,7.636371182922015,230.16562977586787,1001,10000,Clouds,14,4,29,5,0,0,1,0.0,0.0,50.07095041565125,58.53783358296431,60.27674927703572,3.0,51.23940346189114,3.0
2026-05-29T15:00:00+00:00,Karachi,24.8607,67.0011,openweathermap_historical,74.85388381090637,0.01,0.028237891537542484,43.8,0.39,65.54150420774484,98.31225631161726,0.5,3,26.18536199643762,52.35608679880022,5.248807476367576,227.78418756677854,1001,10000,Clouds,15,4,29,5,0,0,1,0.0,0.0,57.716931211571584,57.924799108575144,61.058032443996645,3.0,54.64705294542139,3.0
2026-05-29T16:00:00+00:00,Karachi,24.8607,67.0011,openweathermap_historical,65.7309316063082,0.01,0.02479629698022389,43.8,0.39,71.2957684207848,106.9436526311772,0.5,4,24.730091646283608,55.465871694013934,4.744806012729047,221.2522176920985,1001,10000,Clouds,16,4,29,5,0,0,1,0.0,0.0,65.8369020485057,59.73408492863147,62.72150645010681,3.3333333333333335,58.67503789454936,3.0
2026-05-29T17:00:00+00:00,Karachi,24.8607,67.0011,openweathermap_historical,71.74589430700749,0.01,0.036600030724396986,43.8,0.39,69.31027916643026,103.9654187496454,0.5,3,24.010971425103723,59.89487542164207,7.277992981281698,227.49209561738547,1001,10000,Clouds,17,4,29,5,0,1,1,0.0,0.0,68.71585059832002,59.39340050698558,63.19433535028563,3.3333333333333335,57.28519541650119,4.0
2026-05-29T18:00:00+00:00,Karachi,24.8607,67.0011,openweathermap_historical,67.18364815405185,0.01,0.02032075772870417,43.8,0.39,90.29089464787832,135.43634197181748,0.5,2,29.910263222395947,77.96086873444023,5.7410917582700804,236.17973777980524,1001,10000,Clouds,18,4,29,5,0,1,1,0.0,0.0,76.96564741169784,67.34128931163467,63.66306483652935,3.0,71.97162625351483,4.0
2026-05-29T19:00:00+00:00,Karachi,24.8607,67.0011,openweathermap_historical,77.45651579832389,0.01,0.005261659050327966,43.8,0.39,74.42855701879203,111.64283552818804,0.5,3,21.85380791542729,59.944311425026974,2.889787076353228,251.80095489234594,1001,10000,Clouds,19,4,29,5,0,1,1,0.0,0.0,78.00991027770026,71.92340616310294,63.80719014249152,2.6666666666666665,60.867989913154425,2.0
2026-05-29T20:00:00+00:00,Karachi,24.8607,67.0011,openweathermap_historical,73.75605712942796,0.01,0.04976827449545556,43.8,0.39,80.01783125539052,120.02674688308578,0.5,3,21.964040690440477,80.232890441555,4.304903761818733,240.5408772629721,1001,10000,Clouds,20,4,29,5,0,1,1,0.0,0.0,81.57909430735369,75.1474724528368,64.40662727674687,2.6666666666666665,64.78048187877337,3.0
2026-05-29T21:00:00+00:00,Karachi,24.8607,67.0011,openweathermap_historical,95.74531667117103,0.01,0.06909179953631536,43.8,0.39,97.23674746163488,145.85512119245232,0.5,3,26.43288974703255,43.3519555515167,7.569795063976983,259.93528179533064,1001,10000,Clouds,21,4,29,5,0,0,1,0.0,0.0,83.89437857860587,80.4300129951518,65.14437909547631,3.0,76.83372322314442,3.0
2026-05-29T22:00:00+00:00,Karachi,24.8607,67.0011,openweathermap_historical,59.45688971453117,0.01,0.04553066143753649,43.8,0.39,76.94130017912045,115.41195026868067,0.5,3,24.076112590680648,52.36483391723387,2.045876329222894,234.99383904525737,1001,10000,Clouds,22,4,29,5,0,0,1,0.0,0.0,84.73195963204866,81.37093495487441,66.14600641919056,3.0,62.62691012538431,2.0
2026-05-29T23:00:00+00:00,Karachi,24.8607,67.0011,openweathermap_historical,72.32491891218957,0.01,0.04748660512781408,43.8,0.39,40.18376684319735,60.27565026479602,0.5,3,30.76221307934118,64.3152473967971,6.593393197158944,237.3723788139247,1001,10000,Clouds,23,4,29,5,0,0,1,0.0,0.0,71.45393816131762,76.5165162343356,64.88294536262114,3.0,36.89663679023815,3.0
2026-05-30T00:00:00+00:00,Karachi,24.8607,67.0011,openweathermap_historical,75.71649130950763,0.01,0.04977949422683174,43.8,0.39,58.5050709070441,87.75760636056614,0.5,3,24.87457637150164,72.37256463209349,9.863992265692614,208.56193639279698,1001,10000,Clouds,0,5,30,5,1,0,1,0.0,0.0,58.54337930978735,71.21887894419656,64.16088689855633,3.0,49.721549634930874,3.0
2026-05-30T01:00:00+00:00,Karachi,24.8607,67.0011,openweathermap_historical,98.3214942987629,0.01,0.034474976378257846,43.8,0.39,51.32295876083613,76.9844381412542,0.5,2,23.925916688731355,69.12144985451232,4.47800684701887,234.96970923231507,1001,10000,Clouds,1,5,30,5,1,0,1,0.0,0.0,50.00393217035924,67.3679459012039,64.00489903762049,2.6666666666666665,44.69407113258529,3.0
2026-05-30T02:00:00+00:00,Karachi,24.8607,67.0011,openweathermap_historical,70.4664328857931,0.01,0.04318842688209022,43.8,0.39,56.68486463545954,85.0272969531893,0.5,3,27.397577212949738,62.16517540518732,9.124234869621015,214.42282081872884,1001,10000,Clouds,2,5,30,5,1,0,1,0.0,0.0,55.50429810111331,63.47911813121541,64.9689281913568,2.6666666666666665,48.44740524482168,3.0
2026-05-30T03:00:00+00:00,Karachi,24.8607,67.0011,openweathermap_historical,70.60844076684927,0.01,0.025307758373309588,43.8,0.39,65.9818401626279,98.97276024394185,0.5,3,25.206306311851947,74.89663868538034,4.302381220543166,221.63635938108882,1001,10000,Clouds,3,5,30,5,1,0,1,0.0,0.0,57.99655451964124,58.269966914714246,65.255402727822,2.6666666666666665,54.955288113839536,2.0
2026-05-30T04:00:00+00:00,Karachi,24.8607,67.0011,openweathermap_historical,56.849962873130934,0.01,0.01691627647043027,43.8,0.39,46.62526605993716,69.93789908990574,0.5,2,26.381451290612894,62.09029708087821,5.914479368718243,247.14691036758748,1001,10000,Clouds,4,5,30,5,1,0,1,0.0,0.0,56.43065695267492,53.21729456151703,65.30354255433615,2.6666666666666665,41.40568624195602,3.0
2026-05-30T05:00:00+00:00,Karachi,24.8607,67.0011,openweathermap_historical,78.80770710934405,0.01,0.06141062241528604,43.8,0.39,83.54538644610031,125.31807966915046,0.5,3,20.350037046022265,68.24439504527102,7.906406737380734,244.0420059413734,1001,10000,Clouds,5,5,30,5,1,0,1,0.0,0.0,65.38416422288851,60.44423116200087,65.68810459530256,2.6666666666666665,67.24977051227022,3.0
2026-05-30T06:00:00+00:00,Karachi,24.8607,67.0011,openweathermap_historical,76.20688523034384,0.01,0.03382407873321081,43.8,0.39,46.67968852821753,70.0195327923263,0.5,3,32.00502005615707,77.52609035962546,9.254901431129468,200.09672692031842,1001,10000,Clouds,6,5,30,5,1,0,1,0.0,0.0,58.95011367808505,58.4733340988631,65.75293559478979,2.6666666666666665,41.44378196975228,4.0
2026-05-30T07:00:00+00:00,Karachi,24.8607,67.0011,openweathermap_historical,75.61327968574844,0.01,0.026866930950318658,43.8,0.39,91.3786129955509,137.06791949332634,0.5,4,25.495776789639393,64.24474548500183,9.697822054353734,215.1544172106395,1001,10000,Clouds,7,5,30,5,1,1,1,0.0,0.0,73.8678959899563,65.14927647131555,66.7341382832912,3.3333333333333335,72.73302909688563,4.0
2026-05-30T08:00:00+00:00,Karachi,24.8607,67.0011,openweathermap_historical,94.18220081465749,0.01,0.05845754680371101,43.8,0.39,89.52730505277788,134.29095757916681,0.5,4,28.41607614822429,60.60198907807955,5.224132989864698,245.71749506587264,1001,10000,Clouds,8,5,30,5,1,1,1,0.0,0.0,75.86186885884882,70.6230165408686,66.94686017697127,3.6666666666666665,71.43711353694452,3.0
2026-05-30T09:00:00+00:00,Karachi,24.8607,67.0011,openweathermap_historical,94.15711336946953,0.01,0.04275816897256084,43.8,0.39,80.75706796719021,121.13560195078531,0.5,2,28.073532698233297,67.81658734578697,6.3644450692794425,277.9106694305312,1001,10000,Clouds,9,5,30,5,1,1,1,0.0,0.0,87.22099533850638,73.08555450829566,67.42758338168422,3.3333333333333335,65.29794757703316,3.0
2026-05-30T10:00:00+00:00,Karachi,24.8607,67.0011,openweathermap_historical,68.0705359933087,0.01,0.05338206336676512,43.8,0.39,64.25954106891642,96.38931160337464,0.5,2,24.403665111377858,61.980154993919115,9.569292491743429,201.45600042870126,1001,10000,Clouds,10,5,30,5,1,0,1,0.0,0.0,78.18130469629489,76.02460034312554,67.58672869703712,2.6666666666666665,53.74967874824149,2.0
2026-05-30T11:00:00+00:00,Karachi,24.8607,67.0011,openweathermap_historical,71.3668370441504,0.01,0.05425657536167108,43.8,0.39,71.69313557908592,107.53970336862888,0.5,3,26.982402865596402,76.12223285575796,7.1776785376551935,194.45120813602944,1001,10000,Clouds,11,5,30,5,1,0,1,0.0,0.0,72.23658153839757,74.04922519862313,67.6008432754863,2.3333333333333335,58.95319490536015,3.0
2026-05-30T12:00:00+00:00,Karachi,24.8607,67.0011,openweathermap_historical,51.41752252407818,0.01,0.07768460642154867,43.8,0.39,52.279405600077766,78.41910840011664,0.5,3,26.173731017138245,73.10469941041978,5.08004759558454,226.06919502264336,1001,10000,Clouds,12,5,30,5,1,0,1,0.0,0.0,62.74402741602676,74.9825113772665,68.00400343299022,2.6666666666666665,45.36358392005444,3.0
2026-05-30T13:00:00+00:00,Karachi,24.8607,67.0011,openweathermap_historical,91.78616412985588,0.01,0.019714551068725918,43.8,0.39,68.08973570911202,102.13460356366804,0.5,3,19.290020141425718,68.09378309814429,7.71018068134689,213.51709848232352,1001,10000,Clouds,13,5,30,5,1,0,1,0.0,0.0,64.02075896275862,71.10103182952669,68.88541509128727,3.0,56.430814996378416,4.0
2026-05-30T14:00:00+00:00,Karachi,24.8607,67.0011,openweathermap_historical,70.50913299667349,0.01,0.052400949613945716,43.8,0.39,80.25161882486805,120.37742823730207,0.5,3,20.92756360189688,67.36939946314436,7.298802280027519,239.19033419235174,1001,10000,Clouds,14,5,30,5,1,0,1,0.0,0.0,66.87358671135267,69.55508412487507,69.70117281244897,3.0,64.94413317740764,3.0
2026-05-30T15:00:00+00:00,Karachi,24.8607,67.0011,openweathermap_historical,77.01669027593947,0.01,0.042391027387356874,43.8,0.39,80.14166500231252,120.21249750346878,0.5,3,26.987000914175933,71.5609846363314,6.251674491239651,268.3938238394167,1001,10000,Clouds,15,5,30,5,1,0,1,0.0,0.0,76.16100651209759,69.45251696406213,70.30951284555594,3.0,64.86716550161877,2.0
2026-05-30T16:00:00+00:00,Karachi,24.8607,67.0011,openweathermap_historical,68.28128986899159,0.01,0.06391236856184587,43.8,0.39,28.279870520848828,42.41980578127324,0.5,3,23.112175452036382,78.82952952072642,6.672129340488444,253.41884265081117,1001,10000,Clouds,16,5,30,5,1,0,1,0.0,0.0,62.89105144934319,63.45590520605085,68.51718376639195,3.0,28.56390936459418,2.0
2026-05-30T17:00:00+00:00,Karachi,24.8607,67.0011,openweathermap_historical,79.7156131276808,0.01,0.042814473496439624,43.8,0.39,77.50934657036643,116.26401985554965,0.5,4,29.99921234769216,68.49568142428694,7.26253674415951,217.04371403374435,1001,10000,Clouds,17,5,30,5,1,1,1,0.0,0.0,61.97696069784265,64.4252737045976,68.85881157488929,3.3333333333333335,63.024542599256506,3.0
2026-05-30T18:00:00+00:00,Karachi,24.8607,67.0011,openweathermap_historical,71.85804335384671,0.01,0.02943244841162567,43.8,0.39,90.43538976299219,135.65308464448827,0.5,4,29.369680264592745,58.348351577059205,6.945270737816226,240.33399076325367,1001,10000,Clouds,18,5,30,5,1,1,1,0.0,0.0,65.40820228473588,70.78460439841668,68.86483220468571,3.6666666666666665,72.07277283409454,3.0
2026-05-30T19:00:00+00:00,Karachi,24.8607,67.0011,openweathermap_historical,77.79200620132897,0.01,0.05794253160842153,43.8,0.39,52.985439509578654,79.47815926436797,0.5,2,23.366400853037682,61.53688030518814,7.127708583923872,275.74184991382134,1001,10000,Clouds,19,5,30,5,1,1,1,0.0,0.0,73.64339194764581,68.26722169849445,67.97136897513515,3.3333333333333335,45.85780765670506,3.0
2026-05-30T20:00:00+00:00,Karachi,24.8607,67.0011,openweathermap_historical,71.32499986853732,0.01,0.0557053667679613,43.8,0.39,79.32527030977229,118.98790546465844,0.5,3,23.291827067383686,66.36870400849388,3.413501844758371,248.36589752352683,1001,10000,Clouds,20,5,30,5,1,1,1,0.0,0.0,74.24869986078109,68.11283027931182,67.94251226906773,3.0,64.29568921684061,2.0
2026-05-30T21:00:00+00:00,Karachi,24.8607,67.0011,openweathermap_historical,69.29657889116447,0.01,0.016257620731264383,43.8,0.39,50.51382803140966,75.77074204711448,0.5,3,25.493146662056425,68.60540984611121,8.238295845448,236.7550759950261,1001,10000,Clouds,21,5,30,5,1,0,1,0.0,0.0,60.94151261692026,63.17485745082801,65.995723959475,2.6666666666666665,44.127679621986765,3.0
2026-05-30T22:00:00+00:00,Karachi,24.8607,67.0011,openweathermap_historical,85.9189666583205,0.01,0.04544252132344081,43.8,0.39,30.31663414840107,45.474951222601604,0.5,2,26.104931418360188,63.20601080901757,3.4453706073505663,217.26371862320462,1001,10000,Clouds,22,5,30,5,1,0,1,0.0,0.0,53.38524416319441,63.514318055420055,64.05302954152837,2.6666666666666665,29.989643903880747,3.0
2026-05-30T23:00:00+00:00,Karachi,24.8607,67.0011,openweathermap_historical,57.74742194161266,0.01,0.05093591747977562,43.8,0.39,49.31626219096983,73.97439328645474,0.5,3,11.380531267380132,53.14783082894674,3.9955607265760196,254.41453408487658,1001,10000,Clouds,23,5,30,5,1,0,1,0.0,0.0,43.38224145692691,58.81547065885396,64.43355018101889,2.6666666666666665,43.28938353367889,4.0
2026-05-31T00:00:00+00:00,Karachi,24.8607,67.0011,openweathermap_historical,67.48583275018655,0.01,0.02771051724688669,43.8,0.39,69.79607687836759,104.69411531755138,0.5,3,27.407519825547997,58.085809581284146,10.05652186499811,242.2469122660118,1001,10000,Clouds,0,6,31,5,1,0,1,0.0,0.0,49.80965773924621,55.375585178083185,64.90400876315736,2.6666666666666665,57.62525381485732,3.0
2026-05-31T01:00:00+00:00,Karachi,24.8607,67.0011,openweathermap_historical,58.46533869233566,0.01,0.043160233054835864,43.8,0.39,47.343782451353746,71.01567367703062,0.5,3,22.596858037334062,75.91346059298854,3.719122685333563,270.64217821367254,1001,10000,Clouds,1,6,31,5,1,0,1,0.0,0.0,55.485373840230444,54.43530900171237,64.73820975026227,3.0,41.90864771594762,2.0
2026-05-31T02:00:00+00:00,Karachi,24.8607,67.0011,openweathermap_historical,86.65594869116748,0.01,0.02624530450696228,43.8,0.39,59.5374073016097,89.30611095241454,0.5,3,37.36967559897963,64.6817681856961,11.088824679850836,225.33311080300686,1001,10000,Clouds,2,6,31,5,1,0,1,0.0,0.0,58.89242221044373,51.137331833685266,64.85706569468519,3.0,50.444185111126785,3.0
2026-05-31T03:00:00+00:00,Karachi,24.8607,67.0011,openweathermap_historical,51.96249043442941,0.01,0.053822221290164896,43.8,0.39,54.47391711821069,81.71087567731604,0.5,2,24.014414717165877,65.3961943802118,6.676918022141985,246.32702804710064,1001,10000,Clouds,3,6,31,5,1,0,1,0.0,0.0,53.785035623724774,51.797346681485436,64.3775689011678,2.6666666666666665,46.899741982747486,3.0
2026-05-31T04:00:00+00:00,Karachi,24.8607,67.0011,openweathermap_historical,71.56926519551808,0.01,0.01278036541794501,43.8,0.39,62.60812368763996,93.91218553145994,0.5,3,23.39127837702911,66.95203848978781,9.415348361070741,250.1654820380449,1001,10000,Clouds,4,6,31,5,1,0,1,0.0,0.0,58.87314936915351,57.17926160469191,65.04352130232208,2.6666666666666665,52.59368658134798,3.0
2026-05-31T05:00:00+00:00,Karachi,24.8607,67.0011,openweathermap_historical,88.03892301459544,0.01,0.08133487175238871,43.8,0.39,76.57493392761415,114.86240089142123,0.5,3,22.567947271133427,60.096111006351,9.166413591059023,250.5876668349049,1001,10000,Clouds,5,6,31,5,1,0,1,0.0,0.0,64.552324911155,61.722373560799305,64.75308578071851,2.6666666666666665,62.37045374932991,3.0
2026-05-31T06:00:00+00:00,Karachi,24.8607,67.0011,openweathermap_historical,88.39283708582896,0.01,0.03891379020553758,43.8,0.39,42.452610047596906,63.67891507139536,0.5,4,31.159678206375343,67.58422515554305,10.196192712480908,264.7126570684524,1001,10000,Clouds,6,6,31,5,1,0,1,0.0,0.0,60.545222554283725,57.16512908900419,64.57695751069264,3.3333333333333335,38.484827033317835,4.0
2026-05-31T07:00:00+00:00,Karachi,24.8607,67.0011,openweathermap_historical,72.95283177010579,0.01,0.07254384159913568,43.8,0.39,80.39242836858455,120.58864255287682,0.5,4,30.280419164524794,72.60883944751835,8.089364291745591,220.58056255528325,1001,10000,Clouds,7,6,31,5,1,1,1,0.0,0.0,66.4733241145986,62.673236741875996,64.11919981790238,3.6666666666666665,65.04269985800919,3.0
2026-05-31T08:00:00+00:00,Karachi,24.8607,67.0011,openweathermap_historical,63.44124356132935,0.01,0.004403677654332715,43.8,0.39,55.633024591873564,83.44953688781035,0.5,3,20.74603641061759,69.07651279958152,6.693277869187831,266.277036979085,1001,10000,Clouds,8,6,31,5,1,1,1,0.0,0.0,59.49268766935173,62.0225062902533,62.70693813203136,3.6666666666666665,47.7111172143115,4.0
2026-05-31T09:00:00+00:00,Karachi,24.8607,67.0011,openweathermap_historical,57.022940972539544,0.01,0.010219257289222978,43.8,0.39,78.50325421305863,117.75488131958794,0.5,3,25.373332381701644,74.91184916678772,7.0053125314899365,236.98249615091953,1001,10000,Clouds,9,6,31,5,1,1,1,0.0,0.0,71.50956905783896,66.02739580606129,62.61302922560921,3.3333333333333335,63.72027794914104,3.0
2026-05-31T10:00:00+00:00,Karachi,24.8607,67.0011,openweathermap_historical,79.57105165023358,0.01,-0.009192192678208151,43.8,0.39,54.72239622925319,82.08359434387978,0.5,2,38.94414257904835,52.68529647514445,8.015836818552927,199.16799002265867,1001,10000,Clouds,10,6,31,5,1,0,1,0.0,0.0,62.95289167806186,64.71310789633017,62.21564819062325,2.6666666666666665,47.073677360477234,3.0
2026-05-31T11:00:00+00:00,Karachi,24.8607,67.0011,openweathermap_historical,78.87824804540205,0.01,0.007778173387388815,43.8,0.39,39.413090393055185,59.11963558958278,0.5,3,22.14836434039999,49.727469221332086,6.665474077853994,221.8704111796051,1001,10000,Clouds,11,6,31,5,1,0,1,0.0,0.0,57.54624694512239,58.519467307237015,60.870646307871965,2.6666666666666665,36.35716327513863,2.0
2026-05-31T12:00:00+00:00,Karachi,24.8607,67.0011,openweathermap_historical,78.07075142241095,0.01,0.04491854579170855,43.8,0.39,77.54697902934274,116.3204685440141,0.5,3,17.59078437679235,68.08653239146635,8.502761701253073,245.58144365783437,1001,10000,Clouds,12,6,31,5,1,0,1,0.0,0.0,57.227488550550426,64.36852880419464,61.92346186742467,2.6666666666666665,63.05088532053992,3.0
2026-05-31T13:00:00+00:00,Karachi,24.8607,67.0011,openweathermap_historical,51.695290882272914,0.01,0.039145986401409365,43.8,0.39,52.71878170890776,79.07817256336165,0.5,4,26.023279573258385,67.39549894358562,5.083849232646711,243.23543907047713,1001,10000,Clouds,13,6,31,5,1,0,1,0.0,0.0,56.55961704376862,59.756254360915186,61.2830054507495,3.3333333333333335,45.67114719623544,2.0
2026-05-31T14:00:00+00:00,Karachi,24.8607,67.0011,openweathermap_historical,64.34874599723184,0.01,0.04327144386284925,43.8,0.39,34.82820693063604,52.242310395954064,0.5,3,17.215055578042428,82.63601898478515,6.019405092621749,250.60470485064704,1001,10000,Clouds,14,6,31,5,1,0,1,0.0,0.0,55.03132255629557,56.28878475070892,59.39036328848983,3.3333333333333335,33.14774485144523,3.0
2026-05-31T15:00:00+00:00,Karachi,24.8607,67.0011,openweathermap_historical,61.389541285078145,0.01,0.034298552596131834,43.8,0.39,85.68015160249436,128.52022740374156,0.5,2,27.97963940420142,57.28006300752505,8.196898868267345,240.12239450419784,1001,10000,Clouds,15,6,31,5,1,0,1,0.0,0.0,57.742380080679446,57.48493431561488,59.62113356349741,3.0,68.74410612174606,3.0
2026-05-31T16:00:00+00:00,Karachi,24.8607,67.0011,openweathermap_historical,80.32330183344207,0.01,0.0598653667458596,43.8,0.39,59.75272738001876,89.62909107002814,0.5,2,26.726962723237886,76.83431133118894,6.905725985212489,208.75162771631722,1001,10000,Clouds,16,6,31,5,1,0,1,0.0,0.0,60.08702863771645,58.32332284074247,60.93250259929616,2.3333333333333335,50.59490916601314,3.0
2026-05-31T17:00:00+00:00,Karachi,24.8607,67.0011,openweathermap_historical,67.67850938640794,0.01,0.045940098434234716,43.8,0.39,56.99742345260821,85.49613517891231,0.5,3,23.584307988716013,60.38047182655242,7.388420926649781,227.99950843704838,1001,10000,Clouds,17,6,31,5,1,1,1,0.0,0.0,67.47676747837384,61.25404501733464,60.077839136056234,2.3333333333333335,48.66619641682575,3.0
2026-05-31T18:00:00+00:00,Karachi,24.8607,67.0011,openweathermap_historical,70.96734312021863,0.01,0.05406657409187075,43.8,0.39,92.34911070706269,138.52366606059405,0.5,3,23.262524812161203,61.62754662410486,8.720098749378813,183.4082841763257,1001,10000,Clouds,18,6,31,5,1,1,1,0.0,0.0,69.69975384656328,63.721066963621304,60.15757750872583,2.6666666666666665,73.41237749494388,4.0
2026-05-31T19:00:00+00:00,Karachi,24.8607,67.0011,openweathermap_historical,74.42328407868233,0.01,0.04198036289405354,43.8,0.39,65.13385902131363,97.70078853197043,0.5,3,25.09549768663479,62.6996955757912,5.461276724388391,226.9597195979756,1001,10000,Clouds,19,6,31,5,1,1,1,0.0,0.0,71.49346439366157,65.79024651568893,60.66376165504812,3.0,54.36170131491954,4.0
2026-05-31T20:00:00+00:00,Karachi,24.8607,67.0011,openweathermap_historical,69.20055402398974,0.01,0.02143597991509394,43.8,0.39,42.363117975176706,63.54467696276506,0.5,2,32.47648694055616,74.6547753378054,10.078180876973233,221.78971390669517,1001,10000,Clouds,20,6,31,5,1,1,1,0.0,0.0,66.61536256785108,67.04606502311239,59.123671974439965,2.6666666666666665,38.4221825826237,3.0
2026-05-31T21:00:00+00:00,Karachi,24.8607,67.0011,openweathermap_historical,83.00173085863847,0.01,0.040495103506950764,43.8,0.39,34.40984954545977,51.61477431818966,0.5,3,22.460826038723543,50.6329110054767,4.0660986783963295,246.6314446391233,1001,10000,Clouds,21,6,31,5,1,0,1,0.0,0.0,47.30227551398343,58.50101468027329,58.45267287085873,2.6666666666666665,32.85489468182184,3.0
2026-05-31T22:00:00+00:00,Karachi,24.8607,67.0011,openweathermap_historical,87.3843450510939,0.01,0.009538219256052489,43.8,0.39,50.26698483720128,75.40047725580192,0.5,3,23.180045747387112,66.74243091203137,11.571950989246735,281.97114653941753,1001,10000,Clouds,22,6,31,5,1,0,1,0.0,0.0,42.346650785945975,56.92005758980371,59.28393748289207,2.6666666666666665,43.9548893860409,3.0
2026-05-31T23:00:00+00:00,Karachi,24.8607,67.0011,openweathermap_historical,80.4090927529113,0.01,0.05656320403263786,43.8,0.39,54.17485989861821,81.26228984792732,0.5,4,24.651994806983815,58.577965589159696,3.9773261040828958,222.72419507689176,1001,10000,Clouds,23,6,31,5,1,0,1,0.0,0.0,46.28389809375981,56.449630330805384,59.486379054044086,3.3333333333333335,46.690401929032745,4.0
2026-06-01T00:00:00+00:00,Karachi,24.8607,67.0011,openweathermap_historical,67.1035960687167,0.01,0.00025842269629170606,43.8,0.39,63.713560974409376,95.57034146161406,0.5,3,23.17837720727984,61.56865164573881,2.4468303076119957,219.38649566407236,1001,10000,Clouds,0,0,1,6,0,0,2,0.0,0.0,56.05180190340968,51.67703870869649,59.232940891379165,3.3333333333333335,53.367492682086564,3.0
2026-06-01T01:00:00+00:00,Karachi,24.8607,67.0011,openweathermap_historical,71.14022609048757,0.01,0.056579696786441674,43.8,0.39,54.983126744797744,82.47469011719662,0.5,2,19.455393293505903,59.84222302005368,6.12567376851311,245.66513991141082,1001,10000,Clouds,1,0,1,6,0,0,2,0.0,0.0,57.62384920594184,49.98524999594385,59.551246903606,3.0,47.25618872135843,3.0
2026-06-01T02:00:00+00:00,Karachi,24.8607,67.0011,openweathermap_historical,78.92720900668631,0.01,0.05776539425676724,43.8,0.39,90.54848748332493,135.8227312249874,0.5,3,27.183173272005845,64.92703573291547,5.3163232405917595,227.47571605084502,1001,10000,Clouds,2,0,1,6,0,0,2,0.0,0.0,69.74839173417742,58.01614491396856,60.84337524451079,2.6666666666666665,72.15194123832747,3.0
2026-06-01T03:00:00+00:00,Karachi,24.8607,67.0011,openweathermap_historical,78.13653528530575,0.01,0.054991013451317274,43.8,0.39,66.88919203045263,100.33378804567894,0.5,3,22.70335387935193,61.633746790112255,8.924200500784128,251.2571556704242,1001,10000,Clouds,3,0,1,6,0,0,2,0.0,0.0,70.80693541952517,63.42936866146736,61.360678365854206,2.6666666666666665,55.59043442131684,3.0
2026-06-01T04:00:00+00:00,Karachi,24.8607,67.0011,openweathermap_historical,90.11114943005092,0.01,0.0021806022195547115,43.8,0.39,85.64853671644742,128.47280507467113,0.5,3,20.57871868408661,49.38121870820567,6.649137629461571,225.40154165104423,1001,10000,Clouds,4,0,1,6,0,0,2,0.0,0.0,81.0287387434084,69.32629397467505,62.32069557538785,3.0,68.7219757015132,3.0
2026-06-01T05:00:00+00:00,Karachi,24.8607,67.0011,openweathermap_historical,79.78962319398985,0.01,0.020181005925111146,43.8,0.39,52.411113275478264,78.6166699132174,0.5,3,28.102743569310046,44.86735167598091,7.358410321965659,249.17224507795035,1001,10000,Clouds,5,0,1,6,0,0,2,0.0,0.0,68.31628067412618,69.03233620415173,61.313869714882195,3.0,45.45577929283479,3.0
2026-06-01T06:00:00+00:00,Karachi,24.8607,67.0011,openweathermap_historical,72.23782797582706,0.01,0.040004204692949845,43.8,0.39,42.35110020502859,63.52665030754288,0.5,4,26.243667364446182,68.28840518917595,4.297057738665168,221.78440662729184,1001,10000,Clouds,6,0,1,6,0,0,2,0.0,0.0,60.136916732318156,65.47192607592159,61.30964013810851,3.3333333333333335,38.41377014352001,4.0
2026-06-01T07:00:00+00:00,Karachi,24.8607,67.0011,openweathermap_historical,71.009712054917,0.01,0.025842053921055007,43.8,0.39,52.28853156799555,78.43279735199332,0.5,3,16.722876273993116,55.11177225894445,7.243160719130135,248.13888975886795,1001,10000,Clouds,7,0,1,6,0,1,2,0.0,0.0,49.01691501616753,65.0228268797879,60.138644438083965,3.3333333333333335,45.369972097596886,4.0
2026-06-01T08:00:00+00:00,Karachi,24.8607,67.0011,openweathermap_historical,80.30392097553782,0.01,0.051728604783221895,43.8,0.39,56.74759902816403,85.12139854224606,0.5,4,26.344375657090183,88.09232914967893,5.540553296259786,229.23958961889946,1001,10000,Clouds,8,0,1,6,0,1,2,0.0,0.0,50.462410267062786,59.389345470594414,60.18508503959607,3.6666666666666665,48.491319319714826,4.0
2026-06-01T09:00:00+00:00,Karachi,24.8607,67.0011,openweathermap_historical,93.58856982031385,0.01,0.06895369626104947,43.8,0.39,84.16617751834771,126.24926627752157,0.5,3,17.367534629924457,62.650344497046085,7.344996329009344,227.3324140406619,1001,10000,Clouds,9,0,1,6,0,1,2,0.0,0.0,64.40076937150249,62.26884305191027,60.421040177316456,3.3333333333333335,67.6843242628434,2.0
2026-06-01T10:00:00+00:00,Karachi,24.8607,67.0011,openweathermap_historical,88.43105999244605,0.01,0.04371670289545501,43.8,0.39,24.921447740194168,37.38217161029125,0.5,3,32.00753495819437,61.55689505638346,6.712856470951614,248.56066782340622,1001,10000,Clouds,10,0,1,6,0,0,2,0.0,0.0,55.2784080955687,52.14766155586805,59.17933399027232,3.3333333333333335,26.213013418135915,2.0
2026-06-01T11:00:00+00:00,Karachi,24.8607,67.0011,openweathermap_historical,81.65493216314644,0.01,0.034272987823047524,43.8,0.39,63.046763446284935,94.5701451694274,0.5,2,25.355298699519096,68.46383845656115,3.589381102806262,230.49482364772643,1001,10000,Clouds,11,0,1,6,0,0,2,0.0,0.0,57.37812956827566,53.92026991766917,60.16407036749023,2.6666666666666665,52.90073441239946,3.0
2026-06-01T12:00:00+00:00,Karachi,24.8607,67.0011,openweathermap_historical,82.90364638107467,0.01,0.05192416974390137,43.8,0.39,49.99589082653993,74.9938362398099,0.5,3,25.499249361460762,77.02665676889795,6.663103247714257,226.88852350820545,1001,10000,Clouds,12,0,1,6,0,0,2,0.0,0.0,45.98803400433974,55.19440168792105,59.01610835904011,2.6666666666666665,43.765123578577956,3.0
2026-06-01T13:00:00+00:00,Karachi,24.8607,67.0011,openweathermap_historical,65.09104554380326,0.01,0.010689835205179153,43.8,0.39,65.9055149178437,98.85827237676556,0.5,2,35.735676642916175,77.37472956333282,7.126205846364167,246.75903169702212,1001,10000,Clouds,13,0,1,6,0,0,2,0.0,0.0,59.649389730222914,57.46389891289575,59.565555576079106,2.3333333333333335,54.9018604424906,4.0
2026-06-01T14:00:00+00:00,Karachi,24.8607,67.0011,openweathermap_historical,77.51039820401823,0.01,0.04955071905564112,43.8,0.39,61.05196382302802,91.57794573454203,0.5,3,20.95657775883148,47.86405980611079,9.985657000995475,219.98983531349046,1001,10000,Clouds,14,0,1,6,0,0,2,0.0,0.0,58.98445652247062,58.18129304537308,60.6582121132621,2.6666666666666665,51.50437467611961,4.0
2026-06-01T15:00:00+00:00,Karachi,24.8607,67.0011,openweathermap_historical,75.4242114931565,0.01,0.03316921509500022,43.8,0.39,59.92337403439557,89.88506105159335,0.5,3,18.956350942166836,68.47408309625459,5.107950125382763,242.5859890833907,1001,10000,Clouds,15,0,1,6,0,0,2,0.0,0.0,62.29361759175583,54.14082579804773,59.58501304792466,2.6666666666666665,50.7143618240769,3.0
2026-06-01T16:00:00+00:00,Karachi,24.8607,67.0011,openweathermap_historical,69.74829834684087,0.01,0.07614333866589128,43.8,0.39,38.985022144235586,58.47753321635338,0.5,3,27.051019154796453,69.08419850812422,5.3201464907580505,288.7583703645354,1001,10000,Clouds,16,0,1,6,0,0,2,0.0,0.0,53.320120000553125,56.48475486538796,58.71969199643369,3.0,36.05751550096491,2.0
2026-06-01T17:00:00+00:00,Karachi,24.8607,67.0011,openweathermap_historical,66.50077868157219,0.01,0.06995641024682839,43.8,0.39,72.61476064358004,108.92214096537006,0.5,3,24.64717383338932,68.266663640457,5.543686461653973,238.74883792176462,1001,10000,Clouds,17,0,1,6,0,1,2,0.0,0.0,57.1743856074038,58.07942106493713,59.370414379390844,3.0,59.598332450506035,3.0
2026-06-01T18:00:00+00:00,Karachi,24.8607,67.0011,openweathermap_historical,71.04020339879854,0.01,0.022386280703870266,43.8,0.39,72.92622793572212,109.38934190358319,0.5,4,15.445742268567926,80.74823027036422,8.099829913045006,247.10983939784214,1001,10000,Clouds,18,0,1,6,0,1,2,0.0,0.0,61.50867024117932,61.901143916467504,58.56112759725166,3.3333333333333335,59.81635955500549,3.0
2026-06-01T19:00:00+00:00,Karachi,24.8607,67.0011,openweathermap_historical,78.2021437115309,0.01,0.06618082082242203,43.8,0.39,68.40770696946709,102.61156045420063,0.5,4,35.84544054051572,71.56653702669782,9.412387247978698,231.71055493935117,1001,10000,Clouds,19,0,1,6,0,1,2,0.0,0.0,71.31623184958981,62.31817592507141,58.69753792842473,3.6666666666666665,56.65339487862697,3.0
2026-06-01T20:00:00+00:00,Karachi,24.8607,67.0011,openweathermap_historical,79.12858739800156,0.01,0.050933384444066254,43.8,0.39,73.13292115215522,109.69938172823282,0.5,3,31.472365687469463,62.32053424403939,5.028774789283902,218.82722330083243,1001,10000,Clouds,20,0,1,6,0,1,2,0.0,0.0,71.48895201911488,64.33166881325927,59.97961306079883,3.6666666666666665,59.96104480650865,3.0
2026-06-01T21:00:00+00:00,Karachi,24.8607,67.0011,openweathermap_historical,75.83895112711039,0.01,0.04911581916625019,43.8,0.39,85.56722038182173,128.3508305727326,0.5,3,19.193146105052975,54.776990673238494,6.363054726079812,222.7729421760103,1001,10000,Clouds,21,0,1,6,0,0,2,0.0,0.0,75.70261616781475,68.60564320449696,62.11117017898058,3.3333333333333335,68.66505426727521,3.0
2026-06-01T22:00:00+00:00,Karachi,24.8607,67.0011,openweathermap_historical,73.39544491724263,0.01,0.06528827814984181,43.8,0.39,73.15905032336318,109.73857548504476,0.5,3,15.896918015315865,56.248441070637185,6.734352948041584,241.39882971758948,1001,10000,Clouds,22,0,1,6,0,0,2,0.0,0.0,77.2863972857801,74.30131456768488,63.06500624090398,3.0,59.97933522635422,4.0
2026-06-01T23:00:00+00:00,Karachi,24.8607,67.0011,openweathermap_historical,77.92955308539014,0.01,-0.01104382163703927,43.8,0.39,42.7340533335028,64.1010800002542,0.5,4,23.374464616957198,68.05783832246601,8.16810562120788,238.10890371746143,1001,10000,Clouds,23,0,1,6,0,0,2,0.0,0.0,67.15344134622929,69.32119668267202,62.58830596735751,3.3333333333333335,38.68183733345196,3.0
2026-06-02T00:00:00+00:00,Karachi,24.8607,67.0011,openweathermap_historical,65.45775626071166,0.01,0.03297567935587008,43.8,0.39,72.98309916674772,109.47464875012159,0.5,3,26.441198325962525,64.48229862947622,3.0880749762652493,204.14034338333653,1001,10000,Clouds,0,1,2,6,0,0,2,0.0,0.0,62.95873427453796,69.33067522117629,62.974536725371614,3.3333333333333335,59.856169416723404,2.0
2026-06-02T01:00:00+00:00,Karachi,24.8607,67.0011,openweathermap_historical,79.20285564904256,0.01,0.07471905291215832,43.8,0.39,64.48041900470713,96.7206285070607,0.5,3,26.285213842564353,54.90012912449906,10.279476529459778,234.43124178708018,1001,10000,Clouds,1,1,2,6,0,0,2,0.0,0.0,60.06585716831929,68.67612722704963,63.37025723620116,3.3333333333333335,53.90429330329499,3.0
2026-06-02T02:00:00+00:00,Karachi,24.8607,67.0011,openweathermap_historical,80.51953615249305,0.01,0.05162292066167178,43.8,0.39,43.091179523779296,64.63676928566895,0.5,3,18.983240553776355,72.1287680763219,6.393781619797025,240.9120259267922,1001,10000,Clouds,2,1,2,6,0,0,2,0.0,0.0,60.18489923174479,63.669170288986976,61.39286940455344,3.0,38.93182566664551,2.0
2026-06-02T03:00:00+00:00,Karachi,24.8607,67.0011,openweathermap_historical,84.67192881188402,0.01,0.06165802260483333,43.8,0.39,88.58050050525921,132.8707507578888,0.5,3,23.770053989244403,65.59433352574266,8.907233048920048,228.83772546757095,1001,10000,Clouds,3,1,2,6,0,0,2,0.0,0.0,65.38403301124862,64.17138364289322,62.296673924337036,3.0,70.77435035368146,3.0
2026-06-02T04:00:00+00:00,Karachi,24.8607,67.0011,openweathermap_historical,90.10293553274663,0.01,0.058996991937036905,43.8,0.39,75.42207599795535,113.13311399693302,0.5,3,34.66091104790157,66.88763128994579,7.067087723734921,228.82916711841852,1001,10000,Clouds,4,1,2,6,0,0,2,0.0,0.0,69.03125200899802,64.54855458865859,61.87057139439987,3.0,61.56345319856875,2.0
2026-06-02T05:00:00+00:00,Karachi,24.8607,67.0011,openweathermap_historical,72.27621985137866,0.01,0.04438186262250678,43.8,0.39,79.40038958436865,119.10058437655297,0.5,3,22.69053876096945,62.76494744691821,5.483655736499674,244.8979283643345,1001,10000,Clouds,5,1,2,6,0,0,2,0.0,0.0,81.13432202919448,70.65961063046956,62.99512457393697,3.0,64.34827270905807,4.0
2026-06-02T06:00:00+00:00,Karachi,24.8607,67.0011,openweathermap_historical,80.41097665919914,0.01,0.01879837531070757,43.8,0.39,57.2754232384763,85.91313485771445,0.5,4,21.819465814811807,63.98596374469316,1.8472519190973955,226.8939276413889,1001,10000,Clouds,6,1,2,6,0,0,2,0.0,0.0,70.69929627360017,68.04166464242432,63.61697136699729,3.3333333333333335,48.86079626693341,4.0
2026-06-02T07:00:00+00:00,Karachi,24.8607,67.0011,openweathermap_historical,57.8520461384447,0.01,0.03954044636303953,43.8,0.39,89.96013218409428,134.94019827614142,0.5,4,28.6206840872018,79.15069915087493,6.921355548297144,233.33609556351655,1001,10000,Clouds,7,1,2,6,0,1,2,0.0,0.0,75.54531500231315,72.28828350565551,65.18662139266807,3.6666666666666665,71.740092528866,5.0
2026-06-02T08:00:00+00:00,Karachi,24.8607,67.0011,openweathermap_historical,55.86501749808898,0.01,0.007726295665405697,43.8,0.39,79.72327507107875,119.58491260661812,0.5,4,25.816048574629995,61.46971343333467,8.69258807927595,208.01662701873315,1001,10000,Clouds,8,1,2,6,0,1,2,0.0,0.0,75.65294349788317,78.39363276353875,66.14394122778953,4.0,64.57429254975513,4.0
2026-06-02T09:00:00+00:00,Karachi,24.8607,67.0011,openweathermap_historical,67.72802788960698,0.01,0.04586668786252724,43.8,0.39,58.74500967784195,88.11751451676292,0.5,2,27.093502123703555,49.714363536090346,5.204970726377665,253.39735977694414,1001,10000,Clouds,9,1,2,6,0,1,2,0.0,0.0,76.1428056443384,73.4210509589692,65.08472590110178,3.3333333333333335,49.88950677448936,3.0
2026-06-02T10:00:00+00:00,Karachi,24.8607,67.0011,openweathermap_historical,80.32449609867305,0.01,0.029424732978763093,43.8,0.39,80.08762326264262,120.13143489396393,0.5,2,23.41897090637924,75.20911879336863,7.58125957861816,238.00099803606696,1001,10000,Clouds,10,1,2,6,0,0,2,0.0,0.0,72.85196933718784,74.19864216975043,67.38331654787046,2.6666666666666665,64.82933628384984,3.0
2026-06-02T11:00:00+00:00,Karachi,24.8607,67.0011,openweathermap_historical,69.62482641355984,0.01,0.051513947610364694,43.8,0.39,44.64575626570163,66.96863439855244,0.5,3,23.51245052952663,66.91222406953844,10.772775373663677,227.13394392090368,1001,10000,Clouds,11,1,2,6,0,0,2,0.0,0.0,61.1594630687288,68.40620328330593,66.61660791534617,2.3333333333333335,40.02002938599114,3.0
2026-06-02T12:00:00+00:00,Karachi,24.8607,67.0011,openweathermap_historical,93.58942033391222,0.01,0.022585818740966823,43.8,0.39,75.1561421340072,112.73421320101079,0.5,3,29.050625282028825,52.40045981848294,6.782419995890003,233.68761363245164,1001,10000,Clouds,12,1,2,6,0,0,2,0.0,0.0,66.62984055411722,71.38632309922774,67.66495171982397,2.6666666666666665,61.37729949380504,2.0
2026-06-02T13:00:00+00:00,Karachi,24.8607,67.0011,openweathermap_historical,82.67733534534503,0.01,0.0404737725729088,43.8,0.39,81.240807360784,121.861211041176,0.5,4,29.71646435441393,61.05120099851828,5.911530972040284,277.06400227137095,1001,10000,Clouds,13,1,2,6,0,0,2,0.0,0.0,67.01423525349769,69.93310229534269,68.30392223827981,3.3333333333333335,65.63656515254881,3.0
2026-06-02T14:00:00+00:00,Karachi,24.8607,67.0011,openweathermap_historical,74.30532593882867,0.01,0.03151726433484403,43.8,0.39,80.99739946263566,121.49609919395348,0.5,4,18.10760770693405,45.62660070376321,4.710795456698507,241.5725144274949,1001,10000,Clouds,14,1,2,6,0,0,2,0.0,0.0,79.13144965247568,70.14545636060217,69.1349820565968,3.6666666666666665,65.46617962384497,3.0
2026-06-02T15:00:00+00:00,Karachi,24.8607,67.0011,openweathermap_historical,97.86903217824815,0.01,0.027849866175095477,43.8,0.39,51.30603548998322,76.95905323497483,0.5,3,27.59204931221072,68.8308086566949,8.080705158206896,227.11955716227763,1001,10000,Clouds,15,1,2,6,0,0,2,0.0,0.0,71.18141410446769,68.90562732929239,68.77592628391294,3.6666666666666665,44.68222484298826,3.0
2026-06-02T16:00:00+00:00,Karachi,24.8607,67.0011,openweathermap_historical,92.75400626263502,0.01,0.03801558011002885,43.8,0.39,72.81237960441857,109.21856940662785,0.5,2,23.580419611547498,57.745406627621776,11.189496952787792,229.93949943858428,1001,10000,Clouds,16,1,2,6,0,0,2,0.0,0.0,68.37193818567921,67.69308671958838,70.18539951142057,3.0,59.736665723093,2.0
2026-06-02T17:00:00+00:00,Karachi,24.8607,67.0011,openweathermap_historical,83.6069535365558,0.01,0.041906842349863214,43.8,0.39,81.09483286122529,121.64224929183793,0.5,3,17.11638121034163,65.90977148410913,4.682370147205935,194.6973273694852,1001,10000,Clouds,17,1,2,6,0,1,2,0.0,0.0,68.4044159852091,73.76793281884233,70.53873585382246,2.6666666666666665,65.53438300285771,3.0
2026-06-02T18:00:00+00:00,Karachi,24.8607,67.0011,openweathermap_historical,89.87103158752313,0.01,0.026958637543774484,43.8,0.39,45.973521059523065,68.96028158928459,0.5,3,28.610323887678476,65.55958367327905,4.57560617810558,225.9093085096187,1001,10000,Clouds,18,1,2,6,0,1,2,0.0,0.0,66.6269111750557,68.90416263976164,69.4157064006475,2.6666666666666665,40.94946474166615,2.0
2026-06-02T19:00:00+00:00,Karachi,24.8607,67.0011,openweathermap_historical,80.69461207888835,0.01,0.05738826929686578,43.8,0.39,25.133316239515715,37.69997435927357,0.5,3,26.041770732888974,62.23416219413607,7.233712732626057,241.09406517611333,1001,10000,Clouds,19,1,2,6,0,1,2,0.0,0.0,50.73389005342142,59.55291411955025,67.61260678689952,3.0,26.361321367661,3.0
2026-06-02T20:00:00+00:00,Karachi,24.8607,67.0011,openweathermap_historical,86.06071880631387,0.01,0.024660773274105117,43.8,0.39,55.91656394506302,83.87484591759453,0.5,3,23.516326075213364,71.12614801663915,7.32022223017874,214.8034467293673,1001,10000,Clouds,20,1,2,6,0,1,2,0.0,0.0,42.341133748034,55.37277486662148,66.89525856993735,3.0,47.90959476154411,4.0
2026-06-02T21:00:00+00:00,Karachi,24.8607,67.0011,openweathermap_historical,84.63390194524077,0.01,0.05937059424684052,43.8,0.39,67.18385786885517,100.77578680328276,0.5,3,30.08393699890938,81.13899012563634,1.9170127831458625,248.7207365036423,1001,10000,Clouds,21,1,2,6,0,0,2,0.0,0.0,49.41124601781136,58.019078596433474,66.12928513189708,3.0,55.796700508198626,2.0
2026-06-02T22:00:00+00:00,Karachi,24.8607,67.0011,openweathermap_historical,81.18734918675767,0.01,0.04760848463652644,43.8,0.39,66.78018953910164,100.17028430865247,0.5,4,18.947294778071953,44.4481803888239,7.116446127531724,250.29745999995345,1001,10000,Clouds,22,1,2,6,0,0,2,0.0,0.0,63.29353711767334,57.013713585547315,65.86349926588618,3.3333333333333335,55.51413267737115,3.0
2026-06-02T23:00:00+00:00,Karachi,24.8607,67.0011,openweathermap_historical,82.84683985293812,0.01,0.06113160492171633,43.8,0.39,68.41267831680544,102.61901747520815,0.5,3,22.6698051975316,69.00417204652908,6.3850567304035195,203.88207635672126,1001,10000,Clouds,23,1,2,6,0,0,2,0.0,0.0,67.45890857492081,54.90002116147733,66.93344197352378,3.3333333333333335,56.65687482176381,
2026-06-03T00:00:00+00:00,Karachi,24.8607,67.0011,openweathermap_historical,81.03894055600438,0.01,0.034742486683893126,43.8,0.39,78.2017354113993,117.30260311709895,0.5,2,22.620343178708655,52.09356001345178,10.412785122431849,273.0088203861608,1001,10000,Clouds,0,2,3,6,0,0,2,0.0,0.0,71.13153442243552,60.27139022012338,67.15088515038427,3.0,63.509214787979516,
2026-06-03T01:00:00+00:00,Karachi,24.8607,67.0011,openweathermap_historical,69.6806465917878,0.01,0.05307675481476071,43.8,0.39,59.14977372636301,88.72466058954451,0.5,3,24.75543981641973,84.70539985688615,8.453609029840823,219.56071020981565,1001,10000,Clouds,1,2,3,6,0,0,2,0.0,0.0,68.58806248485597,65.94079980126459,66.92877493045326,2.6666666666666665,50.17284160845411,
2026-06-03T02:00:00+00:00,Karachi,24.8607,67.0011,openweathermap_historical,68.98888376426731,0.01,0.06440533487350375,43.8,0.39,30.065383900715187,45.09807585107278,0.5,2,30.817693118781673,81.89749186756225,6.558592088708696,251.99374010959943,1001,10000,Clouds,2,2,3,6,0,0,2,0.0,0.0,55.80563101282589,61.63226979387329,66.38603344615892,2.3333333333333335,29.813768730500634,
2026-06-03T03:00:00+00:00,Karachi,24.8607,67.0011,openweathermap_historical,73.32595352242478,0.01,0.04880367339687443,43.8,0.39,48.640322684558996,72.96048402683849,0.5,3,26.877838031619163,50.95746303271899,7.018606679947165,236.2256259719744,1001,10000,Clouds,3,2,3,6,0,0,2,0.0,0.0,45.9518267705458,58.5416805964906,64.72185937029641,2.6666666666666665,42.8162258791913,
2026-06-03T04:00:00+00:00,Karachi,24.8607,67.0011,openweathermap_historical,81.23256505732209,0.01,0.024453092028799608,43.8,0.39,90.01671882311912,135.0250782346787,0.5,2,25.879623484310287,82.44640266242527,8.750604765295678,242.21356211612945,1001,10000,Clouds,4,2,3,6,0,0,2,0.0,0.0,56.2408084694645,62.414435477160175,65.32996948801157,2.3333333333333335,71.77970317618339,
2026-06-03T05:00:00+00:00,Karachi,24.8607,67.0011,openweathermap_historical,62.43479943661271,0.01,0.06388091386267969,43.8,0.39,53.52684725581142,80.29027088371713,0.5,4,23.671805292976583,69.96693948359214,4.813934160374934,226.4794201552102,1001,10000,Clouds,5,2,3,6,0,0,2,0.0,0.0,64.06129625449658,59.93346363366118,64.25190522432169,3.0,46.23679307906799,
2026-06-03T06:00:00+00:00,Karachi,24.8607,67.0011,openweathermap_historical,85.38271419621167,0.01,0.008075827109130553,43.8,0.39,62.25450902181548,93.38176353272323,0.5,4,25.906431053775563,69.30148433354441,7.073402162905817,228.16593456528963,1001,10000,Clouds,6,2,3,6,0,0,2,0.0,0.0,68.5993583669154,57.27559256873054,64.45936713196082,3.3333333333333335,52.34615631527084,
2026-06-03T07:00:00+00:00,Karachi,24.8607,67.0011,openweathermap_historical,79.93499306917718,0.01,0.03475321451560404,43.8,0.39,58.070192263717104,87.10528839557566,0.5,5,31.152864790529993,64.40727045222832,6.970549022925144,216.23651749145287,1001,10000,Clouds,7,2,3,6,0,1,2,0.0,0.0,57.95051618044806,57.095662324956216,63.13061963527844,4.333333333333333,49.41713458460198,
2026-06-03T08:00:00+00:00,Karachi,24.8607,67.0011,openweathermap_historical,56.55629956252709,0.01,0.04012785426376738,43.8,0.39,71.71480911696872,107.57221367545309,0.5,4,21.25306014463094,88.61468151113397,5.44064006424604,241.83027933710602,1001,10000,Clouds,8,2,3,6,0,1,2,0.0,0.0,64.01317013416717,64.0372331943318,62.79693355385718,4.333333333333333,58.96836638187811,
2026-06-03T09:00:00+00:00,Karachi,24.8607,67.0011,openweathermap_historical,59.11182156042456,0.01,0.011068728904603944,43.8,0.39,82.25417198733965,123.38125798100947,0.5,3,32.24168280902628,69.64757210379767,7.515088175176537,280.8212613655252,1001,10000,Clouds,9,2,3,6,0,1,2,0.0,0.0,70.67972445600856,69.6395414114619,63.77648198341959,4.0,66.34592039113775,
2026-06-03T10:00:00+00:00,Karachi,24.8607,67.0011,openweathermap_historical,83.94810547184946,0.01,0.05759613017396514,43.8,0.39,49.943962773265895,74.91594415989884,0.5,3,25.49054690658054,66.05103956547606,9.686919645018728,214.74474925868614,1001,10000,Clouds,10,2,3,6,0,0,2,0.0,0.0,67.97098129252483,62.96074873648638,62.520496129695566,3.3333333333333335,43.72877394128613,
2026-06-03T11:00:00+00:00,Karachi,24.8607,67.0011,openweathermap_historical,80.0887939176412,0.01,0.08666526815938422,43.8,0.39,39.48625704045543,59.22938556068314,0.5,3,20.702634583889164,67.14826734345117,7.252637317582224,236.4560770016473,1001,10000,Clouds,11,2,3,6,0,0,2,0.0,0.0,57.22813060035372,60.62065036726039,62.305516995310306,3.0,36.4083799283188,
2026-06-03T12:00:00+00:00,Karachi,24.8607,67.0011,openweathermap_historical,71.32154289344923,0.01,0.023722696064148185,43.8,0.39,62.19173195817829,93.28759793726744,0.5,2,23.86433374617955,53.76071683080315,8.31535757426841,204.84840711213022,1001,10000,Clouds,12,2,3,6,0,0,2,0.0,0.0,50.54065059063327,60.61018752332084,61.765333237984095,2.6666666666666665,52.3022123707248,
2026-06-03T13:00:00+00:00,Karachi,24.8607,67.0011,openweathermap_historical,70.26419591928509,0.01,0.04550559328297172,43.8,0.39,79.83669996330792,119.75504994496188,0.5,3,23.757586280876843,59.831198450279395,4.810024277531376,227.2169525587184,1001,10000,Clouds,13,2,3,6,0,0,2,0.0,0.0,60.504896320647276,64.23793880658599,61.706828763089256,2.6666666666666665,64.65368997431555,
2026-06-03T14:00:00+00:00,Karachi,24.8607,67.0011,openweathermap_historical,78.5443360843075,0.01,0.04147597614025416,43.8,0.39,60.94546928859195,91.41820393288793,0.5,3,23.353276939886175,75.01312431424522,6.6791491104625695,256.3912861130665,1001,10000,Clouds,14,2,3,6,0,0,2,0.0,0.0,67.65796707002612,62.44304883518986,60.871331672504105,2.6666666666666665,51.429828502014374,
2026-06-03T15:00:00+00:00,Karachi,24.8607,67.0011,openweathermap_historical,69.53132458476524,0.01,0.022437618154495822,43.8,0.39,78.217884678925,117.3268270183875,0.5,3,31.7658283688244,59.16732934186968,3.519667735527368,242.22400851202593,1001,10000,Clouds,15,2,3,6,0,0,2,0.0,0.0,73.00001797694169,61.77033428378741,61.99265872204335,3.0,63.52051927524751,
2026-06-03T16:00:00+00:00,Karachi,24.8607,67.0011,openweathermap_historical,68.95354875283087,0.01,0.056287412380536125,43.8,0.39,42.75733187011744,64.13599780517616,0.5,2,28.42908178645551,57.27800655719378,9.296610118433389,207.63175569366166,1001,10000,Clouds,16,2,3,6,0,0,2,0.0,0.0,60.64022861254487,60.572562466596004,60.740365066447474,2.6666666666666665,38.69813230908221,
2026-06-03T17:00:00+00:00,Karachi,24.8607,67.0011,openweathermap_historical,55.438750961442395,0.01,0.05634362643587475,43.8,0.39,96.62227769895131,144.93341654842698,0.5,3,21.540855318410678,57.28926272880098,6.616986602977051,232.40642302513442,1001,10000,Clouds,17,2,3,6,0,1,2,0.0,0.0,72.53249808266465,70.09523257634531,61.387341934686056,2.6666666666666665,76.40359438926592,
2026-06-03T18:00:00+00:00,Karachi,24.8607,67.0011,openweathermap_historical,71.54969471340634,0.01,0.053364164549237224,43.8,0.39,88.58390926850387,132.8758639027558,0.5,2,32.45104217044376,50.87519450810899,11.718750684263384,257.53532159732845,1001,10000,Clouds,18,2,3,6,0,1,2,0.0,0.0,75.98783961252427,74.49392879473292,63.16277477672691,2.3333333333333335,70.77673648795272,
2026-06-03T19:00:00+00:00,Karachi,24.8607,67.0011,openweathermap_historical,76.4071879835756,0.01,0.04506199090563668,43.8,0.39,68.97163141953308,103.45744712929962,0.5,3,26.884345605423263,67.21380170897564,5.841450384188213,248.48859984503392,1001,10000,Clouds,19,2,3,6,0,1,2,0.0,0.0,84.72593946232949,72.6830840374371,64.98937124256098,2.6666666666666665,57.04814199367316,
2026-06-03T20:00:00+00:00,Karachi,24.8607,67.0011,openweathermap_historical,75.6002216238627,0.01,0.04566399205403147,43.8,0.39,61.93890752258923,92.90836128388385,0.5,4,21.132347632218433,66.81144147981958,7.757240963665715,230.7312256487989,1001,10000,Clouds,20,2,3,6,0,1,2,0.0,0.0,73.1648160702088,72.84865707643665,65.2403022249579,3.0,52.125235265812464,
2026-06-03T21:00:00+00:00,Karachi,24.8607,67.0011,openweathermap_historical,78.31464366871553,0.01,0.035299403126190114,43.8,0.39,89.52670566388055,134.29005849582083,0.5,2,25.42851686198351,81.38633765387115,6.602343456079347,224.23289292314684,1001,10000,Clouds,21,2,3,6,0,0,2,0.0,0.0,73.47908153533434,74.73346057392925,66.1712542164173,3.0,71.4366939647164,
2026-06-03T22:00:00+00:00,Karachi,24.8607,67.0011,openweathermap_historical,67.23447910160809,0.01,0.048118896225758226,43.8,0.39,67.94917725763506,101.92376588645259,0.5,3,16.866579474738273,74.04638957308961,7.923212840570863,235.69105846390607,1001,10000,Clouds,22,2,3,6,0,0,2,0.0,0.0,73.13826348136836,78.93210147184885,66.21996203802286,3.0,56.332424080344545,
2026-06-04T10:11:21.560088Z,Karachi,24.8607,67.0011,openweathermap,76.21,0.01,0.04,43.8,0.39,,135.98,0.0,4,31.160000000000025,71.0,7.76,234.0,1001,10000,Clouds,10,3,4,6,0,0,2,0.0,0.0,,,,,,
2026-06-04T10:15:23.610484Z,Karachi,24.8607,67.0011,openweathermap,76.21,0.01,0.04,43.8,0.39,27.2,135.98,0.0,4,31.160000000000025,71.0,7.76,234.0,1001,10000,Clouds,10,3,4,6,0,0,2,0.0,0.0,,,,,46.844,
2026-06-04T10:16:25.496859Z,Karachi,24.8607,67.0011,openweathermap,76.21,0.01,0.04,43.8,0.39,27.2,135.98,0.0,4,31.160000000000025,71.0,7.76,234.0,1001,10000,Clouds,10,3,4,6,0,0,2,0.0,0.0,,,,,46.844,
2026-06-04T18:52:03.108957Z,Karachi,24.8607,67.0011,openweathermap,78.9,0,0.07,49.9,0.45,31.9,150.22,0,4,28.379999999999995,84,7.14,261,1001,10000,Clouds,18,3,4,6,0,1,2,0.0,0.0,,,,,52.798,
2026-06-04T20:54:57.091024Z,Karachi,24.8607,67.0011,openweathermap,79.21,0,0.07,50.39,0.46,31.42,143.87,0,4,28.25,83,6.63,260,1001,10000,Clouds,20,3,4,6,0,1,2,0.0,0.0,,,,,51.434000000000005,
2026-06-04T22:17:32.316968Z,Karachi,24.8607,67.0011,openweathermap,79.32,0,0.06,50.75,0.46,31.04,140,0,4,27.950000000000045,85,6.38,264,1000,10000,Clouds,22,3,4,6,0,0,2,0.0,0.0,,,,,50.577999999999996,
2026-06-05T00:00:33.550448Z,Karachi,24.8607,67.0011,openweathermap,79.45,0,0.07,51.21,0.46,29.88,131.02,0,4,28.129999999999995,82,6.11,260,1001,10000,Clouds,0,4,5,6,0,0,2,0.0,0.0,,,,,48.412000000000006,
2026-06-05T04:18:50.887593Z,Karachi,24.8607,67.0011,openweathermap,77.76,0.01,0.07,48.21,0.44,26.87,116.56,0,4,29.600000000000023,76,6.91,252,1003,10000,Clouds,4,4,5,6,0,0,2,0.0,0.0,,,,,43.71600000000001,
2026-06-05T08:39:59.469776Z,Karachi,24.8607,67.0011,openweathermap,76.85,0.01,0.04,44.85,0.38,26.14,110.49,0,4,31.620000000000005,70,6.43,244,1002,10000,Clouds,8,4,5,6,0,1,2,0.0,0.0,,,,,41.532000000000004,
2026-06-05T11:57:32.138720Z,Karachi,24.8607,67.0011,openweathermap,77.08,0.01,0.05,44.1,0.35,26.28,108.79,0,4,30.57000000000005,75,6.84,229,1000,10000,Clouds,11,4,5,6,0,0,2,0.0,0.0,,,,,41.1,
2026-06-05T14:45:11.070881Z,Karachi,24.8607,67.0011,openweathermap,77.74,0,0.08,45.46,0.35,27.58,116.88,0,4,28.840000000000032,84,6.07,224,1001,10000,Clear,14,4,5,6,0,0,2,0.0,0.0,,,,,43.516,
2026-06-05T17:09:06.404125Z,Karachi,24.8607,67.0011,openweathermap,78.95,0,0.08,48.45,0.36,29.39,122.03,0,4,28.510000000000048,85,6.1,246,1002,10000,Clear,17,4,5,6,0,1,2,0.0,0.0,,,,,45.86800000000001,
2026-06-05T19:44:13.727215Z,Karachi,24.8607,67.0011,openweathermap,79.97,0,0.07,49.83,0.39,33.36,146.51,0,4,28.090000000000032,86,5.97,248,1003,10000,Clouds,19,4,5,6,0,1,2,0.0,0.0,,,,,52.626000000000005,
2026-06-05T21:18:58.428945Z,Karachi,24.8607,67.0011,openweathermap,80.69,0,0.07,50.5,0.4,34.5,153.34,0,4,28.07000000000005,86,5.54,248,1002,10000,Clouds,21,4,5,6,0,0,2,0.0,0.0,,,,,54.58200000000001,
2026-06-05T23:00:06.449581Z,Karachi,24.8607,67.0011,openweathermap,82.88,0,0.06,54.77,0.4,36.71,158.67,0,4,27.900000000000034,86,6,247,1002,10000,Clouds,23,4,5,6,0,0,2,0.0,0.0,,,,,57.384,
2026-06-06T00:12:03.434755Z,Karachi,24.8607,67.0011,openweathermap,83.41,0,0.06,56.19,0.4,37.05,158.12,0,4,27.960000000000036,82,5.66,250,1003,10000,Clouds,0,5,6,6,1,0,2,0.0,0.0,,,,,57.694,
2026-06-06T04:48:52.049558Z,Karachi,24.8607,67.0011,openweathermap,79.47,0.01,0.05,51.99,0.42,31.03,136.11,0,4,30.08000000000004,74,7.13,256,1005,10000,Clouds,4,5,6,6,1,0,2,0.0,0.0,,,,,50.04200000000001,
2026-06-06T07:42:20.532563Z,Karachi,24.8607,67.0011,openweathermap,77.6,0.01,0.04,49.37,0.39,27.14,120.19,0,4,31.220000000000027,70,7.16,246,1004,10000,Clear,7,5,6,6,1,1,2,0.0,0.0,,,,,44.77600000000001,
2026-06-06T09:56:36.703752Z,Karachi,24.8607,67.0011,openweathermap,76.79,0.01,0.04,46.89,0.38,25.08,110.7,0,4,31.170000000000016,71,7.68,236,1003,10000,Clear,9,5,6,6,1,1,2,0.0,0.0,,,,,41.558,
2026-06-06T11:21:49.484320Z,Karachi,24.8607,67.0011,openweathermap,76.2,0.01,0.04,45.94,0.37,24.13,106,0,4,30.77000000000004,73,7.93,233,1002,10000,Clear,11,5,6,6,1,0,2,0.0,0.0,,,,,40.048,
2026-06-06T13:13:45.142569Z,Karachi,24.8607,67.0011,openweathermap,77.54,0.01,0.05,49.17,0.36,23.15,96.33,0,3,29.730000000000018,79,8.7,223,1002,10000,Clear,13,5,6,6,1,0,2,0.0,0.0,,,,,38.370000000000005,
2026-06-06T15:07:59.165997Z,Karachi,24.8607,67.0011,openweathermap,79.36,0,0.07,52.77,0.37,23.73,97.74,0,3,28.840000000000032,85,6.24,243,1003,10000,Clear,15,5,6,6,1,0,2,0.0,0.0,,,,,39.608000000000004,
2026-06-06T17:02:54.670338Z,Karachi,24.8607,67.0011,openweathermap,80.7,0,0.07,53.67,0.4,29.94,131.86,0,4,28.850000000000023,84,6.09,246,1004,10000,Clouds,17,5,6,6,1,1,2,0.0,0.0,,,,,49.09600000000001,
2026-06-06T19:08:23.324927Z,Karachi,24.8607,67.0011,openweathermap,81.82,0,0.07,53.25,0.44,45.32,209.3,0,5,28.870000000000005,80,6.6,252,1004,10000,Clouds,19,5,6,6,1,1,2,0.0,0.0,,,,,70.65200000000002,
2026-06-06T20:56:33.963191Z,Karachi,24.8607,67.0011,openweathermap,82.63,0,0.06,54.28,0.45,55.69,256.06,0,5,28.700000000000045,80,7.13,252,1003,10000,Clouds,20,5,6,6,1,1,2,0.0,0.0,,,,,84.356,
2026-06-06T22:00:20.255239Z,Karachi,24.8607,67.0011,openweathermap,82.62,0,0.06,54.74,0.45,56.18,256.26,0,5,28.470000000000027,81,7.09,257,1003,10000,Clouds,22,5,6,6,1,0,2,0.0,0.0,,,,,84.684,
2026-06-06T23:08:53.735630Z,Karachi,24.8607,67.0011,openweathermap,82.1,0,0.06,54.93,0.45,54.09,243.15,0,5,28.860000000000014,77,7.44,263,1003,10000,Clouds,23,5,6,6,1,0,2,0.0,0.0,,,,,81.26400000000001,
2026-06-07T02:46:39.894309Z,Karachi,24.8607,67.0011,openweathermap,76.17,0,0.07,52.09,0.44,36.02,162.36,0,4,29.350000000000023,76,7.55,264,1005,10000,Clouds,2,6,7,6,1,0,2,0.0,0.0,,,,,57.312000000000005,
2026-06-07T07:01:15.884365Z,Karachi,24.8607,67.0011,openweathermap,74.44,0.01,0.04,50.89,0.42,28.86,132.6,0,4,31.05000000000001,75,8.13,256,1004,10000,Clouds,7,6,7,6,1,1,2,0.0,0.0,,,,,48.25,
2026-06-07T10:23:25.096107Z,Karachi,24.8607,67.0011,openweathermap,74.77,0.01,0.04,47.71,0.4,36.45,197.8,0,4,31.260000000000048,74,8.03,251,1003,10000,Clouds,10,6,7,6,1,0,2,0.0,0.0,,,,,63.690000000000005,
2026-06-07T12:17:43.087032Z,Karachi,24.8607,67.0011,openweathermap,75.79,0.01,0.05,46.89,0.42,53.32,326.24,0,5,30.5,77,8.88,235,1002,10000,Clouds,12,6,7,6,1,0,2,0.0,0.0,,,,,95.96400000000001,
2026-06-07T14:48:28.060589Z,Karachi,24.8607,67.0011,openweathermap,78.73,0,0.08,51.73,0.48,95.52,564.99,0,5,28.890000000000043,85,6.41,253,1003,10000,Clouds,14,6,7,6,1,0,2,0.0,0.0,,,,,161.568,
2026-06-07T16:08:43.817216Z,Karachi,24.8607,67.0011,openweathermap,78.9,0,0.08,52.28,0.51,107.83,630.11,0,5,28.75,86,6.11,240,1004,10000,Clouds,16,6,7,6,1,0,2,0.0,0.0,,,,,179.62599999999998,
2026-06-07T18:00:16.873411Z,Karachi,24.8607,67.0011,openweathermap,79.36,0,0.08,54.47,0.56,113.49,619.82,0,5,28.52000000000004,87,5.98,238,1004,10000,Clouds,18,6,7,6,1,1,2,0.0,0.0,,,,,180.27,
2026-06-07T19:39:45.766438Z,Karachi,24.8607,67.0011,openweathermap,77.72,0,0.07,54.87,0.58,94.77,495.49,0,5,28.430000000000007,87,7.06,244,1003,10000,Clouds,19,6,7,6,1,1,2,0.0,0.0,,,,,147.99400000000003,
2026-06-07T21:03:10.507621Z,Karachi,24.8607,67.0011,openweathermap,76.77,0,0.07,54.28,0.58,84.37,447.46,0,5,28.370000000000005,87,7.71,251,1002,10000,Clouds,21,6,7,6,1,0,2,0.0,0.0,,,,,134.11,
2026-06-07T22:56:51.453845Z,Karachi,24.8607,67.0011,openweathermap,75.51,0,0.08,54.02,0.58,70.06,392.44,0,5,28.629999999999995,84,8.18,261,1002,10000,Clouds,22,6,7,6,1,0,2,0.0,0.0,,,,,117.33200000000001,
2026-06-08T00:03:19.625638Z,Karachi,24.8607,67.0011,openweathermap,74.83,0,0.08,53.39,0.58,63.7,363.65,0,5,28.850000000000023,83,7.83,263,1002,10000,Clouds,0,0,8,6,0,0,2,0.0,0.0,,,,,108.90400000000001,
2026-06-08T05:24:47.598735Z,Karachi,24.8607,67.0011,openweathermap,73.8,0.01,0.07,50.89,0.54,39.99,229.25,0,5,30.450000000000045,79,7.52,254,1004,10000,Clouds,5,0,8,6,0,0,2,0.0,0.0,,,,,72.03800000000001,
2026-06-08T10:21:49.205586Z,Karachi,24.8607,67.0011,openweathermap,72.51,0.01,0.05,44.29,0.48,27.08,139.33,0,4,31.510000000000048,74,7.98,243,1001,10000,Clear,10,0,8,6,0,0,2,0.0,0.0,,,,,47.566,
2026-06-08T14:43:38.219234Z,Karachi,24.8607,67.0011,openweathermap,72.96,0,0.09,49.45,0.51,29.53,134.13,0,4,28.970000000000027,86,6.28,238,1002,10000,Clouds,14,0,8,6,0,0,2,0.0,0.0,,,,,48.54600000000001,
2026-06-08T17:45:54.519051Z,Karachi,24.8607,67.0011,openweathermap,72.53,0,0.1,50.13,0.52,26.91,122.82,0,4,28.77000000000004,85,6.21,230,1002,10000,Clouds,17,0,8,6,0,1,2,0.0,0.0,,,,,45.37400000000001,
2026-06-08T20:04:28.207234Z,Karachi,24.8607,67.0011,openweathermap,71.76,0,0.1,49.45,0.52,25.66,117.7,0,4,28.30000000000001,90,7.51,233,1001,10000,Clouds,20,0,8,6,0,1,2,0.0,0.0,,,,,43.714000000000006,
2026-06-08T22:20:53.830256Z,Karachi,24.8607,67.0011,openweathermap,71.92,0,0.1,49.58,0.52,25.12,118.82,0,4,28.04000000000002,92,7.9,242,1000,10000,Clouds,22,0,8,6,0,0,2,0.0,0.0,,,,,43.748000000000005,
2026-06-08T23:59:19.441122Z,Karachi,24.8607,67.0011,openweathermap,72.15,0,0.1,49.29,0.53,24.46,117.75,0,4,28.08000000000004,92,8.13,251,1001,10000,Clouds,23,0,8,6,0,0,2,0.0,0.0,,,,,43.212,
2026-06-09T03:41:42.346328Z,Karachi,24.8607,67.0011,openweathermap,71.78,0.01,0.09,47.93,0.53,25.91,125.73,0,4,29.99000000000001,81,9.88,263,1002,10000,Clouds,3,1,9,6,0,0,2,0.0,0.0,,,,,45.114000000000004,
2026-06-09T07:40:00.634182Z,Karachi,24.8607,67.0011,openweathermap,71.35,0.01,0.06,46.85,0.48,29.01,135.46,0,4,31.629999999999995,73,9.83,254,1001,10000,Clear,7,1,9,6,0,1,2,0.0,0.0,,,,,48.078,
2026-06-09T10:54:08.667879Z,Karachi,24.8607,67.0011,openweathermap,70.03,0.01,0.05,44.42,0.47,27.67,125.9,0,4,31.170000000000016,76,9.22,244,1000,10000,Clear,10,1,9,6,0,0,2,0.0,0.0,,,,,45.142,
2026-06-09T13:39:57.865212Z,Karachi,24.8607,67.0011,openweathermap,67.84,0,0.08,41.99,0.51,23.51,110.71,0,4,29.430000000000007,85,7.6,236,1000,10000,Clouds,13,1,9,6,0,0,2,0.0,0.0,,,,,39.96,
2026-06-09T16:27:52.877251Z,Karachi,24.8607,67.0011,openweathermap,67.3,0,0.1,42.32,0.53,24.01,111,0,4,28.860000000000014,88,6.57,242,1001,10000,Clouds,16,1,9,6,0,0,2,0.0,0.0,,,,,40.288000000000004,
2026-06-09T19:09:50.280450Z,Karachi,24.8607,67.0011,openweathermap,67.01,0,0.1,44.16,0.56,24.93,113.34,0,4,28.480000000000018,90,7.12,230,1002,10000,Clouds,19,1,9,6,0,1,2,0.0,0.0,,,,,41.492000000000004,
2026-06-09T21:47:26.021858Z,Karachi,24.8607,67.0011,openweathermap,68.21,0,0.1,47.02,0.55,27.01,121.63,0,4,28.189999999999998,92,7.85,243,1000,10000,Clouds,21,1,9,6,0,0,2,0.0,0.0,,,,,44.55400000000001,
2026-06-09T23:14:12.032536Z,Karachi,24.8607,67.0011,openweathermap,68.59,0,0.1,47.68,0.55,27.96,124.46,0,4,28.260000000000048,92,8.23,251,1000,10000,Clouds,23,1,9,6,0,0,2,0.0,0.0,,,,,45.632000000000005,
2026-06-10T02:40:38.511498Z,Karachi,24.8607,67.0011,openweathermap,70.45,0.01,0.1,50.28,0.55,31.13,131.84,0,4,29.410000000000025,84,9.59,266,1002,10000,Clouds,2,2,10,6,0,0,2,0.0,0.0,,,,,48.896,
2026-06-10T07:02:15.187339Z,Karachi,24.8607,67.0011,openweathermap,69.13,0.01,0.06,48.9,0.53,31.48,138.89,0,4,31.53000000000003,75,9.76,264,1001,10000,Clear,7,2,10,6,0,1,2,0.0,0.0,,,,,50.162,
2026-06-10T11:32:52.478153Z,Karachi,24.8607,67.0011,openweathermap,65.45,0.01,0.06,44.59,0.53,27.87,127.9,0,4,31.660000000000025,72,7.69,249,999,10000,Clear,11,2,10,6,0,0,2,0.0,0.0,,,,,45.658,
2026-06-10T14:57:58.857679Z,Karachi,24.8607,67.0011,openweathermap,67.46,0,0.09,47.96,0.54,26.04,120.49,0,4,29.32000000000005,85,9.18,247,999,10000,Clear,14,2,10,6,0,0,2,0.0,0.0,,,,,44.123999999999995,
2026-06-10T17:57:15.834363Z,Karachi,24.8607,67.0011,openweathermap,68.19,0,0.09,48.03,0.56,26.32,116.9,0,4,29.100000000000023,86,6.42,245,1000,10000,Clear,17,2,10,6,0,1,2,0.0,0.0,,,,,43.532000000000004,
2026-06-10T20:25:36.674409Z,Karachi,24.8607,67.0011,openweathermap,67.96,0,0.1,47.26,0.58,26.14,114.23,0,4,28.870000000000005,88,7.65,248,1000,10000,Clouds,20,2,10,6,0,1,2,0.0,0.0,,,,,42.77400000000001,
2026-06-10T22:49:03.460468Z,Karachi,24.8607,67.0011,openweathermap,68.82,0,0.11,47.92,0.6,27.21,116.61,0,4,28.700000000000045,88,8.45,254,999,10000,Clouds,22,2,10,6,0,0,2,0.0,0.0,,,,,43.812000000000005,
2026-06-11T00:11:12.400198Z,Karachi,24.8607,67.0011,openweathermap,69.22,0,0.11,47.82,0.6,27.8,118.55,0,4,28.560000000000002,88,8.97,257,1000,10000,Clouds,0,3,11,6,0,0,2,0.0,0.0,,,,,44.416,
2026-06-11T05:24:00.144928Z,Karachi,24.8607,67.0011,openweathermap,71.39,0.01,0.08,50.67,0.56,31.07,129.81,0,4,32.43000000000001,66,7.71,277,1001,10000,Clear,5,3,11,6,0,0,2,0.0,0.0,,,,,48.54,
2026-06-11T10:10:56.036412Z,Karachi,24.8607,67.0011,openweathermap,72.85,0.01,0.04,49.05,0.5,30.21,123.37,0,4,34.84000000000003,55,7.75,247,998,10000,Clear,10,3,11,6,0,0,2,0.0,0.0,,,,,46.57600000000001,
2026-06-11T14:32:43.100668Z,Karachi,24.8607,67.0011,openweathermap,68.39,0,0.09,41.66,0.52,26.18,113.7,0,4,30.03000000000003,78,8.27,265,999,10000,Clear,14,3,11,6,0,0,2,0.0,0.0,,,,,41.562000000000005,
2026-06-11T18:08:58.552021Z,Karachi,24.8607,67.0011,openweathermap,67.79,0,0.09,41.81,0.54,25.17,113.05,0,4,29.140000000000043,85,8.72,265,1000,10000,Clear,18,3,11,6,0,1,2,0.0,0.0,,,,,41.058,
2026-06-11T21:15:00.306420Z,Karachi,24.8607,67.0011,openweathermap,66.95,0,0.1,41.04,0.58,24.41,115.55,0,4,28.879999999999995,85,9.29,262,999,10000,Clear,21,3,11,6,0,0,2,0.0,0.0,,,,,41.102000000000004,
2026-06-11T23:16:31.923945Z,Karachi,24.8607,67.0011,openweathermap,66.85,0,0.11,41.03,0.6,24.25,113.92,0,4,29.07000000000005,82,8.32,263,999,10000,Clear,23,3,11,6,0,0,2,0.0,0.0,,,,,40.712,
2026-06-12T02:47:05.978469Z,Karachi,24.8607,67.0011,openweathermap,69.56,0.01,0.1,46.49,0.58,24.92,121.59,0,4,29.590000000000032,80,9.62,267,1002,10000,Clear,2,4,12,6,0,0,2,0.0,0.0,,,,,43.604000000000006,
2026-06-12T07:16:36.306591Z,Karachi,24.8607,67.0011,openweathermap,69.79,0.01,0.06,43.49,0.54,25.83,120.28,0,4,31.680000000000007,71,9.56,260,1002,10000,Clear,7,4,12,6,0,1,2,0.0,0.0,,,,,43.098000000000006,
2026-06-12T11:38:09.536602Z,Karachi,24.8607,67.0011,openweathermap,67.82,0.01,0.05,38.95,0.49,23.57,109.31,0,4,31.03000000000003,73,11.3,238,999,10000,Clear,11,4,12,6,0,0,2,0.0,0.0,,,,,39.09,
2026-06-12T14:39:57.361641Z,Karachi,24.8607,67.0011,openweathermap,67.59,0,0.08,39.34,0.51,21.81,105.55,0,4,29.03000000000003,85,7.7,265,1002,10000,Clear,14,4,12,6,0,0,2,0.0,0.0,,,,,37.717999999999996,
2026-06-12T17:33:32.772239Z,Karachi,24.8607,67.0011,openweathermap,66.95,0,0.09,37.76,0.53,20.5,101.94,0,4,28.5,89,8.79,246,1002,10000,Clear,17,4,12,6,0,1,2,0.0,0.0,,,,,36.158,
2026-06-12T19:57:45.627598Z,Karachi,24.8607,67.0011,openweathermap,68.57,0,0.09,39.57,0.53,20.9,103.25,0,4,28.160000000000025,90,8.99,261,1002,10000,Clouds,19,4,12,6,0,1,2,0.0,0.0,,,,,36.942,
2026-06-12T21:42:33.697913Z,Karachi,24.8607,67.0011,openweathermap,69.31,0,0.09,39.59,0.53,21.13,108.44,0,4,28.390000000000043,84,10.7,261,1002,10000,Clouds,21,4,12,6,0,0,2,0.0,0.0,,,,,38.076,
2026-06-12T23:10:02.152857Z,Karachi,24.8607,67.0011,openweathermap,69.78,0,0.09,39.9,0.52,20.93,107.41,0,4,28.140000000000043,84,10.63,261,1002,10000,Clouds,23,4,12,6,0,0,2,0.0,0.0,,,,,37.852000000000004,
2026-06-13T02:39:41.994220Z,Karachi,24.8607,67.0011,openweathermap,70.64,0.01,0.08,42.59,0.49,20.43,106.46,0,4,29.120000000000005,79,10.83,264,1005,10000,Clouds,2,5,13,6,1,0,2,0.0,0.0,,,,,37.998000000000005,
2026-06-13T06:53:14.586698Z,Karachi,24.8607,67.0011,openweathermap,71.38,0.01,0.05,45.2,0.44,20.49,108.89,0,4,30.80000000000001,73,10.38,262,1005,10000,Clear,6,5,13,6,1,0,2,0.0,0.0,,,,,39.02400000000001,
2026-06-13T09:53:21.966286Z,Karachi,24.8607,67.0011,openweathermap,70.21,0.01,0.04,41.7,0.42,18.23,97.77,0,3,30.930000000000007,71,10.02,258,1003,10000,Clear,9,5,13,6,1,1,2,0.0,0.0,,,,,35.194,
2026-06-13T11:49:39.558680Z,Karachi,24.8607,67.0011,openweathermap,70.17,0.01,0.05,41.63,0.41,16.2,86.28,0,3,29.99000000000001,75,10.15,247,1003,10000,Clear,11,5,13,6,1,0,2,0.0,0.0,,,,,32.072,
2026-06-13T13:30:27.077080Z,Karachi,24.8607,67.0011,openweathermap,69.96,0,0.06,41.44,0.41,14.96,78.4,0,3,29.08000000000004,80,8.8,252,1003,10000,Clear,13,5,13,6,1,0,2,0.0,0.0,,,,,29.964000000000002,
2026-06-13T15:27:22.167825Z,Karachi,24.8607,67.0011,openweathermap,70.03,0,0.07,41.76,0.43,15.03,78.49,0,3,28.74000000000001,82,8.32,253,1004,10000,Clear,15,5,13,6,1,0,2,0.0,0.0,,,,,30.076,
2026-06-13T17:14:49.428507Z,Karachi,24.8607,67.0011,openweathermap,70.29,0,0.07,43.28,0.43,14.89,76.58,0,3,28.470000000000027,80,8.21,259,1005,10000,Clear,17,5,13,6,1,1,2,0.0,0.0,,,,,29.942,
2026-06-13T19:12:41.740293Z,Karachi,24.8607,67.0011,openweathermap,70.67,0,0.07,43.96,0.44,14.73,75.14,0,3,28.58000000000004,79,7.66,258,1005,10000,Clouds,19,5,13,6,1,1,2,0.0,0.0,,,,,29.726,
2026-06-13T21:05:33.836785Z,Karachi,24.8607,67.0011,openweathermap,71.3,0,0.07,44.5,0.43,14.67,74.03,0,3,28.370000000000005,81,8.04,259,1004,10000,Clouds,21,5,13,6,1,0,2,0.0,0.0,,,,,29.588,
2026-06-13T22:56:56.800035Z,Karachi,24.8607,67.0011,openweathermap,71.06,0,0.07,43.14,0.43,15.44,74.94,0,3,28.160000000000025,84,7.97,249,1004,10000,Clouds,22,5,13,6,1,0,2,0.0,0.0,,,,,29.806,
2026-06-14T00:02:53.414536Z,Karachi,24.8607,67.0011,openweathermap,70.72,0,0.07,42.22,0.44,15.64,75.28,0,3,28.670000000000016,80,8.01,256,1005,10000,Clouds,0,6,14,6,1,0,2,0.0,0.0,,,,,29.770000000000003,
2026-06-14T05:25:26.671093Z,Karachi,24.8607,67.0011,openweathermap,72.02,0.01,0.05,47.69,0.37,12.65,61.08,0,3,30.010000000000048,73,9.24,258,1007,10000,Clouds,5,6,14,6,1,0,2,0.0,0.0,,,,,26.824000000000005,
2026-06-14T09:21:18.220723Z,Karachi,24.8607,67.0011,openweathermap,70.39,0.01,0.04,43.68,0.35,10.57,53.98,0,3,31.420000000000016,67,10.65,252,1004,10000,Clouds,9,6,14,6,1,1,2,0.0,0.0,,,,,23.768,
2026-06-14T11:50:26.448988Z,Karachi,24.8607,67.0011,openweathermap,69.76,0.01,0.04,42.3,0.36,9.92,50.57,0,3,30.560000000000002,69,10.91,255,1003,10000,Clouds,11,6,14,6,1,0,2,0.0,0.0,,,,,22.549999999999997,
2026-06-14T13:44:34.044194Z,Karachi,24.8607,67.0011,openweathermap,70.01,0,0.05,42.27,0.34,9.46,47.29,0,2,29.52000000000004,76,10.21,237,1003,10000,Clear,13,6,14,6,1,0,2,0.0,0.0,,,,,21.706000000000003,
2026-06-14T15:44:30.188042Z,Karachi,24.8607,67.0011,openweathermap,70.23,0,0.06,42.42,0.36,10.15,50.73,0,3,28.620000000000005,82,9.36,255,1005,10000,Clear,15,6,14,6,1,0,2,0.0,0.0,,,,,22.702,
2026-06-14T17:12:13.662964Z,Karachi,24.8607,67.0011,openweathermap,70.45,0,0.06,42.2,0.38,10.72,54.45,0,3,28.29000000000002,82,9.46,256,1005,10000,Clear,17,6,14,6,1,1,2,0.0,0.0,,,,,23.630000000000003,
2026-06-14T19:13:18.173375Z,Karachi,24.8607,67.0011,openweathermap,70.22,0,0.07,40.79,0.42,12.11,62.46,0,3,28.33000000000004,81,9.19,262,1005,10000,Clear,19,6,14,6,1,1,2,0.0,0.0,,,,,25.508000000000003,
2026-06-14T21:02:24.563787Z,Karachi,24.8607,67.0011,openweathermap,70.96,0,0.07,41.26,0.42,12.52,65.44,0,3,28.439999999999998,78,9.37,260,1003,10000,Clouds,21,6,14,6,1,0,2,0.0,0.0,,,,,26.362000000000002,
2026-06-14T23:01:16.120514Z,Karachi,24.8607,67.0011,openweathermap,71.73,0,0.07,42.28,0.43,13.44,70.92,0,3,28.03000000000003,80,9.5,263,1003,10000,Clouds,23,6,14,6,1,0,2,0.0,0.0,,,,,28.03,
2026-06-15T02:55:49.370706Z,Karachi,24.8607,67.0011,openweathermap,73.65,0,0.07,46.02,0.43,15.13,79.07,0,3,28.870000000000005,77,10.19,263,1005,10000,Clouds,2,0,15,6,0,0,2,0.0,0.0,,,,,31.084,
2026-06-15T08:54:50.911307Z,Karachi,24.8607,67.0011,openweathermap,71.9,0.01,0.04,43.3,0.43,14.83,76.4,0,3,30.27000000000004,73,10.06,252,1003,10000,Clouds,8,0,15,6,0,1,2,0.0,0.0,,,,,29.880000000000003,
2026-06-15T14:59:30.856351Z,Karachi,24.8607,67.0011,openweathermap,71.24,0,0.07,42.93,0.42,14.43,71.21,0,3,29.07000000000005,80,8.73,249,1004,10000,Clear,14,0,15,6,0,0,2,0.0,0.0,,,,,28.613999999999997,
2026-06-15T19:05:21.828175Z,Karachi,24.8607,67.0011,openweathermap,70.35,0,0.07,42.71,0.44,16.85,83.28,0,3,28.460000000000036,81,7.17,267,1004,10000,Clouds,19,0,15,6,0,1,2,0.0,0.0,,,,,31.952000000000005,
2026-06-15T22:12:45.694261Z,Karachi,24.8607,67.0011,openweathermap,72.62,0,0.07,45.97,0.41,17.96,90.37,0,3,28.390000000000043,80,9.09,256,1001,10000,Clouds,22,0,15,6,0,0,2,0.0,0.0,,,,,34.466,
2026-06-16T00:24:57.705825Z,Karachi,24.8607,67.0011,openweathermap,71.77,0,0.07,43.98,0.42,18.65,93.23,0,3,28.27000000000004,81,6.49,248,1003,10000,Clouds,0,1,16,6,0,0,2,0.0,0.0,,,,,34.916,
2026-06-16T06:27:21.613633Z,Karachi,24.8607,67.0011,openweathermap,72.63,0.01,0.06,47.09,0.43,20.2,100.67,0,4,29.5,76,8.42,237,1005,10000,Clouds,6,1,16,6,0,0,2,0.0,0.0,,,,,37.644,
2026-06-16T12:06:25.728498Z,Karachi,24.8607,67.0011,openweathermap,68.91,0.01,0.05,42.91,0.44,20.96,105.03,0,4,30.30000000000001,73,8.14,236,1002,10000,Clouds,12,1,16,6,0,0,2,0.0,0.0,,,,,37.982,
2026-06-16T17:57:44.642143Z,Karachi,24.8607,67.0011,openweathermap,68.57,0,0.07,44.7,0.41,19.02,99.42,0,3,29.03000000000003,78,6.09,254,1006,10000,Clouds,17,1,16,6,0,1,2,0.0,0.0,,,,,36.446,
2026-06-16T20:48:29.578835Z,Karachi,24.8607,67.0011,openweathermap,68.66,0,0.06,43.98,0.38,17.83,89.86,0,3,28.29000000000002,84,8.71,245,1003,10000,Clouds,20,1,16,6,0,1,2,0.0,0.0,,,,,33.912,
2026-06-16T22:50:07.464684Z,Karachi,24.8607,67.0011,openweathermap,68.7,0,0.07,43.11,0.37,17.62,89.51,0,3,28.340000000000032,83,7.67,251,1003,10000,Clouds,22,1,16,6,0,0,2,0.0,0.0,,,,,33.586,
2026-06-17T00:11:48.513882Z,Karachi,24.8607,67.0011,openweathermap,68.33,0,0.07,42.15,0.38,17.61,90.05,0,3,28.450000000000045,82,7.2,259,1003,10000,Clouds,0,2,17,6,0,0,2,0.0,0.0,,,,,33.498000000000005,
2026-06-17T06:03:37.630733Z,Karachi,24.8607,67.0011,openweathermap,70.39,0.01,0.05,43.87,0.37,17.81,86.38,0,3,30.05000000000001,71,7.44,242,1006,10000,Clouds,6,2,17,6,0,0,2,0.0,0.0,,,,,33.184,
2026-06-17T11:30:40.964760Z,Karachi,24.8607,67.0011,openweathermap,71.67,0.01,0.04,43.21,0.32,17.05,79.33,0,3,30.360000000000014,71,8.29,239,1003,10000,Clouds,11,2,17,6,0,0,2,0.0,0.0,,,,,31.336,
2026-06-17T14:55:48.052709Z,Karachi,24.8607,67.0011,openweathermap,70.51,0,0.07,42.88,0.34,17.36,81.49,0,3,28.99000000000001,78,7.64,239,1005,10000,Clear,14,2,17,6,0,0,2,0.0,0.0,,,,,31.831999999999997,
2026-06-17T17:47:17.653629Z,Karachi,24.8607,67.0011,openweathermap,68.31,0,0.07,43.25,0.39,17.1,83.32,0,3,28.470000000000027,80,8.88,257,1005,10000,Clouds,17,2,17,6,0,1,2,0.0,0.0,,,,,32.168,
2026-06-17T20:03:37.135729Z,Karachi,24.8607,67.0011,openweathermap,67.15,0,0.07,41.12,0.37,14.48,70.17,0,3,28.610000000000014,77,6.43,255,1005,10000,Clouds,20,2,17,6,0,1,2,0.0,0.0,,,,,28.064,
2026-06-17T22:41:41.837493Z,Karachi,24.8607,67.0011,openweathermap,69.68,0,0.06,47.32,0.39,15.66,78.75,0,3,28.260000000000048,78,7.95,247,1004,10000,Clouds,22,2,17,6,0,0,2,0.0,0.0,,,,,31.490000000000002,
2026-06-18T00:10:32.417120Z,Karachi,24.8607,67.0011,openweathermap,69.72,0,0.06,47.39,0.39,16.45,83.51,0,3,28.010000000000048,80,7.88,249,1004,10000,Clouds,0,3,18,6,0,0,2,0.0,0.0,,,,,32.772000000000006,
2026-06-18T05:30:46.013821Z,Karachi,24.8607,67.0011,openweathermap,70.9,0.01,0.05,48.27,0.33,15.95,76.33,0,3,30.200000000000045,69,7.66,257,1006,10000,Clouds,5,3,18,6,0,0,2,0.0,0.0,,,,,31.310000000000002,
2026-06-18T10:09:24.842877Z,Karachi,24.8607,67.0011,openweathermap,71.57,0.01,0.04,43.71,0.31,15.9,74.92,0,3,30.79000000000002,67,8.72,239,1004,10000,Clouds,10,3,18,6,0,0,2,0.0,0.0,,,,,30.094,
2026-06-18T13:58:58.550848Z,Karachi,24.8607,67.0011,openweathermap,74.78,0,0.06,48.43,0.31,16.68,72.53,0,3,29.5,73,6.34,245,1004,10000,Clear,13,3,18,6,0,0,2,0.0,0.0,,,,,30.876,
2026-06-18T16:57:31.019202Z,Karachi,24.8607,67.0011,openweathermap,78.41,0,0.06,56.44,0.29,16.38,69.69,0,3,28.77000000000004,77,7.56,245,1005,10000,Clouds,16,3,18,6,0,0,2,0.0,0.0,,,,,31.790000000000003,
2026-06-18T19:25:45.571394Z,Karachi,24.8607,67.0011,openweathermap,76.31,0,0.06,53.62,0.31,16.9,73.28,0,3,28.58000000000004,77,6.28,263,1006,10000,Clouds,19,3,18,6,0,1,2,0.0,0.0,,,,,32.152,
2026-06-18T21:59:58.980880Z,Karachi,24.8607,67.0011,openweathermap,71.82,0,0.06,46.25,0.31,15.21,67.63,0,3,28.04000000000002,79,5.75,243,1004,10000,Clouds,21,3,18,6,0,0,2,0.0,0.0,,,,,28.872,
2026-06-18T23:48:33.654361Z,Karachi,24.8607,67.0011,openweathermap,71.63,0,0.06,47.41,0.28,13.29,60.33,0,3,27.970000000000027,81,6.12,254,1004,10000,Clouds,23,3,18,6,0,0,2,0.0,0.0,,,,,26.876,
2026-06-19T03:34:03.744487Z,Karachi,24.8607,67.0011,openweathermap,70.2,0.01,0.06,46.53,0.3,11.68,55.31,0,3,29.450000000000045,74,7.7,255,1006,10000,Clouds,3,4,19,6,0,0,2,0.0,0.0,,,,,25.052000000000003,
2026-06-19T09:00:46.612423Z,Karachi,24.8607,67.0011,openweathermap,72.41,0.01,0.04,47.56,0.26,11.44,52.33,0,3,30.340000000000032,72,8.47,237,1005,10000,Clouds,9,4,19,6,0,1,2,0.0,0.0,,,,,24.562,
2026-06-19T13:29:36.714717Z,Karachi,24.8607,67.0011,openweathermap,71.28,0.01,0.05,42.81,0.28,12.43,54.91,0,3,29.850000000000023,74,9.32,219,1003,10000,Clouds,13,4,19,6,0,0,2,0.0,0.0,,,,,24.526000000000003,
2026-06-19T16:29:09.398946Z,Karachi,24.8607,67.0011,openweathermap,72.03,0,0.07,43.14,0.28,11.67,49.7,0,2,28.700000000000045,81,7.57,256,1006,10000,Clouds,16,4,19,6,0,0,2,0.0,0.0,,,,,23.25,
2026-06-19T18:29:17.021540Z,Karachi,24.8607,67.0011,openweathermap,73.5,0,0.07,45.85,0.29,11.87,50.82,0,3,28.420000000000016,80,7.25,260,1006,10000,Clouds,18,4,19,6,0,1,2,0.0,0.0,,,,,24.096000000000004,
2026-06-19T20:24:23.466005Z,Karachi,24.8607,67.0011,openweathermap,74.08,0,0.06,47.24,0.3,12.43,52.72,0,3,28.24000000000001,81,6.97,246,1005,10000,Clouds,20,4,19,6,0,1,2,0.0,0.0,,,,,24.976000000000003,
2026-06-19T21:59:41.442605Z,Karachi,24.8607,67.0011,openweathermap,74.07,0,0.06,47.55,0.3,12.9,54.93,0,3,28.150000000000034,79,7.54,244,1005,10000,Clouds,21,4,19,6,0,0,2,0.0,0.0,,,,,25.668,
2026-06-19T23:01:18.736959Z,Karachi,24.8607,67.0011,openweathermap,74.28,0,0.06,48.04,0.3,13.04,55.12,0,3,27.950000000000045,81,7.74,252,1004,10000,Clouds,23,4,19,6,0,0,2,0.0,0.0,,,,,25.860000000000003,
2026-06-20T02:38:13.067146Z,Karachi,24.8607,67.0011,openweathermap,74.88,0.01,0.06,49.17,0.29,12.56,53.38,0,3,28.939999999999998,77,7.97,258,1006,10000,Clouds,2,5,20,6,1,0,2,0.0,0.0,,,,,25.546000000000006,
2026-06-20T06:56:24.210754Z,Karachi,24.8607,67.0011,openweathermap,73.4,0.01,0.04,45.48,0.28,12.1,53.69,0,3,30.07000000000005,72,7.65,247,1006,10000,Clouds,6,5,20,6,1,0,2,0.0,0.0,,,,,24.682,
2026-06-20T09:59:38.288758Z,Karachi,24.8607,67.0011,openweathermap,74.06,0.01,0.03,44.42,0.27,11.89,54.76,0,3,30.629999999999995,70,8.07,242,1004,10000,Clouds,9,5,20,6,1,1,2,0.0,0.0,,,,,24.598,
2026-06-20T11:59:06.598154Z,Karachi,24.8607,67.0011,openweathermap,74.33,0.01,0.04,44.11,0.28,12.97,60.09,0,3,30.08000000000004,72,7.87,231,1004,10000,Clouds,11,5,20,6,1,0,2,0.0,0.0,,,,,26.036,
2026-06-20T14:07:47.920375Z,Karachi,24.8607,67.0011,openweathermap,72.89,0,0.06,41.14,0.29,12.52,54.12,0,3,29.210000000000036,76,8.03,225,1004,10000,Clear,14,5,20,6,1,0,2,0.0,0.0,,,,,24.072000000000003,
2026-06-20T16:13:28.032044Z,Karachi,24.8607,67.0011,openweathermap,73.88,0,0.07,43.49,0.29,12.71,54.63,0,3,28.79000000000002,78,7.44,243,1006,10000,Clouds,16,5,20,6,1,0,2,0.0,0.0,,,,,24.722,
2026-06-20T18:06:39.475322Z,Karachi,24.8607,67.0011,openweathermap,75.94,0,0.06,48.14,0.29,11.97,52.28,0,3,28.49000000000001,78,6.84,252,1007,10000,Clouds,18,5,20,6,1,1,2,0.0,0.0,,,,,24.884,
2026-06-20T20:11:57.390177Z,Karachi,24.8607,67.0011,openweathermap,75.29,0,0.06,49.04,0.3,11.52,50.41,0,3,28.230000000000018,81,6.73,254,1005,10000,Clouds,20,5,20,6,1,1,2,0.0,0.0,,,,,24.51,
2026-06-20T22:01:26.147465Z,Karachi,24.8607,67.0011,openweathermap,73.58,0,0.06,48.09,0.3,11.07,48.61,0,2,28.08000000000004,80,6.96,263,1004,10000,Clouds,22,5,20,6,1,0,2,0.0,0.0,,,,,23.780000000000005,
2026-06-21T00:00:53.281201Z,Karachi,24.8607,67.0011,openweathermap,72.5,0,0.06,47.59,0.28,10.47,44.69,0,2,28.450000000000045,76,6.77,254,1005,10000,Clouds,0,6,21,6,1,0,2,0.0,0.0,,,,,22.656000000000002,
2026-06-21T05:55:27.095721Z,Karachi,24.8607,67.0011,openweathermap,71.58,0.01,0.04,45.26,0.28,10.97,48.31,0,2,30.160000000000025,69,8.27,255,1005,10000,Clouds,5,6,21,6,1,0,2,0.0,0.0,,,,,23.11,
2026-06-21T09:39:04.202015Z,Karachi,24.8607,67.0011,openweathermap,71.5,0.01,0.03,42.59,0.28,11.54,51.9,0,3,30.28000000000003,68,8.4,233,1003,10000,Clouds,9,6,21,6,1,1,2,0.0,0.0,,,,,23.520000000000003,
2026-06-21T12:06:59.213432Z,Karachi,24.8607,67.0011,openweathermap,71.98,0.01,0.04,40.94,0.3,12.64,56.7,0,3,29.960000000000036,69,8.97,231,1002,10000,Clouds,12,6,21,6,1,0,2,0.0,0.0,,,,,24.592,
2026-06-21T15:09:11.605533Z,Karachi,24.8607,67.0011,openweathermap,74.77,0,0.06,43.33,0.29,11.03,46.21,0,2,28.640000000000043,77,8.01,239,1003,10000,Clear,15,6,21,6,1,0,2,0.0,0.0,,,,,22.332,
2026-06-21T17:21:27.659935Z,Karachi,24.8607,67.0011,openweathermap,75.84,0,0.06,44.99,0.3,11.51,49.32,0,2,28.310000000000002,78,8.37,250,1004,10000,Clear,17,6,21,6,1,1,2,0.0,0.0,,,,,23.478,
2026-06-21T19:19:05.438983Z,Karachi,24.8607,67.0011,openweathermap,74.23,0,0.07,44.15,0.33,12.24,53.44,0,3,28.350000000000023,78,7.61,251,1004,10000,Clouds,19,6,21,6,1,1,2,0.0,0.0,,,,,24.428,
2026-06-21T21:06:49.847408Z,Karachi,24.8607,67.0011,openweathermap,73.33,0,0.06,43.65,0.31,11.66,49.35,0,2,28.54000000000002,75,7.61,248,1003,10000,Clouds,21,6,21,6,1,0,2,0.0,0.0,,,,,23.276000000000003,
2026-06-21T23:03:20.914066Z,Karachi,24.8607,67.0011,openweathermap,73.35,0,0.06,45.07,0.31,11.16,47.34,0,2,27.920000000000016,79,8.16,254,1003,10000,Clouds,23,6,21,6,1,0,2,0.0,0.0,,,,,22.958000000000006,
2026-06-22T02:57:11.361695Z,Karachi,24.8607,67.0011,openweathermap,73.17,0.01,0.06,45.59,0.32,11.07,48.37,0,2,28.74000000000001,77,8.02,254,1005,10000,Clouds,2,0,22,6,0,0,2,0.0,0.0,,,,,23.232,
2026-06-22T08:56:09.263224Z,Karachi,24.8607,67.0011,openweathermap,72.68,0.01,0.04,40.76,0.3,12.19,54.92,0,3,30.83000000000004,68,8.85,244,1003,10000,Clouds,8,0,22,6,0,1,2,0.0,0.0,,,,,24.020000000000003,
2026-06-22T14:31:21.749520Z,Karachi,24.8607,67.0011,openweathermap,74.61,0,0.06,42.6,0.29,11.22,48.36,0,2,28.840000000000032,77,7.83,234,1002,10000,Clear,14,0,22,6,0,0,2,0.0,0.0,,,,,22.692,
2026-06-22T18:42:14.595951Z,Karachi,24.8607,67.0011,openweathermap,73.05,0,0.06,44.29,0.32,10.49,45.45,0,2,28.120000000000005,81,7.33,259,1003,10000,Clouds,18,0,22,6,0,1,2,0.0,0.0,,,,,22.156000000000002,
2026-06-22T21:29:30.356028Z,Karachi,24.8607,67.0011,openweathermap,71.57,0,0.06,43.79,0.32,10.67,45.17,0,2,28.03000000000003,78,8.18,265,1003,10000,Clouds,21,0,22,6,0,0,2,0.0,0.0,,,,,22.072000000000003,
2026-06-22T23:17:56.005367Z,Karachi,24.8607,67.0011,openweathermap,70.36,0,0.06,42.92,0.32,10.73,42.5,0,2,27.83000000000004,81,8.12,264,1003,10000,Clouds,23,0,22,6,0,0,2,0.0,0.0,,,,,21.388000000000005,
2026-06-23T02:32:36.294675Z,Karachi,24.8607,67.0011,openweathermap,70.76,0.01,0.07,43.4,0.29,10.16,37.4,0,2,28.900000000000034,76,7.89,259,1004,10000,Clouds,2,1,23,6,0,0,2,0.0,0.0,,,,,20.238,
2026-06-23T06:42:30.136678Z,Karachi,24.8607,67.0011,openweathermap,71.91,0.01,0.04,45.39,0.25,9.78,36.93,0,2,30.79000000000002,67,9.23,259,1003,10000,Clouds,6,1,23,6,0,0,2,0.0,0.0,,,,,20.384,
2026-06-23T10:30:48.256599Z,Karachi,24.8607,67.0011,openweathermap,67.72,0.01,0.04,40.34,0.29,11.12,48.31,0,2,31.0,68,9.38,256,1001,10000,Clouds,10,1,23,6,0,0,2,0.0,0.0,,,,,22.186,
2026-06-23T13:38:51.526116Z,Karachi,24.8607,67.0011,openweathermap,66.82,0,0.06,39.11,0.32,11.04,49.13,0,2,29.03000000000003,76,9.2,248,1001,10000,Clear,13,1,23,6,0,0,2,0.0,0.0,,,,,22.076,
2026-06-23T16:23:16.845876Z,Karachi,24.8607,67.0011,openweathermap,66.35,0,0.07,38.09,0.35,11.43,53.56,0,3,28.29000000000002,81,8.96,250,1002,10000,Clear,16,1,23,6,0,0,2,0.0,0.0,,,,,22.916000000000004,
2026-06-23T19:05:42.817230Z,Karachi,24.8607,67.0011,openweathermap,68.14,0,0.07,38.33,0.36,12.48,59.36,0,3,28.310000000000002,79,8.98,258,1003,10000,Clouds,19,1,23,6,0,1,2,0.0,0.0,,,,,24.544,
2026-06-23T21:26:14.471649Z,Karachi,24.8607,67.0011,openweathermap,69.03,0,0.07,39.39,0.38,14.06,66.57,0,3,27.960000000000036,81,9.13,256,1002,10000,Clouds,21,1,23,6,0,0,2,0.0,0.0,,,,,26.830000000000002,
2026-06-23T23:01:58.625587Z,Karachi,24.8607,67.0011,openweathermap,68.12,0,0.08,38.85,0.4,15.96,69.56,0,3,28.360000000000014,76,8.89,265,1002,10000,Clouds,23,1,23,6,0,0,2,0.0,0.0,,,,,28.081999999999997,
2026-06-24T02:33:16.884802Z,Karachi,24.8607,67.0011,openweathermap,70.71,0.01,0.08,44.02,0.36,15.16,63.74,0,3,28.74000000000001,79,9.89,269,1003,10000,Clouds,2,2,24,6,0,0,2,0.0,0.0,,,,,27.631999999999998,
2026-06-24T06:38:57.353186Z,Karachi,24.8607,67.0011,openweathermap,69.51,0.01,0.05,43.15,0.36,14.73,68,0,3,30.52000000000004,70,9.96,251,1002,10000,Clear,6,2,24,6,0,0,2,0.0,0.0,,,,,28.132000000000005,
2026-06-24T10:15:36.728974Z,Karachi,24.8607,67.0011,openweathermap,69.83,0.01,0.04,41.04,0.37,14.64,71.7,0,3,30.74000000000001,68,10.06,247,1001,10000,Clear,10,2,24,6,0,0,2,0.0,0.0,,,,,28.412,
2026-06-24T13:13:24.192388Z,Karachi,24.8607,67.0011,openweathermap,70.36,0.01,0.05,40.54,0.38,14.49,71.74,0,3,29.390000000000043,75,9.67,248,1000,10000,Clear,13,2,24,6,0,0,2,0.0,0.0,,,,,28.262,
2026-06-24T16:10:59.288799Z,Karachi,24.8607,67.0011,openweathermap,71.62,0,0.07,41.7,0.39,14.87,72.46,0,3,28.27000000000004,79,8.91,251,1002,10000,Clear,16,2,24,6,0,0,2,0.0,0.0,,,,,28.793999999999997,
2026-06-24T18:28:56.160605Z,Karachi,24.8607,67.0011,openweathermap,71.92,0,0.07,42.17,0.41,15.15,73.39,0,3,28.24000000000001,79,7.98,245,1003,10000,Clouds,18,2,24,6,0,1,2,0.0,0.0,,,,,29.186,
2026-06-24T20:29:47.641733Z,Karachi,24.8607,67.0011,openweathermap,71.94,0,0.07,42.92,0.41,15.82,76.67,0,3,28.060000000000002,77,8.43,255,1002,10000,Clouds,20,2,24,6,0,1,2,0.0,0.0,,,,,30.260000000000005,
2026-06-24T22:09:39.749052Z,Karachi,24.8607,67.0011,openweathermap,71.23,0,0.08,42.91,0.41,17.55,84.29,0,3,28.140000000000043,76,8.76,258,1002,10000,Clouds,22,2,24,6,0,0,2,0.0,0.0,,,,,32.476,
2026-06-25T00:01:28.653651Z,Karachi,24.8607,67.0011,openweathermap,71.07,0,0.08,43.91,0.4,18.94,90.66,0,3,28.120000000000005,79,8.49,254,1002,10000,Clouds,0,3,25,6,0,0,2,0.0,0.0,,,,,34.506,
2026-06-25T04:58:15.691406Z,Karachi,24.8607,67.0011,openweathermap,70.47,0.01,0.07,46.86,0.38,17.22,85.69,0,3,30.110000000000014,71,9.03,251,1003,10000,Clouds,4,3,25,6,0,0,2,0.0,0.0,,,,,33.412000000000006,
2026-06-25T08:22:49.656602Z,Karachi,24.8607,67.0011,openweathermap,69.71,0.01,0.04,46.03,0.35,15.01,74.62,0,3,30.660000000000025,70,8.94,247,1003,10000,Clouds,8,3,25,6,0,1,2,0.0,0.0,,,,,30.142000000000003,
2026-06-25T11:33:59.489836Z,Karachi,24.8607,67.0011,openweathermap,68.97,0.01,0.04,43.72,0.36,13.75,68.43,0,3,29.700000000000045,73,8.92,242,1001,10000,Clouds,11,3,25,6,0,0,2,0.0,0.0,,,,,27.938,
2026-06-25T14:08:14.771882Z,Karachi,24.8607,67.0011,openweathermap,69.76,0,0.06,44.44,0.35,13.32,65.57,0,3,28.870000000000005,76,8.49,240,1002,10000,Clear,14,3,25,6,0,0,2,0.0,0.0,,,,,27.342,
2026-06-25T17:05:45.674649Z,Karachi,24.8607,67.0011,openweathermap,70.36,0,0.07,43.22,0.34,12.73,57.79,0,3,28.33000000000004,78,8.17,255,1004,10000,Clouds,17,3,25,6,0,1,2,0.0,0.0,,,,,25.308,
2026-06-25T19:48:18.862606Z,Karachi,24.8607,67.0011,openweathermap,70.99,0,0.07,42.63,0.34,13.72,59.41,0,3,28.180000000000007,77,8.45,263,1004,10000,Clouds,19,3,25,6,0,1,2,0.0,0.0,,,,,25.910000000000004,
2026-06-25T21:24:47.655034Z,Karachi,24.8607,67.0011,openweathermap,71.66,0,0.07,43.65,0.33,13.44,56.83,0,3,28.150000000000034,79,7.37,256,1003,10000,Clouds,21,3,25,6,0,0,2,0.0,0.0,,,,,25.486,
2026-06-25T23:10:20.524893Z,Karachi,24.8607,67.0011,openweathermap,72.52,0,0.07,46.02,0.29,13.22,52.86,0,3,28.400000000000034,76,7.38,264,1003,10000,Clouds,23,3,25,6,0,0,2,0.0,0.0,,,,,25.078000000000003,
2026-06-26T02:37:04.910880Z,Karachi,24.8607,67.0011,openweathermap,71.37,0.01,0.07,46.32,0.28,14.91,59.21,0,3,28.660000000000025,74,7.53,253,1005,10000,Clouds,2,4,26,6,0,0,2,0.0,0.0,,,,,27.084000000000003,
2026-06-26T06:46:45.841643Z,Karachi,24.8607,67.0011,openweathermap,70.47,0.01,0.04,45.39,0.26,13.68,60.72,0,3,30.430000000000007,68,6.97,240,1005,10000,Clouds,6,4,26,6,0,0,2,0.0,0.0,,,,,26.701999999999998,
2026-06-26T10:16:46.581202Z,Karachi,24.8607,67.0011,openweathermap,70.03,0.01,0.03,42.36,0.26,12.22,58.25,0,3,30.53000000000003,69,7.66,242,1004,10000,Clear,10,4,26,6,0,0,2,0.0,0.0,,,,,25.016,
2026-06-26T13:05:25.983488Z,Karachi,24.8607,67.0011,openweathermap,69.69,0.01,0.05,40.92,0.27,11.66,56.7,0,3,29.629999999999995,73,7.99,238,1003,10000,Clear,13,4,26,6,0,0,2,0.0,0.0,,,,,24.198000000000004,
2026-06-26T16:09:24.190879Z,Karachi,24.8607,67.0011,openweathermap,70.62,0,0.06,41.81,0.23,10.14,43.67,0,2,28.689999999999998,77,7.13,268,1006,10000,Clouds,16,4,26,6,0,0,2,0.0,0.0,,,,,21.164,
2026-06-26T18:24:53.441052Z,Karachi,24.8607,67.0011,openweathermap,70.87,0,0.06,42.11,0.24,10.46,45.67,0,2,28.560000000000002,76,6.45,252,1006,10000,Clouds,18,4,26,6,0,1,2,0.0,0.0,,,,,21.752000000000002,
2026-06-26T20:28:57.179012Z,Karachi,24.8607,67.0011,openweathermap,70.69,0,0.06,42.01,0.25,10.87,46.32,0,2,28.200000000000045,79,7.55,233,1004,10000,Clear,20,4,26,6,0,1,2,0.0,0.0,,,,,22.026000000000003,
2026-06-26T22:05:14.775909Z,Karachi,24.8607,67.0011,openweathermap,71.17,0,0.06,42.56,0.23,10.74,43.81,0,2,28.060000000000002,80,6.57,254,1003,10000,Clear,22,4,26,6,0,0,2,0.0,0.0,,,,,21.582,
2026-06-26T23:57:42.632414Z,Karachi,24.8607,67.0011,openweathermap,72.19,0,0.06,43.69,0.23,11.3,44.77,0,2,28.03000000000003,81,6.44,261,1004,10000,Clear,23,4,26,6,0,0,2,0.0,0.0,,,,,22.224,
2026-06-27T02:54:12.156576Z,Karachi,24.8607,67.0011,openweathermap,73.59,0,0.06,45.36,0.22,11.59,44.39,0,2,28.80000000000001,76,6.99,251,1005,10000,Clear,2,5,27,6,1,0,2,0.0,0.0,,,,,22.598,
2026-06-27T06:24:42.653049Z,Karachi,24.8607,67.0011,openweathermap,74.5,0.01,0.04,45.98,0.19,12.79,47.66,0,2,30.220000000000027,71,7.36,255,1005,10000,Clouds,6,5,27,6,1,0,2,0.0,0.0,,,,,23.851999999999997,
2026-06-27T09:24:44.056744Z,Karachi,24.8607,67.0011,openweathermap,73.73,0.01,0.03,43.53,0.18,13.95,53.34,0,3,30.879999999999995,68,7.38,252,1004,10000,Clouds,9,5,27,6,1,1,2,0.0,0.0,,,,,24.96,
2026-06-27T11:22:38.182430Z,Karachi,24.8607,67.0011,openweathermap,72.42,0.01,0.03,41.52,0.19,14.25,56.53,0,3,30.480000000000018,69,7.89,253,1003,10000,Clouds,11,5,27,6,1,0,2,0.0,0.0,,,,,25.316000000000003,
2026-06-27T13:16:02.951942Z,Karachi,24.8607,67.0011,openweathermap,73.15,0,0.04,42.71,0.17,12.47,48.49,0,2,29.77000000000004,71,7.37,243,1003,10000,Clear,13,5,27,6,1,0,2,0.0,0.0,,,,,23.235999999999997,
2026-06-27T15:10:04.284555Z,Karachi,24.8607,67.0011,openweathermap,72.89,0,0.06,43.55,0.18,11.13,43.25,0,2,29.129999999999995,76,6.83,239,1003,10000,Clear,15,5,27,6,1,0,2,0.0,0.0,,,,,21.823999999999998,
2026-06-27T17:00:44.615582Z,Karachi,24.8607,67.0011,openweathermap,72.5,0,0.06,44.17,0.19,10.27,38.45,0,2,28.77000000000004,78,7.12,259,1005,10000,Clear,17,5,27,6,1,1,2,0.0,0.0,,,,,20.644000000000005,
2026-06-27T19:06:45.079323Z,Karachi,24.8607,67.0011,openweathermap,71.55,0,0.06,43.39,0.21,10.79,38.85,0,2,28.590000000000032,79,6.7,262,1004,10000,Clouds,19,5,27,6,1,1,2,0.0,0.0,,,,,20.776000000000003,
2026-06-27T20:53:07.221044Z,Karachi,24.8607,67.0011,openweathermap,71.67,0,0.06,43.66,0.21,10.34,36.17,0,2,28.24000000000001,80,7.08,265,1003,10000,Clear,20,5,27,6,1,1,2,0.0,0.0,,,,,20.114,
2026-06-27T21:57:00.068608Z,Karachi,24.8607,67.0011,openweathermap,71.88,0,0.06,43.61,0.21,10.48,36.09,0,2,28.160000000000025,81,7.12,264,1002,10000,Clear,21,5,27,6,1,0,2,0.0,0.0,,,,,20.144,
2026-06-27T22:59:36.302036Z,Karachi,24.8607,67.0011,openweathermap,72.22,0,0.05,43.79,0.21,10.54,35.53,0,2,28.090000000000032,81,7.19,266,1002,10000,Clear,22,5,27,6,1,0,2,0.0,0.0,,,,,20.090000000000003,
2026-06-28T00:05:46.417177Z,Karachi,24.8607,67.0011,openweathermap,72.68,0,0.05,44.07,0.21,10.63,35.58,0,2,28.02000000000004,81,7.75,262,1002,10000,Clouds,0,6,28,6,1,0,2,0.0,0.0,,,,,20.192,
2026-06-28T05:12:32.368824Z,Karachi,24.8607,67.0011,openweathermap,74.63,0.01,0.04,46.02,0.22,11.84,39.19,0,2,29.810000000000002,71,8.74,262,1004,10000,Clouds,5,6,28,6,1,0,2,0.0,0.0,,,,,21.786,
2026-06-28T08:42:30.006562Z,Karachi,24.8607,67.0011,openweathermap,75.77,0.01,0.03,44.64,0.22,12.81,42.17,0,2,30.840000000000032,67,8.64,252,1002,10000,Clouds,8,6,28,6,1,1,2,0.0,0.0,,,,,22.492000000000004,
2026-06-28T11:00:40.797812Z,Karachi,24.8607,67.0011,openweathermap,74.89,0.01,0.03,42.4,0.23,14.04,48.52,0,2,30.75,68,8.18,248,1002,10000,Clouds,11,6,28,6,1,0,2,0.0,0.0,,,,,23.806,
2026-06-28T12:19:01.500204Z,Karachi,24.8607,67.0011,openweathermap,74.09,0.01,0.04,41.5,0.25,14.39,51.74,0,3,30.310000000000002,70,8.1,251,1001,10000,Clouds,12,6,28,6,1,0,2,0.0,0.0,,,,,24.412,
2026-06-28T14:44:12.083765Z,Karachi,24.8607,67.0011,openweathermap,73.72,0,0.06,43.24,0.24,11.42,43.64,0,2,29.25,75,7.81,245,1002,10000,Clouds,14,6,28,6,1,0,2,0.0,0.0,,,,,21.956000000000003,
2026-06-28T16:04:24.906058Z,Karachi,24.8607,67.0011,openweathermap,73.76,0,0.06,43.41,0.24,10.64,40.56,0,2,29.05000000000001,76,7.83,256,1003,10000,Clouds,16,6,28,6,1,0,2,0.0,0.0,,,,,21.062,
2026-06-28T18:00:23.733577Z,Karachi,24.8607,67.0011,openweathermap,74.39,0,0.06,43.78,0.25,10.06,38.81,0,2,28.850000000000023,77,7.24,260,1003,10000,Clouds,18,6,28,6,1,1,2,0.0,0.0,,,,,20.554000000000002,
2026-06-28T19:37:37.188150Z,Karachi,24.8607,67.0011,openweathermap,74.39,0,0.06,43.68,0.26,9.73,38.04,0,2,28.28000000000003,78,7.83,255,1002,10000,Clear,19,6,28,6,1,1,2,0.0,0.0,,,,,20.248,
2026-06-28T20:53:49.158391Z,Karachi,24.8607,67.0011,openweathermap,74.45,0,0.06,43.76,0.26,9.59,37.63,0,2,28.04000000000002,79,8.08,262,1002,10000,Clear,20,6,28,6,1,1,2,0.0,0.0,,,,,20.126000000000005,
2026-06-28T21:56:35.280423Z,Karachi,24.8607,67.0011,openweathermap,74.54,0,0.06,43.83,0.26,9.51,36.09,0,2,27.970000000000027,79,8.02,262,1002,10000,Clouds,21,6,28,6,1,0,2,0.0,0.0,,,,,19.800000000000004,
2026-06-28T22:58:30.406869Z,Karachi,24.8607,67.0011,openweathermap,74.85,0,0.06,43.96,0.25,9.5,34.14,0,2,28.07000000000005,78,8.19,260,1001,10000,Clouds,22,6,28,6,1,0,2,0.0,0.0,,,,,19.432000000000002,
2026-06-29T00:10:32.777689Z,Karachi,24.8607,67.0011,openweathermap,75.08,0,0.06,44.03,0.25,9.58,32.89,0,2,27.970000000000027,78,8.24,259,1002,10000,Clouds,0,0,29,6,0,0,2,0.0,0.0,,,,,19.228,
2026-06-29T05:24:59.008373Z,Karachi,24.8607,67.0011,openweathermap,76.3,0.01,0.05,44.72,0.26,11.57,38.84,0,2,29.730000000000018,71,8.39,249,1003,10000,Clouds,5,0,29,6,0,0,2,0.0,0.0,,,,,21.35,
2026-06-29T10:26:55.592695Z,Karachi,24.8607,67.0011,openweathermap,73.7,0.01,0.04,41.7,0.29,15.03,59.49,0,3,30.55000000000001,69,9.03,247,1001,10000,Clouds,10,0,29,6,0,0,2,0.0,0.0,,,,,26.258000000000003,
2026-06-29T14:43:53.737532Z,Karachi,24.8607,67.0011,openweathermap,73.15,0,0.06,42.36,0.27,11.4,43.52,0,2,28.970000000000027,73,8.97,245,1001,10000,Clouds,14,0,29,6,0,0,2,0.0,0.0,,,,,21.748,
2026-06-29T17:30:16.554379Z,Karachi,24.8607,67.0011,openweathermap,74.59,0,0.06,44.2,0.27,10.22,39.84,0,2,28.230000000000018,79,8.37,233,1002,10000,Clouds,17,0,29,6,0,1,2,0.0,0.0,,,,,20.908,
2026-06-29T19:46:03.495876Z,Karachi,24.8607,67.0011,openweathermap,75.22,0,0.06,44.13,0.28,10.52,40.13,0,2,28.04000000000002,81,8.54,256,1001,10000,Clear,19,0,29,6,0,1,2,0.0,0.0,,,,,21.072000000000003,
2026-06-29T21:19:02.342310Z,Karachi,24.8607,67.0011,openweathermap,75.52,0,0.06,44.16,0.28,10.59,40.06,0,2,27.920000000000016,82,8.79,257,1001,10000,Clear,21,0,29,6,0,0,2,0.0,0.0,,,,,21.092,
2026-06-29T22:49:17.903335Z,Karachi,24.8607,67.0011,openweathermap,76.12,0,0.06,44.79,0.27,10.86,38.44,0,2,27.860000000000014,81,8.99,259,1000,10000,Clouds,22,0,29,6,0,0,2,0.0,0.0,,,,,21.002000000000002,
2026-06-29T23:56:32.657875Z,Karachi,24.8607,67.0011,openweathermap,76.53,0,0.06,45.6,0.27,11.23,38.19,0,2,27.900000000000034,82,8.48,260,1001,10000,Clouds,23,0,29,6,0,0,2,0.0,0.0,,,,,21.262,
2026-06-30T02:49:30.471443Z,Karachi,24.8607,67.0011,openweathermap,77.61,0.01,0.07,48.32,0.28,12.92,42.77,0,2,28.77000000000004,75,8.89,257,1002,10000,Clouds,2,1,30,6,0,0,2,0.0,0.0,,,,,23.400000000000002,
2026-06-30T06:50:54.459751Z,Karachi,24.8607,67.0011,openweathermap,75.13,0.01,0.04,47.14,0.3,13.7,50.72,0,3,30.470000000000027,69,9.23,253,1001,10000,Clouds,6,1,30,6,0,0,2,0.0,0.0,,,,,25.060000000000002,
2026-06-30T10:27:53.612645Z,Karachi,24.8607,67.0011,openweathermap,73.28,0.01,0.04,44.16,0.32,12.98,52.13,0,3,30.80000000000001,69,9.12,246,1000,10000,Clouds,10,1,30,6,0,0,2,0.0,0.0,,,,,24.458,
2026-06-30T13:06:00.175258Z,Karachi,24.8607,67.0011,openweathermap,72.68,0.01,0.05,42.75,0.34,13.42,56.54,0,3,29.689999999999998,74,9.75,241,1000,10000,Clouds,13,1,30,6,0,0,2,0.0,0.0,,,,,25.236000000000004,
2026-06-30T16:17:58.165130Z,Karachi,24.8607,67.0011,openweathermap,72.74,0,0.07,43.53,0.35,14.92,59.06,0,3,28.879999999999995,77,9.11,242,1001,10000,Clouds,16,1,30,6,0,0,2,0.0,0.0,,,,,26.5,
2026-06-30T18:30:21.100458Z,Karachi,24.8607,67.0011,openweathermap,72.97,0,0.07,44.77,0.38,17.56,69.59,0,3,28.53000000000003,81,8.25,259,1001,10000,Clouds,18,1,30,6,0,1,2,0.0,0.0,,,,,29.91,
2026-06-30T20:53:04.483106Z,Karachi,24.8607,67.0011,openweathermap,73.78,0,0.08,47.54,0.41,21.56,88.36,0,3,28.400000000000034,81,8.47,254,1000,10000,Clouds,20,1,30,6,0,1,2,0.0,0.0,,,,,35.82,
2026-06-30T22:11:02.132954Z,Karachi,24.8607,67.0011,openweathermap,73.43,0,0.08,47.47,0.41,21.97,90.4,0,3,28.29000000000002,82,8.63,258,1000,10000,Clouds,22,1,30,6,0,0,2,0.0,0.0,,,,,36.378,
2026-07-01T00:00:24.134914Z,Karachi,24.8607,67.0011,openweathermap,72.1,0,0.08,46.3,0.4,21.08,86.8,0,3,28.33000000000004,82,8,255,999,10000,Clouds,0,2,1,7,0,0,2,0.0,0.0,,,,,35.068,
2026-07-01T04:21:52.577712Z,Karachi,24.8607,67.0011,openweathermap,70.09,0.01,0.07,43.95,0.44,21.62,92.91,0,3,29.49000000000001,75,9.04,253,1001,10000,Clouds,4,2,1,7,0,0,2,0.0,0.0,,,,,36.034000000000006,
2026-07-01T08:45:42.428990Z,Karachi,24.8607,67.0011,openweathermap,68.15,0.01,0.05,42.28,0.48,22.16,101.44,0,4,30.390000000000043,72,8.18,245,999,10000,Clouds,8,2,1,7,0,1,2,0.0,0.0,,,,,37.618,
2026-07-01T11:54:19.699895Z,Karachi,24.8607,67.0011,openweathermap,67.27,0.01,0.05,40.41,0.49,21.99,101.69,0,4,30.08000000000004,73,8.08,239,998,10000,Clouds,11,2,1,7,0,0,2,0.0,0.0,,,,,37.226,
2026-07-01T14:14:10.703028Z,Karachi,24.8607,67.0011,openweathermap,68.22,0,0.07,39.96,0.42,19.42,78.71,0,3,29.129999999999995,78,8.26,231,998,10000,Clouds,14,2,1,7,0,0,2,0.0,0.0,,,,,31.516,
2026-07-01T17:08:43.549409Z,Karachi,24.8607,67.0011,openweathermap,68.42,0,0.08,39.56,0.44,18.65,77.14,0,3,28.810000000000002,79,8.24,255,1001,10000,Clouds,17,2,1,7,0,1,2,0.0,0.0,,,,,30.816000000000003,
2026-07-01T19:42:17.703934Z,Karachi,24.8607,67.0011,openweathermap,67.06,0,0.1,38.13,0.48,20.72,89.25,0,3,28.370000000000005,81,8.06,261,1000,10000,Clouds,19,2,1,7,0,1,2,0.0,0.0,,,,,33.784000000000006,
2026-07-01T21:20:40.469436Z,Karachi,24.8607,67.0011,openweathermap,66.43,0,0.1,37.65,0.48,21.05,89.66,0,3,28.379999999999995,81,7.57,260,999,10000,Clouds,21,2,1,7,0,0,2,0.0,0.0,,,,,33.901999999999994,
2026-07-01T23:05:14.104160Z,Karachi,24.8607,67.0011,openweathermap,66.54,0,0.09,39.14,0.47,20.16,79.14,0,3,28.210000000000036,83,6.62,254,998,10000,Clouds,23,2,1,7,0,0,2,0.0,0.0,,,,,31.738000000000003,
2026-07-02T02:33:16.517475Z,Karachi,24.8607,67.0011,openweathermap,68.6,0,0.08,44.15,0.41,17.2,64.82,0,3,29.060000000000002,77,7.3,253,1001,10000,Clouds,2,3,2,7,0,0,2,0.0,0.0,,,,,28.689999999999998,
2026-07-02T06:33:24.792830Z,Karachi,24.8607,67.0011,openweathermap,69.58,0.01,0.05,46.56,0.42,18.45,75.54,0,3,30.560000000000002,71,7.36,251,1001,10000,Clouds,6,3,2,7,0,0,2,0.0,0.0,,,,,31.810000000000006,
2026-07-02T09:54:54.229436Z,Karachi,24.8607,67.0011,openweathermap,69.87,0.01,0.05,45.64,0.41,18.32,76.77,0,3,30.57000000000005,71,7.64,244,999,10000,Clouds,9,3,2,7,0,1,2,0.0,0.0,,,,,31.82,
2026-07-02T12:04:41.823572Z,Karachi,24.8607,67.0011,openweathermap,69.34,0.01,0.06,44.48,0.44,18.96,85.16,0,3,30.090000000000032,73,7.01,240,999,10000,Clouds,12,3,2,7,0,0,2,0.0,0.0,,,,,33.524,
2026-07-02T15:08:15.968798Z,Karachi,24.8607,67.0011,openweathermap,71.27,0,0.07,46.34,0.4,16.79,68.16,0,3,29.54000000000002,76,7.06,263,1002,10000,Clouds,15,3,2,7,0,0,2,0.0,0.0,,,,,29.63,
2026-07-02T17:32:10.009774Z,Karachi,24.8607,67.0011,openweathermap,71.26,0,0.08,45.56,0.43,17.55,77.57,0,3,29.07000000000005,77,7.16,243,1002,10000,Clouds,17,3,2,7,0,1,2,0.0,0.0,,,,,31.662,
2026-07-02T19:12:41.194591Z,Karachi,24.8607,67.0011,openweathermap,71.53,0,0.08,45.59,0.43,17.54,78.83,0,3,29.060000000000002,78,7.18,251,1002,10000,Clouds,19,3,2,7,0,1,2,0.0,0.0,,,,,31.915999999999997,
2026-07-02T20:57:09.210071Z,Karachi,24.8607,67.0011,openweathermap,71.8,0,0.08,45.51,0.44,17.64,81.08,0,3,28.55000000000001,80,5.85,242,1000,10000,Clouds,20,3,2,7,0,1,2,0.0,0.0,,,,,32.39,
2026-07-02T22:04:16.726642Z,Karachi,24.8607,67.0011,openweathermap,71.3,0,0.08,44.89,0.46,17.89,79.01,0,3,28.310000000000002,81,5.84,239,1000,10000,Clouds,22,3,2,7,0,0,2,0.0,0.0,,,,,31.951999999999998,
2026-07-02T23:57:59.134667Z,Karachi,24.8607,67.0011,openweathermap,69.98,0,0.08,43.86,0.45,17.89,72.51,0,3,28.07000000000005,83,6.2,263,1001,10000,Clouds,23,3,2,7,0,0,2,0.0,0.0,,,,,30.445999999999998,
2026-07-03T02:49:06.250399Z,Karachi,24.8607,67.0011,openweathermap,69.84,0.01,0.08,45.16,0.42,16.99,63.38,0,3,28.720000000000027,80,7.37,264,1003,10000,Clouds,2,4,3,7,0,0,2,0.0,0.0,,,,,28.52,
2026-07-03T06:24:08.405193Z,Karachi,24.8607,67.0011,openweathermap,70.37,0.01,0.05,47.34,0.41,17.33,70.25,0,3,30.010000000000048,75,7.52,253,1003,10000,Clouds,6,4,3,7,0,0,2,0.0,0.0,,,,,30.46,
2026-07-03T09:51:41.194841Z,Karachi,24.8607,67.0011,openweathermap,69.82,0.01,0.04,44.34,0.44,19.59,89.8,0,3,30.28000000000003,74,7.92,249,1001,10000,Clouds,9,4,3,7,0,1,2,0.0,0.0,,,,,34.672,
2026-07-03T12:02:39.711046Z,Karachi,24.8607,67.0011,openweathermap,69.37,0.01,0.05,42.64,0.45,20,92.69,0,3,30.140000000000043,73,7.74,249,1000,10000,Clouds,12,4,3,7,0,0,2,0.0,0.0,,,,,35.076,
2026-07-03T15:03:50.039043Z,Karachi,24.8607,67.0011,openweathermap,70.34,0,0.08,42.89,0.42,20.29,91.24,0,3,28.58000000000004,82,7.27,247,1001,10000,Clouds,15,4,3,7,0,0,2,0.0,0.0,,,,,34.958,
2026-07-03T17:16:01.629788Z,Karachi,24.8607,67.0011,openweathermap,70.81,0,0.08,44.11,0.42,19.45,85.2,0,3,28.390000000000043,82,6.83,259,1003,10000,Clouds,17,4,3,7,0,1,2,0.0,0.0,,,,,33.658,
2026-07-03T19:06:00.813410Z,Karachi,24.8607,67.0011,openweathermap,69.18,0,0.09,42.4,0.46,19.3,82.08,0,3,28.090000000000032,84,9.44,254,1003,10000,Clouds,19,4,3,7,0,1,2,0.0,0.0,,,,,32.634,
2026-07-03T20:55:22.660465Z,Karachi,24.8607,67.0011,openweathermap,68.52,0,0.09,41.81,0.47,19.49,79.6,0,3,28.010000000000048,83,7.51,257,1002,10000,Clouds,20,4,3,7,0,1,2,0.0,0.0,,,,,32.096000000000004,
2026-07-03T21:59:20.387639Z,Karachi,24.8607,67.0011,openweathermap,68.31,0,0.09,41.81,0.47,19.84,83.19,0,3,27.890000000000043,84,8.01,253,1001,10000,Clouds,21,4,3,7,0,0,2,0.0,0.0,,,,,32.954,
2026-07-03T23:06:46.809165Z,Karachi,24.8607,67.0011,openweathermap,68.07,0,0.1,41.76,0.48,20.01,86.24,0,3,27.83000000000004,83,7.76,250,1000,10000,Clouds,23,4,3,7,0,0,2,0.0,0.0,,,,,33.624,
2026-07-04T02:06:43.468693Z,Karachi,24.8607,67.0011,openweathermap,67.93,0,0.1,42.92,0.49,20.9,91.71,0,3,27.860000000000014,83,8.65,264,1001,10000,Clouds,2,5,4,7,1,0,2,0.0,0.0,,,,,35.306,
2026-07-04T06:12:44.067000Z,Karachi,24.8607,67.0011,openweathermap,67.48,0.01,0.07,43.98,0.51,24.75,122.93,0,4,29.560000000000002,78,8.57,268,1001,10000,Clouds,6,5,4,7,1,0,2,0.0,0.0,,,,,43.29600000000001,
2026-07-04T09:15:25.556004Z,Karachi,24.8607,67.0011,openweathermap,69.06,0.01,0.05,45.71,0.46,25.99,128.93,0,4,30.360000000000014,74,8.13,256,999,10000,Clouds,9,5,4,7,1,1,2,0.0,0.0,,,,,45.334,
2026-07-04T11:19:57.818775Z,Karachi,24.8607,67.0011,openweathermap,69.02,0.01,0.05,43.82,0.47,25.95,130.61,0,4,30.07000000000005,75,7.44,248,998,10000,Clouds,11,5,4,7,1,0,2,0.0,0.0,,,,,45.276,
2026-07-04T13:05:09.503808Z,Karachi,24.8607,67.0011,openweathermap,67.52,0.01,0.08,40.39,0.52,26,133.38,0,4,28.960000000000036,80,8.47,229,997,10000,Clouds,13,5,4,7,1,0,2,0.0,0.0,,,,,45.17,
2026-07-04T14:59:27.686132Z,Karachi,24.8607,67.0011,openweathermap,67.24,0,0.1,38.21,0.51,22.93,115.96,0,4,28.170000000000016,83,7.93,242,998,10000,Clouds,14,5,4,7,1,0,2,0.0,0.0,,,,,40.02600000000001,
2026-07-04T16:05:30.567821Z,Karachi,24.8607,67.0011,openweathermap,66.92,0,0.1,37.26,0.53,23.05,113.82,0,4,28.120000000000005,83,8.45,243,999,10000,Clouds,16,5,4,7,1,0,2,0.0,0.0,,,,,39.456,
2026-07-04T17:58:13.352530Z,Karachi,24.8607,67.0011,openweathermap,66.48,0,0.11,36.54,0.56,23.98,116.63,0,4,28.090000000000032,83,8.06,259,1000,10000,Clouds,17,5,4,7,1,1,2,0.0,0.0,,,,,40.248,
2026-07-04T19:11:12.030715Z,Karachi,24.8607,67.0011,openweathermap,66.71,0,0.11,37.34,0.55,24.74,121.07,0,4,28.05000000000001,82,7.29,263,1000,10000,Clouds,19,5,4,7,1,1,2,0.0,0.0,,,,,41.6,
2026-07-04T20:45:11.784344Z,Karachi,24.8607,67.0011,openweathermap,67.45,0,0.11,39.69,0.54,26.8,130.42,0,4,27.870000000000005,83,6.48,253,999,10000,Clouds,20,5,4,7,1,1,2,0.0,0.0,,,,,44.764,
2026-07-04T21:51:28.633007Z,Karachi,24.8607,67.0011,openweathermap,67.84,0,0.11,40.51,0.55,27.71,138.23,0,4,27.689999999999998,85,7.26,254,998,10000,Clouds,21,5,4,7,1,0,2,0.0,0.0,,,,,46.854,
2026-07-04T22:50:38.647874Z,Karachi,24.8607,67.0011,openweathermap,67.8,0,0.11,40.98,0.56,28.17,144.26,0,4,28.03000000000003,83,7.55,264,998,10000,Clouds,22,5,4,7,1,0,2,0.0,0.0,,,,,48.338,
2026-07-04T23:55:01.540578Z,Karachi,24.8607,67.0011,openweathermap,67.84,0,0.11,41.23,0.57,28.54,148.1,0,4,28.129999999999995,81,7.03,271,999,10000,Clouds,23,5,4,7,1,0,2,0.0,0.0,,,,,49.304,
2026-07-05T02:15:08.066308Z,Karachi,24.8607,67.0011,openweathermap,67.5,0,0.11,41.39,0.59,28.87,151.97,0,4,28.05000000000001,82,7.21,266,999,10000,Clouds,2,6,5,7,1,0,2,0.0,0.0,,,,,50.242000000000004,
2026-07-05T06:32:57.377344Z,Karachi,24.8607,67.0011,openweathermap,67.88,0.01,0.06,42.94,0.58,29.12,149.57,0,4,29.78000000000003,76,5.96,240,999,10000,Clouds,6,6,5,7,1,0,2,0.0,0.0,,,,,50.162000000000006,
2026-07-05T09:36:33.535873Z,Karachi,24.8607,67.0011,openweathermap,67.47,0.01,0.06,41.48,0.57,28.64,145.07,0,4,30.430000000000007,74,7.8,242,998,10000,Clouds,9,6,5,7,1,1,2,0.0,0.0,,,,,48.778,
2026-07-05T11:25:11.735828Z,Karachi,24.8607,67.0011,openweathermap,67.65,0.01,0.06,41.33,0.58,28.69,144.02,0,4,30.230000000000018,75,7.87,239,997,10000,Clouds,11,6,5,7,1,0,2,0.0,0.0,,,,,48.558,
2026-07-05T13:14:08.092823Z,Karachi,24.8607,67.0011,openweathermap,67.64,0.01,0.07,40.83,0.6,28.51,139.68,0,4,29.260000000000048,80,7.05,237,997,10000,Clouds,13,6,5,7,1,0,2,0.0,0.0,,,,,47.52000000000001,
2026-07-05T15:07:21.892049Z,Karachi,24.8607,67.0011,openweathermap,66.39,0,0.11,38.91,0.63,27.24,131.53,0,4,28.49000000000001,83,7.17,246,999,10000,Clouds,15,6,5,7,1,0,2,0.0,0.0,,,,,45.006,
2026-07-05T16:58:59.432219Z,Karachi,24.8607,67.0011,openweathermap,68.29,0,0.11,41.52,0.63,27.98,133.74,0,4,28.210000000000036,83,7.48,249,1000,10000,Clouds,16,6,5,7,1,0,2,0.0,0.0,,,,,46.266000000000005,
2026-07-05T18:04:36.472388Z,Karachi,24.8607,67.0011,openweathermap,69.43,0,0.11,43.08,0.62,28.46,135.55,0,4,28.090000000000032,83,6.12,250,1000,10000,Clouds,18,6,5,7,1,1,2,0.0,0.0,,,,,47.132,
2026-07-05T20:07:53.911506Z,Karachi,24.8607,67.0011,openweathermap,70.11,0,0.11,44.47,0.61,28.59,134.77,0,4,28.04000000000002,84,4.95,245,999,10000,Clouds,20,6,5,7,1,1,2,0.0,0.0,,,,,47.306,
2026-07-05T21:54:24.529080Z,Karachi,24.8607,67.0011,openweathermap,69.65,0,0.11,44.26,0.62,28.3,130.83,0,4,27.720000000000027,85,6.05,259,998,10000,Clouds,21,6,5,7,1,0,2,0.0,0.0,,,,,46.36,
2026-07-05T22:55:16.420121Z,Karachi,24.8607,67.0011,openweathermap,69.6,0,0.11,44.39,0.63,28.25,129.28,0,4,27.760000000000048,84,6.77,264,998,10000,Clouds,22,6,5,7,1,0,2,0.0,0.0,,,,,46.056000000000004,
2026-07-05T23:59:47.166347Z,Karachi,24.8607,67.0011,openweathermap,69.86,0,0.11,44.76,0.62,28.34,128.94,0,4,28.07000000000005,82,7.02,269,998,10000,Clouds,23,6,5,7,1,0,2,0.0,0.0,,,,,46.098,
2026-07-06T03:52:48.884349Z,Karachi,24.8607,67.0011,openweathermap,70.23,0.01,0.1,45.4,0.6,29,131.33,0,4,29.090000000000032,77,6.21,269,1000,10000,Clouds,3,0,6,7,0,0,2,0.0,0.0,,,,,46.96600000000001,
2026-07-06T08:13:04.121617Z,Karachi,24.8607,67.0011,openweathermap,69.12,0.01,0.06,43.05,0.56,28.59,132.17,0,4,30.930000000000007,72,6.63,252,997,10000,Clouds,8,0,6,7,0,1,2,0.0,0.0,,,,,46.492,
2026-07-06T12:39:11.577287Z,Karachi,24.8607,67.0011,openweathermap,68.41,0.01,0.08,39.96,0.59,28.29,128.87,0,4,29.57000000000005,79,7.8,230,995,10000,Clear,12,0,6,7,0,0,2,0.0,0.0,,,,,45.098,
2026-07-06T16:13:49.111421Z,Karachi,24.8607,67.0011,openweathermap,70,0,0.12,40.92,0.63,30,129.66,0,4,28.390000000000043,85,6.29,245,997,10000,Clouds,16,0,6,7,0,0,2,0.0,0.0,,,,,46.14,
2026-07-06T18:51:23.877970Z,Karachi,24.8607,67.0011,openweathermap,71.51,0,0.13,43.44,0.66,31.88,133.76,0,4,27.910000000000025,86,6.08,247,998,10000,Clear,18,0,6,7,0,1,2,0.0,0.0,,,,,48.218,
2026-07-06T20:48:38.953690Z,Karachi,24.8607,67.0011,openweathermap,71.82,0,0.13,44.56,0.67,33.15,134.49,0,4,28.090000000000032,84,4.23,249,997,10000,Clouds,20,0,6,7,0,1,2,0.0,0.0,,,,,49.096000000000004,
2026-07-06T22:08:31.082250Z,Karachi,24.8607,67.0011,openweathermap,71.76,0,0.13,44.84,0.67,33.78,135.33,0,4,27.980000000000018,85,2.54,231,997,10000,Clouds,22,0,6,7,0,0,2,0.0,0.0,,,,,49.57200000000001,
2026-07-07T00:01:04.914299Z,Karachi,24.8607,67.0011,openweathermap,72.13,0,0.13,45.97,0.66,34.67,136.85,0,4,27.810000000000002,86,4.48,249,998,10000,Clouds,0,1,7,7,0,0,2,0.0,0.0,,,,,50.458000000000006,
2026-07-07T04:43:45.220998Z,Karachi,24.8607,67.0011,openweathermap,71.44,0.02,0.1,45.14,0.6,34.89,138.63,0,4,29.5,78,5.15,239,998,10000,Clouds,4,1,7,7,0,0,2,0.0,0.0,,,,,50.730000000000004,
2026-07-07T08:16:37.481695Z,Karachi,24.8607,67.0011,openweathermap,72.6,0.01,0.07,47.19,0.58,34.93,148.28,0,4,30.55000000000001,73,5.66,218,997,10000,Clouds,8,1,7,7,0,1,2,0.0,0.0,,,,,53.080000000000005,
2026-07-07T11:39:51.409903Z,Karachi,24.8607,67.0011,openweathermap,73.31,0.01,0.07,46.1,0.59,34.37,147.64,0,4,29.79000000000002,77,6.7,215,996,10000,Clouds,11,1,7,7,0,0,2,0.0,0.0,,,,,52.51,
2026-07-07T14:11:31.566959Z,Karachi,24.8607,67.0011,openweathermap,75.07,0,0.12,48.22,0.58,35.8,155.03,0,4,29.010000000000048,82,3.99,249,997,10000,Clouds,14,1,7,7,0,0,2,0.0,0.0,,,,,54.994,
2026-07-07T17:07:05.695917Z,Karachi,24.8607,67.0011,openweathermap,76.32,0,0.13,50.99,0.6,35.67,149.28,0,4,28.170000000000016,87,7.42,255,999,10000,Clouds,17,1,7,7,0,1,2,0.0,0.0,,,,,54.348000000000006,
